player_id,name,age,position,sub_position,current_club_name,league,market_value_in_eur,value_juta,total_gol,total_assist,kontribusi,total_menit,jumlah_tampil,value_for_money,kelompok_harga5
3333,James Milner,40.0,Midfield,Central Midfield,Brighton and Hove Albion Football Club,Premier League,500000.0,0.5,1.0,1.0,2.0,1119.0,26.0,4.0,<5jt
7161,Jonas Hofmann,34.0,Midfield,Attacking Midfield,Bayer 04 Leverkusen Fußball,Bundesliga,1500000.0,1.5,6.0,5.0,11.0,1984.0,46.0,7.333333333333333,<5jt
7825,Pepe Reina,44.0,Goalkeeper,Goalkeeper,Calcio Como,Serie A,600000.0,0.6,0.0,0.0,0.0,1215.0,14.0,0.0,<5jt
12282,Daley Blind,36.0,Defender,Centre-Back,Girona Fútbol Club S. A. D.,LaLiga,1200000.0,1.2,0.0,3.0,3.0,5953.0,72.0,2.5,<5jt
14086,Ashley Young,41.0,Defender,Right-Back,Everton Football Club,Premier League,400000.0,0.4,1.0,3.0,4.0,2000.0,35.0,10.0,<5jt
15452,Raúl Albiol,41.0,Defender,Centre-Back,Pisa Sporting Club,Serie A,700000.0,0.7,0.0,1.0,1.0,1772.0,25.0,1.4285714285714286,<5jt
15799,Santi Cazorla,42.0,Midfield,Central Midfield,Real Oviedo S.A.D.,LaLiga,200000.0,0.2,0.0,1.0,1.0,924.0,28.0,5.0,<5jt
15956,Jesús Navas,41.0,Midfield,Right Midfield,Sevilla Fútbol Club S.A.D.,LaLiga,2500000.0,2.5,1.0,0.0,1.0,483.0,16.0,0.4,<5jt
16136,Dante,43.0,Defender,Centre-Back,Olympique Gymnaste Club Nice Côte d'Azur,Ligue 1,500000.0,0.5,0.0,1.0,1.0,3292.0,44.0,2.0,<5jt
16306,Casemiro,34.0,Midfield,Defensive Midfield,Manchester United Football Club,Premier League,6000000.0,6.0,12.0,5.0,17.0,5219.0,75.0,2.8333333333333335,5-10jt
17259,Manuel Neuer,40.0,Goalkeeper,Goalkeeper,FC Bayern München,Bundesliga,4000000.0,4.0,0.0,0.0,0.0,6660.0,77.0,0.0,<5jt
21327,Ron-Robert Zieler,37.0,Goalkeeper,Goalkeeper,1. Fußball-Club Köln,Bundesliga,500000.0,0.5,0.0,0.0,0.0,180.0,2.0,0.0,<5jt
23951,Steve Mandanda,41.0,Goalkeeper,Goalkeeper,Stade Rennais Football Club,Ligue 1,500000.0,0.5,0.0,0.0,0.0,1486.0,18.0,0.0,<5jt
27493,Iván Cuéllar,42.0,Goalkeeper,Goalkeeper,Real Club Deportivo Mallorca S.A.D.,LaLiga,100000.0,0.1,0.0,0.0,0.0,180.0,2.0,0.0,<5jt
27807,Daniele Padelli,41.0,Goalkeeper,Goalkeeper,Udinese Calcio,Serie A,150000.0,0.15,0.0,0.0,0.0,270.0,3.0,0.0,<5jt
27992,Luka Modrić,41.0,Midfield,Central Midfield,Associazione Calcio Milan,Serie A,3500000.0,3.5,6.0,12.0,18.0,5850.0,101.0,5.142857142857143,<5jt
28396,Edin Dzeko,40.0,Attack,Centre-Forward,FC Schalke 04,Bundesliga,1000000.0,1.0,23.0,9.0,32.0,3629.0,65.0,32.0,<5jt
29692,Lukasz Fabianski,41.0,Goalkeeper,Goalkeeper,West Ham United Football Club,Premier League,150000.0,0.15,0.0,0.0,0.0,1341.0,16.0,0.0,<5jt
30321,Óscar Trejo,38.0,Midfield,Attacking Midfield,Rayo Vallecano de Madrid S. A. D.,LaLiga,300000.0,0.3,5.0,2.0,7.0,1364.0,36.0,23.333333333333336,<5jt
31653,Tobias Sippel,38.0,Goalkeeper,Goalkeeper,Borussia Verein für Leibesübungen 1900 Mönchengladbach,Bundesliga,300000.0,0.3,0.0,0.0,0.0,58.0,1.0,0.0,<5jt
32113,Armando Izzo,34.0,Defender,Centre-Back,AC Monza,Serie A,1300000.0,1.3,1.0,1.0,2.0,2756.0,34.0,1.5384615384615383,<5jt
33571,Lorenzo De Silvestri,38.0,Defender,Right-Back,Bologna Football Club 1909,Serie A,600000.0,0.6,1.0,0.0,1.0,1732.0,32.0,1.6666666666666667,<5jt
35047,Axel Witsel,37.0,Midfield,Defensive Midfield,Girona Fútbol Club S. A. D.,LaLiga,1200000.0,1.2,2.0,3.0,5.0,4057.0,55.0,4.166666666666667,<5jt
38253,Robert Lewandowski,38.0,Attack,Centre-Forward,Futbol Club Barcelona,LaLiga,7000000.0,7.0,62.0,7.0,69.0,6477.0,99.0,9.857142857142858,5-10jt
39728,Mats Hummels,38.0,Defender,Centre-Back,Associazione Sportiva Roma,Serie A,2000000.0,2.0,1.0,0.0,1.0,1442.0,21.0,0.5,<5jt
40034,Jens Grahl,38.0,Goalkeeper,Goalkeeper,Eintracht Frankfurt Fußball AG,Bundesliga,200000.0,0.2,0.0,0.0,0.0,90.0,1.0,0.0,<5jt
40433,Alexis Sánchez,38.0,Attack,Second Striker,Sevilla Fútbol Club S.A.D.,LaLiga,1200000.0,1.2,4.0,2.0,6.0,1913.0,45.0,5.0,<5jt
40633,Milan Badelj,37.0,Midfield,Defensive Midfield,Genoa Cricket and Football Club,Serie A,800000.0,0.8,1.0,1.0,2.0,1628.0,25.0,2.5,<5jt
40680,Sven Ulreich,38.0,Goalkeeper,Goalkeeper,FC Bayern München,Bundesliga,500000.0,0.5,0.0,0.0,0.0,225.0,3.0,0.0,<5jt
42205,Yann Sommer,38.0,Goalkeeper,Goalkeeper,Football Club Internazionale Milano S.p.A.,Serie A,2000000.0,2.0,0.0,0.0,0.0,8661.0,96.0,0.0,<5jt
42412,Jonny Evans,38.0,Defender,Centre-Back,Manchester United Football Club,Premier League,2000000.0,2.0,0.0,0.0,0.0,523.0,11.0,0.0,<5jt
43530,Adam Lallana,38.0,Midfield,Attacking Midfield,Southampton FC,Premier League,750000.0,0.75,0.0,2.0,2.0,385.0,16.0,2.6666666666666665,<5jt
43824,Kevin Müller,35.0,Goalkeeper,Goalkeeper,1. Fußballclub Heidenheim 1846,Bundesliga,300000.0,0.3,0.0,0.0,0.0,3120.0,35.0,0.0,<5jt
44058,Wojciech Szczesny,36.0,Goalkeeper,Goalkeeper,Futbol Club Barcelona,LaLiga,800000.0,0.8,0.0,0.0,0.0,3724.0,42.0,0.0,<5jt
45026,Rui Patrício,38.0,Goalkeeper,Goalkeeper,Atalanta Bergamasca Calcio S.p.a.,Serie A,600000.0,0.6,0.0,0.0,0.0,708.0,8.0,0.0,<5jt
45146,Mario Balotelli,36.0,Attack,Centre-Forward,Genoa Cricket and Football Club,Serie A,650000.0,0.65,0.0,0.0,0.0,56.0,6.0,0.0,<5jt
45672,Kevin Trapp,36.0,Goalkeeper,Goalkeeper,Paris Football Club,Ligue 1,1800000.0,1.8,0.0,0.0,0.0,5175.0,58.0,0.0,<5jt
46413,Ante Budimir,35.0,Attack,Centre-Forward,Club Atlético Osasuna,LaLiga,2800000.0,2.8,44.0,4.0,48.0,6320.0,83.0,17.142857142857142,<5jt
46580,Andrej Kramaric,35.0,Midfield,Attacking Midfield,Turn- und Sportgemeinschaft 1899 Hoffenheim Fußball-Spielbetriebs,Bundesliga,2500000.0,2.5,26.0,18.0,44.0,5925.0,77.0,17.6,<5jt
48015,Lukas Hradecky,37.0,Goalkeeper,Goalkeeper,Association sportive de Monaco Football Club,Ligue 1,1500000.0,1.5,0.0,0.0,0.0,4861.0,55.0,0.0,<5jt
49723,Timothy Chandler,36.0,Defender,Right-Back,Eintracht Frankfurt Fußball AG,Bundesliga,350000.0,0.35,0.0,0.0,0.0,32.0,4.0,0.0,<5jt
51471,Mateo Kovacic,32.0,Midfield,Central Midfield,Manchester City Football Club,Premier League,10000000.0,10.0,7.0,4.0,11.0,3051.0,50.0,1.1,5-10jt
52570,Fraser Forster,38.0,Goalkeeper,Goalkeeper,Association Football Club Bournemouth,Premier League,400000.0,0.4,0.0,0.0,0.0,990.0,11.0,0.0,<5jt
53418,Kevin Kampl,36.0,Midfield,Central Midfield,RasenBallsport Leipzig,Bundesliga,3500000.0,3.5,1.0,0.0,1.0,2113.0,34.0,0.2857142857142857,<5jt
54217,Raúl Fernández,38.0,Goalkeeper,Goalkeeper,Deportivo Alavés S. A. D.,LaLiga,100000.0,0.1,0.0,0.0,0.0,450.0,5.0,0.0,<5jt
54906,Matteo Darmian,37.0,Defender,Right-Back,Football Club Internazionale Milano S.p.A.,Serie A,1400000.0,1.4,3.0,2.0,5.0,3384.0,58.0,3.5714285714285716,<5jt
55089,Oliver Baumann,36.0,Goalkeeper,Goalkeeper,Turn- und Sportgemeinschaft 1899 Hoffenheim Fußball-Spielbetriebs,Bundesliga,2500000.0,2.5,0.0,0.0,0.0,6600.0,73.0,0.0,<5jt
55099,Nicolas Höfler,36.0,Midfield,Defensive Midfield,Sport-Club Freiburg,Bundesliga,500000.0,0.5,0.0,1.0,1.0,1279.0,40.0,2.0,<5jt
55735,Henrikh Mkhitaryan,37.0,Midfield,Central Midfield,Football Club Internazionale Milano S.p.A.,Serie A,3000000.0,3.0,5.0,8.0,13.0,5858.0,91.0,4.333333333333333,<5jt
55769,Danilo D'Ambrosio,38.0,Defender,Centre-Back,AC Monza,Serie A,700000.0,0.7,0.0,1.0,1.0,1333.0,23.0,1.4285714285714286,<5jt
57071,Péter Gulácsi,36.0,Goalkeeper,Goalkeeper,RasenBallsport Leipzig,Bundesliga,1000000.0,1.0,0.0,0.0,0.0,5271.0,60.0,0.0,<5jt
57500,César Azpilicueta,37.0,Defender,Centre-Back,Sevilla Fútbol Club S.A.D.,LaLiga,1000000.0,1.0,1.0,1.0,2.0,2500.0,38.0,2.0,<5jt
58864,Pierre-Emerick Aubameyang,37.0,Attack,Centre-Forward,Olympique de Marseille,Ligue 1,2500000.0,2.5,14.0,10.0,24.0,2807.0,41.0,9.6,<5jt
58995,Anthony Jung,35.0,Defender,Centre-Back,Sport-Club Freiburg,Bundesliga,600000.0,0.6,1.0,0.0,1.0,2812.0,47.0,1.6666666666666667,<5jt
59016,David Alaba,34.0,Defender,Centre-Back,Real Madrid Club de Fútbol,LaLiga,3000000.0,3.0,0.0,0.0,0.0,1174.0,30.0,0.0,<5jt
59323,Cristhian Stuani,40.0,Attack,Centre-Forward,Girona Fútbol Club S. A. D.,LaLiga,700000.0,0.7,18.0,3.0,21.0,1963.0,64.0,30.000000000000004,<5jt
59377,David de Gea,36.0,Goalkeeper,Goalkeeper,Associazione Calcio Fiorentina,Serie A,3500000.0,3.5,0.0,1.0,1.0,6870.0,76.0,0.2857142857142857,<5jt
59561,Dani Parejo,37.0,Midfield,Central Midfield,Villarreal Club de Fútbol S.A.D.,LaLiga,1000000.0,1.0,4.0,4.0,8.0,4131.0,80.0,8.0,<5jt
60543,Mathieu Gorgelin,36.0,Goalkeeper,Goalkeeper,Racing Club de Lens,Ligue 1,200000.0,0.2,0.0,0.0,0.0,1530.0,17.0,0.0,<5jt
60561,Anthony Lopes,36.0,Goalkeeper,Goalkeeper,Football Club de Nantes,Ligue 1,900000.0,0.9,0.0,0.0,0.0,4353.0,49.0,0.0,<5jt
61651,Jordan Henderson,36.0,Midfield,Defensive Midfield,Brentford Football Club,Premier League,1200000.0,1.2,2.0,9.0,11.0,5323.0,79.0,9.166666666666668,<5jt
61812,Yuri Berchiche,36.0,Defender,Left-Back,Athletic Club Bilbao,LaLiga,1000000.0,1.0,1.0,10.0,11.0,6483.0,84.0,11.0,<5jt
61841,Adam Smith,35.0,Defender,Right-Back,Association Football Club Bournemouth,Premier League,300000.0,0.3,0.0,2.0,2.0,2902.0,50.0,6.666666666666667,<5jt
62351,Abdoulaye Bamba,36.0,Defender,Centre-Back,Angers Sporting Club de l'Ouest,Ligue 1,200000.0,0.2,0.0,0.0,0.0,1766.0,25.0,0.0,<5jt
63200,Ashley Barnes,37.0,Attack,Centre-Forward,Burnley Football Club,Premier League,150000.0,0.15,2.0,0.0,2.0,251.0,11.0,13.333333333333334,<5jt
64399,Vicente Guaita,39.0,Goalkeeper,Goalkeeper,Real Club Celta de Vigo S. A. D.,LaLiga,400000.0,0.4,0.0,0.0,0.0,3060.0,34.0,0.0,<5jt
64793,Leonardo Pavoletti,38.0,Attack,Centre-Forward,Cagliari Calcio,Serie A,600000.0,0.6,3.0,1.0,4.0,774.0,42.0,6.666666666666667,<5jt
65278,Pedro,39.0,Attack,Right Winger,Società Sportiva Lazio S.p.A.,Serie A,1000000.0,1.0,19.0,7.0,26.0,3131.0,77.0,26.0,<5jt
66100,Oriol Romeu,35.0,Midfield,Defensive Midfield,Girona Fútbol Club S. A. D.,LaLiga,700000.0,0.7,0.0,0.0,0.0,1850.0,32.0,0.0,<5jt
67063,Danny Welbeck,36.0,Attack,Centre-Forward,Brighton and Hove Albion Football Club,Premier League,3000000.0,3.0,25.0,6.0,31.0,4795.0,74.0,10.333333333333334,<5jt
67556,Milan Djuric,36.0,Attack,Centre-Forward,Unione Sportiva Cremonese S.p.A.,Serie A,1000000.0,1.0,5.0,2.0,7.0,2030.0,52.0,7.0,<5jt
68390,Séamus Coleman,38.0,Defender,Right-Back,Everton Football Club,Premier League,200000.0,0.2,0.0,0.0,0.0,470.0,13.0,0.0,<5jt
69633,Christian Eriksen,34.0,Midfield,Attacking Midfield,Verein für Leibesübungen Wolfsburg,Bundesliga,2500000.0,2.5,6.0,15.0,21.0,4101.0,65.0,8.4,<5jt
70411,Darko Lazović,36.0,Midfield,Left Midfield,Verona Hellas Football Club,Serie A,1500000.0,1.5,2.0,3.0,5.0,1601.0,29.0,3.3333333333333335,<5jt
70580,Raffaele Di Gennaro,33.0,Goalkeeper,Goalkeeper,Football Club Internazionale Milano S.p.A.,Serie A,300000.0,0.3,0.0,0.0,0.0,31.0,2.0,0.0,<5jt
71271,Adrián San Miguel,39.0,Goalkeeper,Goalkeeper,Real Betis Balompié S.A.D.,LaLiga,300000.0,0.3,0.0,0.0,0.0,2250.0,25.0,0.0,<5jt
72047,Iago Aspas,39.0,Attack,Centre-Forward,Real Club Celta de Vigo S. A. D.,LaLiga,1600000.0,1.6,19.0,12.0,31.0,3923.0,80.0,19.375,<5jt
72476,Bernd Leno,34.0,Goalkeeper,Goalkeeper,Fulham Football Club,Premier League,6000000.0,6.0,0.0,1.0,1.0,7050.0,78.0,0.16666666666666666,5-10jt
73517,Ørjan Nyland,36.0,Goalkeeper,Goalkeeper,Sevilla Fútbol Club S.A.D.,LaLiga,800000.0,0.8,0.0,0.0,0.0,3484.0,39.0,0.0,<5jt
73564,Jason Steele,36.0,Goalkeeper,Goalkeeper,Brighton and Hove Albion Football Club,Premier League,500000.0,0.5,0.0,0.0,0.0,720.0,8.0,0.0,<5jt
73794,Duván Zapata,35.0,Attack,Centre-Forward,Torino Calcio,Serie A,2500000.0,2.5,7.0,1.0,8.0,1924.0,40.0,3.2,<5jt
73926,Davide Faraoni,35.0,Defender,Right-Back,Verona Hellas Football Club,Serie A,1500000.0,1.5,0.0,0.0,0.0,259.0,9.0,0.0,<5jt
74229,Koke,34.0,Midfield,Central Midfield,Club Atlético de Madrid S.A.D.,LaLiga,5000000.0,5.0,3.0,5.0,8.0,6498.0,104.0,1.6,<5jt
74230,Pablo Sarabia,34.0,Midfield,Attacking Midfield,Wolverhampton Wanderers Football Club,Premier League,4000000.0,4.0,3.0,2.0,5.0,999.0,27.0,1.25,<5jt
74294,Nemanja Gudelj,35.0,Midfield,Defensive Midfield,Sevilla Fútbol Club S.A.D.,LaLiga,2000000.0,2.0,3.0,1.0,4.0,5056.0,69.0,2.0,<5jt
74683,Nemanja Matić,38.0,Midfield,Defensive Midfield,Unione Sportiva Sassuolo Calcio,Serie A,1600000.0,1.6,1.0,2.0,3.0,5123.0,71.0,1.875,<5jt
74810,Ben Mee,37.0,Defender,Centre-Back,Brentford Football Club,Premier League,1000000.0,1.0,0.0,0.0,0.0,271.0,8.0,0.0,<5jt
74842,Mario Götze,34.0,Midfield,Attacking Midfield,Eintracht Frankfurt Fußball AG,Bundesliga,3000000.0,3.0,5.0,5.0,10.0,3695.0,64.0,3.3333333333333335,<5jt
74857,Marc-André ter Stegen,34.0,Goalkeeper,Goalkeeper,Girona Fútbol Club S. A. D.,LaLiga,3000000.0,3.0,0.0,0.0,0.0,1125.0,13.0,0.0,<5jt
74869,Francis Coquelin,35.0,Midfield,Defensive Midfield,Football Club de Nantes,Ligue 1,700000.0,0.7,1.0,2.0,3.0,879.0,22.0,4.285714285714286,<5jt
74960,Martin Dúbravka,37.0,Goalkeeper,Goalkeeper,Burnley Football Club,Premier League,500000.0,0.5,0.0,0.0,0.0,4260.0,47.0,0.0,<5jt
75411,Carlo Pinsoglio,36.0,Goalkeeper,Goalkeeper,Juventus Football Club,Serie A,200000.0,0.2,0.0,0.0,0.0,45.0,1.0,0.0,<5jt
75489,Niclas Füllkrug,33.0,Attack,Centre-Forward,Associazione Calcio Milan,Serie A,3500000.0,3.5,4.0,2.0,6.0,2027.0,50.0,1.7142857142857142,<5jt
75921,Christopher Trimmel,39.0,Defender,Right-Back,1. Fußballclub Union Berlin,Bundesliga,600000.0,0.6,0.0,7.0,7.0,3804.0,58.0,11.666666666666668,<5jt
76158,Alexander Meyer,35.0,Goalkeeper,Goalkeeper,Borussia Dortmund,Bundesliga,500000.0,0.5,0.0,0.0,0.0,315.0,4.0,0.0,<5jt
76274,Christian Gytkjaer,36.0,Attack,Centre-Forward,Venezia FC,Serie A,800000.0,0.8,2.0,1.0,3.0,826.0,30.0,3.75,<5jt
76467,Kiko Femenía,35.0,Defender,Right-Back,Getafe Club de Fútbol S. A. D. Team Dubai,LaLiga,700000.0,0.7,1.0,2.0,3.0,4371.0,58.0,4.285714285714286,<5jt
80293,Aïssa Mandi,35.0,Defender,Centre-Back,Lille Olympique Sporting Club,Ligue 1,1000000.0,1.0,1.0,0.0,1.0,5871.0,76.0,1.0,<5jt
80894,Lukasz Skorupski,35.0,Goalkeeper,Goalkeeper,Bologna Football Club 1909,Serie A,2000000.0,2.0,0.0,0.0,0.0,5759.0,66.0,0.0,<5jt
81173,Janis Blaswich,35.0,Goalkeeper,Goalkeeper,Bayer 04 Leverkusen Fußball,Bundesliga,700000.0,0.7,0.0,0.0,0.0,2301.0,27.0,0.0,<5jt
81512,Christian Kabasele,35.0,Defender,Centre-Back,Udinese Calcio,Serie A,750000.0,0.75,5.0,0.0,5.0,3583.0,50.0,6.666666666666667,<5jt
82009,Kevin Volland,34.0,Midfield,Attacking Midfield,1. Fußballclub Union Berlin,Bundesliga,500000.0,0.5,0.0,0.0,0.0,70.0,5.0,0.0,<5jt
82048,Nicola Sansone,35.0,Attack,Left Winger,Unione Sportiva Lecce,Serie A,400000.0,0.4,0.0,0.0,0.0,61.0,5.0,0.0,<5jt
82350,Stefan Bell,35.0,Defender,Centre-Back,1. Fußball- und Sportverein Mainz 05,Bundesliga,600000.0,0.6,3.0,3.0,6.0,2775.0,41.0,10.0,<5jt
82442,Olivier Giroud,40.0,Attack,Centre-Forward,Lille Olympique Sporting Club,Ligue 1,900000.0,0.9,12.0,1.0,13.0,2346.0,43.0,14.444444444444445,<5jt
82503,Aridane Hernández,37.0,Defender,Centre-Back,Rayo Vallecano de Madrid S. A. D.,LaLiga,800000.0,0.8,0.0,0.0,0.0,1446.0,19.0,0.0,<5jt
82873,Pascal Groß,35.0,Midfield,Central Midfield,Brighton and Hove Albion Football Club,Premier League,2500000.0,2.5,2.0,20.0,22.0,6375.0,87.0,8.8,<5jt
84085,Timothée Kolodziejczak,35.0,Defender,Centre-Back,Paris Football Club,Ligue 1,150000.0,0.15,0.0,0.0,0.0,660.0,11.0,0.0,<5jt
84301,Benjamin André,36.0,Midfield,Defensive Midfield,Lille Olympique Sporting Club,Ligue 1,3000000.0,3.0,4.0,7.0,11.0,6869.0,78.0,3.6666666666666665,<5jt
84435,Kevin Vogt,35.0,Defender,Centre-Back,1. Fußballclub Union Berlin,Bundesliga,400000.0,0.4,1.0,0.0,1.0,1538.0,20.0,2.5,<5jt
84765,Francesco Caputo,39.0,Attack,Centre-Forward,FC Empoli,Serie A,1000000.0,1.0,0.0,0.0,0.0,42.0,3.0,0.0,<5jt
84938,Timo Horn,33.0,Goalkeeper,Goalkeeper,VfL Bochum,Bundesliga,700000.0,0.7,0.0,0.0,0.0,1170.0,13.0,0.0,<5jt
84993,Daniel Heuer Fernandes,34.0,Goalkeeper,Goalkeeper,Hamburger Sport Verein,Bundesliga,1200000.0,1.2,0.0,0.0,0.0,3090.0,34.0,0.0,<5jt
85177,Nathaniel Clyne,35.0,Defender,Right-Back,Crystal Palace Football Club,Premier League,300000.0,0.3,0.0,1.0,1.0,1294.0,28.0,3.3333333333333335,<5jt
85288,Isco,34.0,Midfield,Attacking Midfield,Real Betis Balompié S.A.D.,LaLiga,3500000.0,3.5,11.0,9.0,20.0,1941.0,33.0,5.714285714285714,<5jt
85295,Iván Balliu,34.0,Defender,Right-Back,Rayo Vallecano de Madrid S. A. D.,LaLiga,1000000.0,1.0,0.0,1.0,1.0,2520.0,48.0,1.0,<5jt
85370,Sergi Roberto,34.0,Midfield,Central Midfield,Calcio Como,Serie A,1400000.0,1.4,1.0,1.0,2.0,1493.0,37.0,1.4285714285714286,<5jt
85393,Nicolas Viola,37.0,Midfield,Attacking Midfield,Cagliari Calcio,Serie A,500000.0,0.5,3.0,1.0,4.0,1308.0,28.0,8.0,<5jt
85528,Marco Silvestri,35.0,Goalkeeper,Goalkeeper,Unione Sportiva Cremonese S.p.A.,Serie A,500000.0,0.5,0.0,0.0,0.0,900.0,10.0,0.0,<5jt
85906,Danny da Costa,33.0,Defender,Centre-Back,1. Fußball- und Sportverein Mainz 05,Bundesliga,1200000.0,1.2,2.0,4.0,6.0,4978.0,62.0,5.0,<5jt
85941,Stefan Ortega,34.0,Goalkeeper,Goalkeeper,Nottingham Forest Football Club,Premier League,4000000.0,4.0,0.0,0.0,0.0,2749.0,31.0,0.0,<5jt
86202,Antonio Rüdiger,33.0,Defender,Centre-Back,Real Madrid Club de Fútbol,LaLiga,6000000.0,6.0,4.0,1.0,5.0,6818.0,82.0,0.8333333333333334,5-10jt
86784,Ricardo Rodríguez,34.0,Defender,Left-Back,Real Betis Balompié S.A.D.,LaLiga,1400000.0,1.4,0.0,3.0,3.0,4072.0,58.0,2.142857142857143,<5jt
88647,Andreas Albers,36.0,Attack,Centre-Forward,Fußball-Club St. Pauli von 1910,Bundesliga,350000.0,0.35,1.0,0.0,1.0,56.0,15.0,2.857142857142857,<5jt
88680,Luca Caldirola,35.0,Defender,Centre-Back,AC Monza,Serie A,400000.0,0.4,0.0,0.0,0.0,1159.0,17.0,0.0,<5jt
88682,Mattia De Sciglio,34.0,Defender,Right-Back,FC Empoli,Serie A,1000000.0,1.0,1.0,0.0,1.0,1033.0,19.0,1.0,<5jt
88755,Kevin De Bruyne,35.0,Midfield,Attacking Midfield,Società Sportiva Calcio Napoli,Serie A,8000000.0,8.0,11.0,12.0,23.0,3807.0,62.0,2.875,5-10jt
90317,Daniel Batz,35.0,Goalkeeper,Goalkeeper,1. Fußball- und Sportverein Mainz 05,Bundesliga,350000.0,0.35,0.0,0.0,0.0,1890.0,21.0,0.0,<5jt
91970,Juan Cuadrado,38.0,Midfield,Right Midfield,Pisa Sporting Club,Serie A,800000.0,0.8,1.0,4.0,5.0,1777.0,54.0,6.25,<5jt
92571,Aaron Cresswell,37.0,Defender,Left-Back,West Ham United Football Club,Premier League,450000.0,0.45,0.0,0.0,0.0,836.0,19.0,0.0,<5jt
92572,Joel Ward,37.0,Defender,Right-Back,Crystal Palace Football Club,Premier League,300000.0,0.3,0.0,0.0,0.0,83.0,3.0,0.0,<5jt
93604,Lukas Kübler,34.0,Defender,Right-Back,Sport-Club Freiburg,Bundesliga,1500000.0,1.5,9.0,3.0,12.0,4193.0,64.0,8.0,<5jt
93707,Christian Günter,33.0,Defender,Left-Back,Sport-Club Freiburg,Bundesliga,2000000.0,2.0,2.0,10.0,12.0,5034.0,69.0,6.0,<5jt
93740,Willi Orbán,34.0,Defender,Centre-Back,RasenBallsport Leipzig,Bundesliga,5000000.0,5.0,8.0,3.0,11.0,6704.0,75.0,2.2,<5jt
93827,Steven Skrzybski,34.0,Attack,Centre-Forward,Holstein Kiel,Bundesliga,1300000.0,1.3,6.0,3.0,9.0,1385.0,25.0,6.9230769230769225,<5jt
93844,Leonardo Bittencourt,33.0,Midfield,Central Midfield,Sportverein Werder Bremen von 1899,Bundesliga,900000.0,0.9,2.0,3.0,5.0,1812.0,49.0,5.555555555555555,<5jt
93936,Kike García,37.0,Attack,Centre-Forward,Reial Club Deportiu Espanyol de Barcelona S.A.D.,LaLiga,700000.0,0.7,25.0,1.0,26.0,4498.0,75.0,37.142857142857146,<5jt
94005,Sead Kolasinac,33.0,Defender,Centre-Back,Atalanta Bergamasca Calcio S.p.a.,Serie A,4000000.0,4.0,1.0,4.0,5.0,4517.0,62.0,1.25,<5jt
94030,Denis Thomalla,34.0,Midfield,Attacking Midfield,1. Fußballclub Heidenheim 1846,Bundesliga,225000.0,0.225,0.0,0.0,0.0,174.0,4.0,0.0,<5jt
94192,Patrick Drewes,33.0,Goalkeeper,Goalkeeper,Borussia Dortmund,Bundesliga,300000.0,0.3,0.0,0.0,0.0,1980.0,22.0,0.0,<5jt
94308,Marko Dmitrovic,34.0,Goalkeeper,Goalkeeper,Reial Club Deportiu Espanyol de Barcelona S.A.D.,LaLiga,700000.0,0.7,0.0,0.0,0.0,6210.0,69.0,0.0,<5jt
94529,Stephan El Shaarawy,34.0,Attack,Left Winger,Associazione Sportiva Roma,Serie A,2400000.0,2.4,5.0,9.0,14.0,2550.0,70.0,5.833333333333334,<5jt
95424,Kyle Walker,36.0,Defender,Right-Back,Burnley Football Club,Premier League,1500000.0,1.5,0.0,2.0,2.0,5302.0,70.0,1.3333333333333333,<5jt
95641,Darko Brasanac,34.0,Midfield,Central Midfield,CD Leganés,LaLiga,400000.0,0.4,1.0,3.0,4.0,1952.0,34.0,10.0,<5jt
95736,Leandro Chichizola,36.0,Goalkeeper,Goalkeeper,Parma Calcio 1913,Serie A,400000.0,0.4,0.0,0.0,0.0,180.0,2.0,0.0,<5jt
95810,Kieran Trippier,36.0,Defender,Right-Back,Newcastle United Football Club,Premier League,1500000.0,1.5,0.0,7.0,7.0,4139.0,65.0,4.666666666666667,<5jt
95976,Alex McCarthy,37.0,Goalkeeper,Goalkeeper,Southampton FC,Premier League,300000.0,0.3,0.0,0.0,0.0,540.0,6.0,0.0,<5jt
96254,Pietro Terracciano,36.0,Goalkeeper,Goalkeeper,Associazione Calcio Milan,Serie A,900000.0,0.9,0.0,0.0,0.0,484.0,6.0,0.0,<5jt
96341,Romelu Lukaku,33.0,Attack,Centre-Forward,Società Sportiva Calcio Napoli,Serie A,6000000.0,6.0,15.0,11.0,26.0,2960.0,45.0,4.333333333333333,5-10jt
96533,Youssef El Arabi,39.0,Attack,Centre-Forward,Football Club de Nantes,Ligue 1,100000.0,0.1,3.0,1.0,4.0,938.0,25.0,40.0,<5jt
96718,Óscar de Marcos,37.0,Defender,Right-Back,Athletic Club Bilbao,LaLiga,1500000.0,1.5,1.0,6.0,7.0,2566.0,41.0,4.666666666666667,<5jt
99331,Jannik Vestergaard,34.0,Defender,Centre-Back,Leicester City,Premier League,1000000.0,1.0,0.0,0.0,0.0,1450.0,19.0,0.0,<5jt
99353,Portu,34.0,Attack,Right Winger,Girona Fútbol Club S. A. D.,LaLiga,1200000.0,1.2,1.0,3.0,4.0,1509.0,45.0,3.3333333333333335,<5jt
99397,Karl Darlow,36.0,Goalkeeper,Goalkeeper,Leeds United Association Football Club,Premier League,200000.0,0.2,0.0,0.0,0.0,2160.0,24.0,0.0,<5jt
99523,Nícolas,38.0,Goalkeeper,Goalkeeper,Pisa Sporting Club,Serie A,100000.0,0.1,0.0,0.0,0.0,540.0,6.0,0.0,<5jt
99922,Marc Bartra,35.0,Defender,Centre-Back,Real Betis Balompié S.A.D.,LaLiga,900000.0,0.9,4.0,1.0,5.0,4732.0,61.0,5.555555555555555,<5jt
100986,Thomas Meunier,35.0,Defender,Right-Back,Lille Olympique Sporting Club,Ligue 1,1500000.0,1.5,4.0,4.0,8.0,5398.0,77.0,5.333333333333333,<5jt
102423,Leandro Cabrera,35.0,Defender,Centre-Back,Reial Club Deportiu Espanyol de Barcelona S.A.D.,LaLiga,900000.0,0.9,7.0,2.0,9.0,6200.0,70.0,10.0,<5jt
103565,Wahbi Khazri,35.0,Attack,Left Winger,Montpellier HSC,Ligue 1,600000.0,0.6,1.0,1.0,2.0,1082.0,30.0,3.3333333333333335,<5jt
105470,Alisson,34.0,Goalkeeper,Goalkeeper,Liverpool Football Club,Premier League,15000000.0,15.0,0.0,0.0,0.0,6195.0,69.0,0.0,10-20jt
105521,Ciro Immobile,36.0,Attack,Centre-Forward,Paris Football Club,Ligue 1,1800000.0,1.8,19.0,6.0,25.0,3550.0,60.0,13.88888888888889,<5jt
106270,Florian Kainz,34.0,Midfield,Attacking Midfield,1. Fußball-Club Köln,Bundesliga,1000000.0,1.0,1.0,1.0,2.0,299.0,17.0,2.0,<5jt
106405,Jeffrey Gouweleeuw,35.0,Defender,Centre-Back,Fußball-Club Augsburg 1907,Bundesliga,1000000.0,1.0,1.0,5.0,6.0,4276.0,49.0,6.0,<5jt
106872,Kevin Stöger,33.0,Midfield,Attacking Midfield,Borussia Verein für Leibesübungen 1900 Mönchengladbach,Bundesliga,1800000.0,1.8,4.0,8.0,12.0,3293.0,65.0,6.666666666666666,<5jt
106987,Marcel Sabitzer,32.0,Midfield,Central Midfield,Borussia Dortmund,Bundesliga,6000000.0,6.0,2.0,4.0,6.0,5240.0,78.0,1.0,5-10jt
107219,Leart Paçarada,32.0,Defender,Left-Back,1. Fußballclub Heidenheim 1846,Bundesliga,800000.0,0.8,0.0,0.0,0.0,7.0,1.0,0.0,<5jt
107775,Frederik Rönnow,34.0,Goalkeeper,Goalkeeper,1. Fußballclub Union Berlin,Bundesliga,2000000.0,2.0,0.0,0.0,0.0,5601.0,63.0,0.0,<5jt
108354,Jordan Ayew,35.0,Attack,Centre-Forward,Leicester City,Premier League,1000000.0,1.0,6.0,1.0,7.0,1963.0,37.0,7.0,<5jt
108390,Thibaut Courtois,34.0,Goalkeeper,Goalkeeper,Real Madrid Club de Fútbol,LaLiga,15000000.0,15.0,0.0,2.0,2.0,8898.0,99.0,0.13333333333333333,10-20jt
108725,Chris Wood,35.0,Attack,Centre-Forward,Nottingham Forest Football Club,Premier League,5000000.0,5.0,25.0,3.0,28.0,4278.0,60.0,5.6,<5jt
110036,Dominique Heintz,33.0,Defender,Centre-Back,1. Fußball-Club Köln,Bundesliga,600000.0,0.6,0.0,0.0,0.0,382.0,9.0,0.0,<5jt
110864,Sam Johnstone,33.0,Goalkeeper,Goalkeeper,Wolverhampton Wanderers Football Club,Premier League,2000000.0,2.0,0.0,1.0,1.0,2460.0,27.0,0.5,<5jt
110923,Mattia Perin,34.0,Goalkeeper,Goalkeeper,Juventus Football Club,Serie A,2000000.0,2.0,0.0,0.0,0.0,2040.0,24.0,0.0,<5jt
111038,Dennis Appiah,34.0,Defender,Right-Back,AS Saint-Étienne,Ligue 1,700000.0,0.7,0.0,1.0,1.0,2126.0,29.0,1.4285714285714286,<5jt
111051,Nampalys Mendy,34.0,Midfield,Defensive Midfield,Watford FC,Premier League,700000.0,0.7,0.0,1.0,1.0,681.0,12.0,1.4285714285714286,<5jt
111195,Joël Veltman,34.0,Defender,Right-Back,Brighton and Hove Albion Football Club,Premier League,1500000.0,1.5,1.0,3.0,4.0,3227.0,51.0,2.6666666666666665,<5jt
111196,Stefan de Vrij,34.0,Defender,Centre-Back,Football Club Internazionale Milano S.p.A.,Serie A,3000000.0,3.0,3.0,1.0,4.0,4193.0,60.0,1.3333333333333333,<5jt
111266,Anthony Losilla,40.0,Midfield,Defensive Midfield,VfL Bochum,Bundesliga,500000.0,0.5,0.0,0.0,0.0,1209.0,22.0,0.0,<5jt
111426,Benjamin Siegrist,34.0,Goalkeeper,Goalkeeper,Genoa Cricket and Football Club,Serie A,400000.0,0.4,0.0,0.0,0.0,243.0,3.0,0.0,<5jt
111455,Granit Xhaka,34.0,Midfield,Defensive Midfield,Sunderland Association Football Club,Premier League,8000000.0,8.0,4.0,13.0,17.0,7303.0,86.0,2.125,5-10jt
111508,Allan Nyom,38.0,Defender,Right-Back,Getafe Club de Fútbol S. A. D. Team Dubai,LaLiga,100000.0,0.1,1.0,3.0,4.0,1572.0,38.0,40.0,<5jt
111811,Florent Hanin,36.0,Defender,Left-Back,Angers Sporting Club de l'Ouest,Ligue 1,200000.0,0.2,1.0,2.0,3.0,3540.0,58.0,15.0,<5jt
111873,Emiliano Martínez,34.0,Goalkeeper,Goalkeeper,Aston Villa Football Club,Premier League,12000000.0,12.0,0.0,1.0,1.0,8415.0,96.0,0.08333333333333333,10-20jt
111961,Suso,33.0,Midfield,Attacking Midfield,Sevilla Fútbol Club S.A.D.,LaLiga,4000000.0,4.0,0.0,2.0,2.0,666.0,17.0,0.5,<5jt
112515,Marcos Alonso,36.0,Defender,Centre-Back,Real Club Celta de Vigo S. A. D.,LaLiga,1200000.0,1.2,5.0,0.0,5.0,6618.0,76.0,4.166666666666667,<5jt
112822,Karl-Johan Johnsson,36.0,Goalkeeper,Goalkeeper,Racing Club de Strasbourg Alsace,Ligue 1,200000.0,0.2,0.0,0.0,0.0,409.0,5.0,0.0,<5jt
113707,Rémy Cabella,36.0,Midfield,Attacking Midfield,Football Club de Nantes,Ligue 1,1200000.0,1.2,4.0,6.0,10.0,2723.0,55.0,8.333333333333334,<5jt
115979,Thomas Dähne,32.0,Goalkeeper,Goalkeeper,Holstein Kiel,Bundesliga,350000.0,0.35,0.0,0.0,0.0,810.0,9.0,0.0,<5jt
116088,Marius Bülter,33.0,Attack,Left Winger,1. Fußball-Club Köln,Bundesliga,1800000.0,1.8,13.0,8.0,21.0,3784.0,65.0,11.666666666666666,<5jt
117478,Marnon Busch,32.0,Defender,Right-Back,1. Fußballclub Heidenheim 1846,Bundesliga,1000000.0,1.0,1.0,6.0,7.0,3625.0,57.0,7.0,<5jt
117674,Maximilian Arnold,32.0,Midfield,Central Midfield,Verein für Leibesübungen Wolfsburg,Bundesliga,3000000.0,3.0,4.0,10.0,14.0,4603.0,57.0,4.666666666666667,<5jt
118161,Marius Müller,33.0,Goalkeeper,Goalkeeper,Verein für Leibesübungen Wolfsburg,Bundesliga,700000.0,0.7,0.0,0.0,0.0,654.0,8.0,0.0,<5jt
118284,Jordan Ferri,34.0,Midfield,Central Midfield,Montpellier HSC,Ligue 1,500000.0,0.5,0.0,2.0,2.0,1781.0,25.0,4.0,<5jt
118287,Rachid Ghezzal,34.0,Attack,Right Winger,Olympique Lyonnais,Ligue 1,600000.0,0.6,4.0,3.0,7.0,1713.0,35.0,11.666666666666668,<5jt
118534,Michael Keane,33.0,Defender,Centre-Back,Everton Football Club,Premier League,3000000.0,3.0,6.0,1.0,7.0,4002.0,52.0,2.3333333333333335,<5jt
118689,Leonardo Spinazzola,33.0,Defender,Left-Back,Società Sportiva Calcio Napoli,Serie A,3500000.0,3.5,4.0,6.0,10.0,4371.0,72.0,2.857142857142857,<5jt
118847,Dominik Kohr,32.0,Defender,Centre-Back,1. Fußball- und Sportverein Mainz 05,Bundesliga,2000000.0,2.0,5.0,0.0,5.0,5150.0,63.0,2.5,<5jt
118850,Ivan Ordets,34.0,Defender,Centre-Back,VfL Bochum,Bundesliga,750000.0,0.75,0.0,0.0,0.0,1865.0,22.0,0.0,<5jt
118997,Aitor Fernández,35.0,Goalkeeper,Goalkeeper,Club Atlético Osasuna,LaLiga,500000.0,0.5,0.0,0.0,0.0,1012.0,12.0,0.0,<5jt
119037,Philipp Hofmann,33.0,Attack,Centre-Forward,VfL Bochum,Bundesliga,750000.0,0.75,3.0,4.0,7.0,2378.0,33.0,9.333333333333334,<5jt
119211,Mitchell Weiser,32.0,Defender,Right-Back,Sportverein Werder Bremen von 1899,Bundesliga,3000000.0,3.0,5.0,9.0,14.0,3230.0,36.0,4.666666666666667,<5jt
119277,Yannick Gerhardt,32.0,Midfield,Central Midfield,Verein für Leibesübungen Wolfsburg,Bundesliga,1800000.0,1.8,3.0,2.0,5.0,2781.0,53.0,2.7777777777777777,<5jt
119296,Emre Can,32.0,Defender,Centre-Back,Borussia Dortmund,Bundesliga,3000000.0,3.0,9.0,2.0,11.0,4281.0,62.0,3.6666666666666665,<5jt
120095,José Campaña,33.0,Midfield,Central Midfield,UD Las Palmas,LaLiga,750000.0,0.75,0.0,3.0,3.0,1220.0,26.0,4.0,<5jt
120205,Michael Gregoritsch,32.0,Attack,Centre-Forward,Fußball-Club Augsburg 1907,Bundesliga,1500000.0,1.5,12.0,5.0,17.0,2142.0,54.0,11.333333333333334,<5jt
120629,Alphonse Areola,33.0,Goalkeeper,Goalkeeper,West Ham United Football Club,Premier League,4000000.0,4.0,0.0,1.0,1.0,4509.0,50.0,0.25,<5jt
120705,Juan Carlos,38.0,Goalkeeper,Goalkeeper,Girona Fútbol Club S. A. D.,LaLiga,100000.0,0.1,0.0,0.0,0.0,90.0,1.0,0.0,<5jt
121254,Adam Davies,34.0,Goalkeeper,Goalkeeper,Sheffield United,Premier League,200000.0,0.2,0.0,0.0,0.0,180.0,2.0,0.0,<5jt
121324,John Egan,34.0,Defender,Centre-Back,Hull City,Premier League,1000000.0,1.0,0.0,0.0,0.0,184.0,3.0,0.0,<5jt
121477,Craig Dawson,36.0,Defender,Centre-Back,Wolverhampton Wanderers Football Club,Premier League,900000.0,0.9,0.0,0.0,0.0,1032.0,16.0,0.0,<5jt
121483,Jan Oblak,33.0,Goalkeeper,Goalkeeper,Club Atlético de Madrid S.A.D.,LaLiga,15000000.0,15.0,0.0,1.0,1.0,8400.0,93.0,0.06666666666666667,10-20jt
121686,Cristian Gamboa,37.0,Defender,Right-Back,VfL Bochum,Bundesliga,500000.0,0.5,1.0,0.0,1.0,217.0,12.0,2.0,<5jt
121985,Juan Jesus,35.0,Defender,Centre-Back,Società Sportiva Calcio Napoli,Serie A,1500000.0,1.5,1.0,1.0,2.0,3721.0,53.0,1.3333333333333333,<5jt
122153,Paul Pogba,33.0,Midfield,Central Midfield,Association sportive de Monaco Football Club,Ligue 1,2500000.0,2.5,0.0,0.0,0.0,115.0,6.0,0.0,<5jt
122797,Andy Delort,35.0,Attack,Centre-Forward,Montpellier HSC,Ligue 1,1500000.0,1.5,0.0,0.0,0.0,585.0,9.0,0.0,<5jt
122840,Loïc Nego,35.0,Defender,Right-Back,Le Havre Athletic Club,Ligue 1,500000.0,0.5,0.0,1.0,1.0,4804.0,61.0,2.0,<5jt
123275,Tom Cairney,35.0,Midfield,Central Midfield,Fulham Football Club,Premier League,500000.0,0.5,4.0,1.0,5.0,1893.0,57.0,10.0,<5jt
123551,Sam Morsy,35.0,Midfield,Central Midfield,Ipswich Town,Premier League,400000.0,0.4,1.0,1.0,2.0,2877.0,34.0,5.0,<5jt
123682,Callum Wilson,34.0,Attack,Centre-Forward,West Ham United Football Club,Premier League,4000000.0,4.0,8.0,1.0,9.0,1812.0,55.0,2.25,<5jt
124028,Ismaily,36.0,Defender,Left-Back,Lille Olympique Sporting Club,Ligue 1,700000.0,0.7,0.0,2.0,2.0,1150.0,22.0,2.857142857142857,<5jt
124410,Rani Khedira,32.0,Midfield,Defensive Midfield,1. Fußballclub Union Berlin,Bundesliga,2000000.0,2.0,6.0,3.0,9.0,6042.0,69.0,4.5,<5jt
124419,Odysseas Vlachodimos,32.0,Goalkeeper,Goalkeeper,Sevilla Fútbol Club S.A.D.,LaLiga,3000000.0,3.0,0.0,0.0,0.0,3060.0,34.0,0.0,<5jt
124502,Matthias Ginter,32.0,Defender,Centre-Back,Sport-Club Freiburg,Bundesliga,5000000.0,5.0,8.0,9.0,17.0,7346.0,85.0,3.4,<5jt
124555,Cristiano Biraghi,34.0,Defender,Left-Back,Torino Calcio,Serie A,900000.0,0.9,1.0,1.0,2.0,2400.0,40.0,2.2222222222222223,<5jt
124715,Nikola Maksimović,35.0,Defender,Centre-Back,Montpellier HSC,Ligue 1,450000.0,0.45,0.0,0.0,0.0,584.0,7.0,0.0,<5jt
124884,Marco Bizot,35.0,Goalkeeper,Goalkeeper,Aston Villa Football Club,Premier League,1500000.0,1.5,0.0,0.0,0.0,4860.0,55.0,0.0,<5jt
125103,Marvin Ducksch,32.0,Attack,Centre-Forward,Sportverein Werder Bremen von 1899,Bundesliga,2000000.0,2.0,9.0,11.0,20.0,2732.0,36.0,10.0,<5jt
125714,Mark Flekken,33.0,Goalkeeper,Goalkeeper,Bayer 04 Leverkusen Fußball,Bundesliga,6000000.0,6.0,0.0,2.0,2.0,6336.0,71.0,0.3333333333333333,5-10jt
125781,Antoine Griezmann,35.0,Attack,Second Striker,Club Atlético de Madrid S.A.D.,LaLiga,8000000.0,8.0,31.0,17.0,48.0,6667.0,113.0,6.0,5-10jt
126414,Hakan Çalhanoğlu,32.0,Midfield,Defensive Midfield,Football Club Internazionale Milano S.p.A.,Serie A,16000000.0,16.0,23.0,15.0,38.0,5308.0,78.0,2.375,10-20jt
126552,Loïs Diony,34.0,Attack,Centre-Forward,Angers Sporting Club de l'Ouest,Ligue 1,1500000.0,1.5,0.0,0.0,0.0,20.0,1.0,0.0,<5jt
126557,Jonathan Gradit,34.0,Defender,Centre-Back,Racing Club de Lens,Ligue 1,2500000.0,2.5,0.0,0.0,0.0,3102.0,37.0,0.0,<5jt
126600,Kenny McLean,34.0,Midfield,Central Midfield,Norwich City,Premier League,400000.0,0.4,0.0,0.0,0.0,125.0,3.0,0.0,<5jt
126634,Francesco Rossi,35.0,Goalkeeper,Goalkeeper,Atalanta Bergamasca Calcio S.p.a.,Serie A,100000.0,0.1,0.0,0.0,0.0,16.0,2.0,0.0,<5jt
126664,Lucas Digne,33.0,Defender,Left-Back,Aston Villa Football Club,Premier League,6000000.0,6.0,0.0,14.0,14.0,6035.0,88.0,2.3333333333333335,5-10jt
126665,Idrissa Gueye,37.0,Midfield,Defensive Midfield,Everton Football Club,Premier League,500000.0,0.5,2.0,6.0,8.0,6029.0,72.0,16.0,<5jt
126719,Juan Bernat,33.0,Defender,Left-Back,Getafe Club de Fútbol S. A. D. Team Dubai,LaLiga,1500000.0,1.5,0.0,2.0,2.0,1132.0,27.0,1.3333333333333333,<5jt
126729,Patric,33.0,Defender,Centre-Back,Società Sportiva Lazio S.p.A.,Serie A,1500000.0,1.5,1.0,0.0,1.0,1849.0,33.0,0.6666666666666666,<5jt
126737,Juanmi,33.0,Attack,Left Winger,Getafe Club de Fútbol S. A. D. Team Dubai,LaLiga,1000000.0,1.0,6.0,2.0,8.0,1567.0,40.0,8.0,<5jt
126751,Iñigo Ruiz de Galarreta,33.0,Midfield,Central Midfield,Athletic Club Bilbao,LaLiga,2000000.0,2.0,1.0,7.0,8.0,5282.0,87.0,4.0,<5jt
127048,Cédric Bakambu,35.0,Attack,Centre-Forward,Real Betis Balompié S.A.D.,LaLiga,1200000.0,1.2,8.0,5.0,13.0,2256.0,58.0,10.833333333333334,<5jt
127076,Jérôme Roussillon,33.0,Defender,Left-Back,1. Fußballclub Union Berlin,Bundesliga,600000.0,0.6,0.0,0.0,0.0,131.0,7.0,0.0,<5jt
127108,Florian Lejeune,35.0,Defender,Centre-Back,Rayo Vallecano de Madrid S. A. D.,LaLiga,1800000.0,1.8,4.0,4.0,8.0,7114.0,80.0,4.444444444444445,<5jt
127142,Jonas Martin,36.0,Midfield,Defensive Midfield,Stade brestois 29,Ligue 1,300000.0,0.3,1.0,0.0,1.0,566.0,22.0,3.3333333333333335,<5jt
127156,Téji Savanier,35.0,Midfield,Attacking Midfield,Montpellier HSC,Ligue 1,9000000.0,9.0,2.0,5.0,7.0,2339.0,31.0,0.7777777777777778,5-10jt
127160,Benjamin Stambouli,36.0,Midfield,Defensive Midfield,Football Club de Metz,Ligue 1,250000.0,0.25,0.0,0.0,0.0,960.0,19.0,0.0,<5jt
127181,Benjamin Lecomte,35.0,Goalkeeper,Goalkeeper,Fulham Football Club,Premier League,800000.0,0.8,0.0,0.0,0.0,3303.0,37.0,0.0,<5jt
127188,Maxime Dupé,33.0,Goalkeeper,Goalkeeper,Olympique Gymnaste Club Nice Côte d'Azur,Ligue 1,700000.0,0.7,0.0,0.0,0.0,1080.0,12.0,0.0,<5jt
127189,Geoffrey Kondogbia,33.0,Midfield,Defensive Midfield,Olympique de Marseille,Ligue 1,3000000.0,3.0,0.0,0.0,0.0,2927.0,40.0,0.0,<5jt
127202,Matz Sels,34.0,Goalkeeper,Goalkeeper,Nottingham Forest Football Club,Premier League,3500000.0,3.5,0.0,0.0,0.0,7138.0,80.0,0.0,<5jt
127573,Phillipp Mwene,32.0,Defender,Left-Back,1. Fußball- und Sportverein Mainz 05,Bundesliga,1500000.0,1.5,2.0,10.0,12.0,5079.0,66.0,8.0,<5jt
128223,Álvaro Morata,34.0,Attack,Centre-Forward,Calcio Como,Serie A,6000000.0,6.0,13.0,8.0,21.0,3370.0,69.0,3.5,5-10jt
128901,Conor Coady,33.0,Defender,Centre-Back,Leicester City,Premier League,1500000.0,1.5,1.0,0.0,1.0,1822.0,24.0,0.6666666666666666,<5jt
128969,Mathew Ryan,34.0,Goalkeeper,Goalkeeper,Levante Unión Deportiva S.A.D.,LaLiga,1800000.0,1.8,0.0,0.0,0.0,4590.0,51.0,0.0,<5jt
129444,David López,37.0,Defender,Centre-Back,Girona Fútbol Club S. A. D.,LaLiga,600000.0,0.6,2.0,1.0,3.0,3186.0,42.0,5.0,<5jt
129674,Jeremy Toljan,32.0,Defender,Right-Back,Levante Unión Deportiva S.A.D.,LaLiga,2000000.0,2.0,1.0,4.0,5.0,3221.0,40.0,2.5,<5jt
130164,Jordan Pickford,32.0,Goalkeeper,Goalkeeper,Everton Football Club,Premier League,13000000.0,13.0,0.0,1.0,1.0,7140.0,79.0,0.07692307692307693,10-20jt
130360,Simone Verdi,34.0,Midfield,Attacking Midfield,Calcio Como,Serie A,500000.0,0.5,0.0,0.0,0.0,120.0,10.0,0.0,<5jt
130365,Alessandro Florenzi,35.0,Defender,Right-Back,Associazione Calcio Milan,Serie A,2000000.0,2.0,0.0,1.0,1.0,94.0,2.0,0.5,<5jt
130394,Gianluca Lapadula,36.0,Attack,Centre-Forward,Spezia Calcio,Serie A,400000.0,0.4,2.0,0.0,2.0,511.0,16.0,5.0,<5jt
131075,Francesco Acerbi,38.0,Defender,Centre-Back,Football Club Internazionale Milano S.p.A.,Serie A,2000000.0,2.0,1.0,2.0,3.0,4784.0,62.0,1.5,<5jt
131225,Nicolás Tagliafico,34.0,Defender,Left-Back,Olympique Lyonnais,Ligue 1,4000000.0,4.0,5.0,6.0,11.0,4522.0,61.0,2.75,<5jt
131758,Jesse Joronen,33.0,Goalkeeper,Goalkeeper,Palermo FC,Serie A,500000.0,0.5,0.0,0.0,0.0,882.0,10.0,0.0,<5jt
131978,Ross Barkley,33.0,Midfield,Central Midfield,Aston Villa Football Club,Premier League,4000000.0,4.0,7.0,2.0,9.0,1656.0,51.0,2.25,<5jt
131996,Bertrand Traoré,31.0,Attack,Right Winger,Sunderland Association Football Club,Premier League,4000000.0,4.0,11.0,8.0,19.0,3701.0,66.0,4.75,<5jt
132098,Harry Kane,33.0,Attack,Centre-Forward,FC Bayern München,Bundesliga,60000000.0,60.0,99.0,21.0,120.0,7918.0,101.0,2.0,>40jt
133179,Marten de Roon,35.0,Midfield,Defensive Midfield,Atalanta Bergamasca Calcio S.p.a.,Serie A,3200000.0,3.2,6.0,9.0,15.0,8210.0,100.0,4.6875,<5jt
133731,Patrick Mainka,32.0,Defender,Centre-Back,1. Fußballclub Heidenheim 1846,Bundesliga,2500000.0,2.5,3.0,3.0,6.0,6554.0,73.0,2.4,<5jt
134270,Dan Burn,34.0,Defender,Centre-Back,Newcastle United Football Club,Premier League,4000000.0,4.0,3.0,7.0,10.0,7056.0,84.0,2.5,<5jt
134294,Danny Ings,34.0,Attack,Centre-Forward,West Ham United Football Club,Premier League,3500000.0,3.5,1.0,2.0,3.0,345.0,16.0,0.8571428571428571,<5jt
134883,Daniele Baselli,34.0,Midfield,Central Midfield,Calcio Como,Serie A,250000.0,0.25,0.0,0.0,0.0,52.0,3.0,0.0,<5jt
135343,Fabian Schär,35.0,Defender,Centre-Back,Newcastle United Football Club,Premier League,4000000.0,4.0,5.0,0.0,5.0,4585.0,58.0,1.25,<5jt
135492,Youssouf Sabaly,33.0,Defender,Right-Back,Real Betis Balompié S.A.D.,LaLiga,2500000.0,2.5,0.0,1.0,1.0,1946.0,27.0,0.4,<5jt
135747,Luca Lezzerini,31.0,Goalkeeper,Goalkeeper,Associazione Calcio Fiorentina,Serie A,350000.0,0.35,0.0,0.0,0.0,3.0,1.0,0.0,<5jt
136111,Nicola Leali,33.0,Goalkeeper,Goalkeeper,Genoa Cricket and Football Club,Serie A,1000000.0,1.0,0.0,0.0,0.0,4904.0,56.0,0.0,<5jt
136401,Daniel Bentley,33.0,Goalkeeper,Goalkeeper,Wolverhampton Wanderers Football Club,Premier League,800000.0,0.8,0.0,0.0,0.0,540.0,6.0,0.0,<5jt
136514,Charalampos Lykogiannis,33.0,Defender,Left-Back,Bologna Football Club 1909,Serie A,1200000.0,1.2,0.0,8.0,8.0,2872.0,44.0,6.666666666666667,<5jt
138055,Haris Belkebla,32.0,Midfield,Central Midfield,Angers Sporting Club de l'Ouest,Ligue 1,1800000.0,1.8,0.0,1.0,1.0,4675.0,55.0,0.5555555555555556,<5jt
138927,Daniel Carvajal,34.0,Defender,Right-Back,Real Madrid Club de Fútbol,LaLiga,4000000.0,4.0,2.0,2.0,4.0,2146.0,37.0,1.0,<5jt
139208,Virgil van Dijk,35.0,Defender,Centre-Back,Liverpool Football Club,Premier League,15000000.0,15.0,12.0,4.0,16.0,9111.0,101.0,1.0666666666666667,10-20jt
139279,Nicolas Pallois,39.0,Defender,Centre-Back,Football Club de Nantes,Ligue 1,300000.0,0.3,0.0,2.0,2.0,2020.0,26.0,6.666666666666667,<5jt
139304,Karol Mets,33.0,Defender,Centre-Back,Fußball-Club St. Pauli von 1910,Bundesliga,600000.0,0.6,1.0,0.0,1.0,3314.0,38.0,1.6666666666666667,<5jt
139435,Dani Rodríguez,38.0,Midfield,Attacking Midfield,Real Club Deportivo Mallorca S.A.D.,LaLiga,100000.0,0.1,4.0,7.0,11.0,2313.0,40.0,110.0,<5jt
141573,George Saville,33.0,Midfield,Central Midfield,Luton Town,Premier League,700000.0,0.7,0.0,0.0,0.0,136.0,2.0,0.0,<5jt
142021,Sergi Darder,33.0,Midfield,Central Midfield,Real Club Deportivo Mallorca S.A.D.,LaLiga,3000000.0,3.0,3.0,11.0,14.0,5669.0,81.0,4.666666666666667,<5jt
142031,Omar Mascarell,33.0,Midfield,Defensive Midfield,Real Club Deportivo Mallorca S.A.D.,LaLiga,700000.0,0.7,3.0,2.0,5.0,4748.0,70.0,7.142857142857143,<5jt
142310,Willy Boly,35.0,Defender,Centre-Back,Nottingham Forest Football Club,Premier League,300000.0,0.3,0.0,0.0,0.0,537.0,11.0,0.0,<5jt
143559,Matija Nastasić,33.0,Defender,Centre-Back,CD Leganés,LaLiga,1500000.0,1.5,1.0,0.0,1.0,2382.0,29.0,0.6666666666666666,<5jt
143812,Matías Vecino,35.0,Midfield,Central Midfield,Real Club Celta de Vigo S. A. D.,LaLiga,1000000.0,1.0,2.0,7.0,9.0,2682.0,56.0,9.0,<5jt
143891,Maximilian Philipp,32.0,Attack,Second Striker,Sport-Club Freiburg,Bundesliga,500000.0,0.5,0.0,0.0,0.0,120.0,5.0,0.0,<5jt
144028,Leandro Trossard,32.0,Attack,Left Winger,Arsenal Football Club,Premier League,18000000.0,18.0,18.0,20.0,38.0,6083.0,102.0,2.111111111111111,10-20jt
144128,Matías Dituro,39.0,Goalkeeper,Goalkeeper,Elche Club de Fútbol S.A.D.,LaLiga,100000.0,0.1,0.0,0.0,0.0,2370.0,26.0,0.0,<5jt
144143,Bartosz Bereszyński,34.0,Defender,Right-Back,Palermo FC,Serie A,400000.0,0.4,0.0,0.0,0.0,67.0,1.0,0.0,<5jt
146310,Wataru Endo,33.0,Midfield,Defensive Midfield,Liverpool Football Club,Premier League,4000000.0,4.0,0.0,1.0,1.0,1024.0,40.0,0.25,<5jt
146509,Conor Townsend,33.0,Defender,Left-Back,Ipswich Town,Premier League,500000.0,0.5,0.0,2.0,2.0,725.0,10.0,4.0,<5jt
146752,Gianluca Caprari,33.0,Attack,Second Striker,AC Monza,Serie A,4000000.0,4.0,4.0,2.0,6.0,1792.0,36.0,1.5,<5jt
147051,Yvon Mvogo,32.0,Goalkeeper,Goalkeeper,Football Club Lorient-Bretagne Sud,Ligue 1,2500000.0,2.5,0.0,0.0,0.0,2790.0,31.0,0.0,<5jt
148153,Lewis Dunk,35.0,Defender,Centre-Back,Brighton and Hove Albion Football Club,Premier League,3500000.0,3.5,1.0,0.0,1.0,5085.0,61.0,0.2857142857142857,<5jt
148252,Remo Freuler,34.0,Midfield,Central Midfield,Bologna Football Club 1909,Serie A,3000000.0,3.0,2.0,4.0,6.0,7233.0,89.0,2.0,<5jt
148367,Christian Nørgaard,32.0,Midfield,Defensive Midfield,Arsenal Football Club,Premier League,5000000.0,5.0,5.0,7.0,12.0,3870.0,54.0,2.4,<5jt
148455,Mohamed Salah,34.0,Attack,Right Winger,Liverpool Football Club,Premier League,22000000.0,22.0,48.0,33.0,81.0,7909.0,94.0,3.6818181818181817,20-40jt
149525,Antonio Caracciolo,36.0,Defender,Centre-Back,Pisa Sporting Club,Serie A,800000.0,0.8,2.0,0.0,2.0,3165.0,36.0,2.5,<5jt
153084,Leon Goretzka,31.0,Midfield,Central Midfield,FC Bayern München,Bundesliga,12000000.0,12.0,11.0,7.0,18.0,4732.0,90.0,1.5,10-20jt
154147,Hauke Wahl,32.0,Defender,Centre-Back,Fußball-Club St. Pauli von 1910,Bundesliga,1500000.0,1.5,3.0,1.0,4.0,6052.0,68.0,2.6666666666666665,<5jt
155025,Fábio Cardoso,32.0,Defender,Centre-Back,Sevilla Fútbol Club S.A.D.,LaLiga,1500000.0,1.5,0.0,0.0,0.0,388.0,5.0,0.0,<5jt
156618,Maxime Colin,35.0,Defender,Right-Back,Football Club de Metz,Ligue 1,250000.0,0.25,0.0,0.0,0.0,1692.0,22.0,0.0,<5jt
156990,Marco Friedl,28.0,Defender,Centre-Back,Sportverein Werder Bremen von 1899,Bundesliga,10000000.0,10.0,1.0,0.0,1.0,5073.0,60.0,0.1,5-10jt
157507,Adrien Tamèze,32.0,Midfield,Defensive Midfield,Torino Calcio,Serie A,1200000.0,1.2,0.0,0.0,0.0,2189.0,50.0,0.0,<5jt
157635,Yussuf Poulsen,32.0,Attack,Centre-Forward,Hamburger Sport Verein,Bundesliga,1000000.0,1.0,6.0,0.0,6.0,926.0,45.0,6.0,<5jt
157672,Vladimír Coufal,34.0,Defender,Right-Back,Turn- und Sportgemeinschaft 1899 Hoffenheim Fußball-Spielbetriebs,Bundesliga,2500000.0,2.5,1.0,9.0,10.0,4304.0,59.0,4.0,<5jt
159088,Robert Andrich,32.0,Midfield,Defensive Midfield,Bayer 04 Leverkusen Fußball,Bundesliga,6000000.0,6.0,5.0,4.0,9.0,6024.0,82.0,1.5,5-10jt
159471,Serge Gnabry,31.0,Attack,Second Striker,FC Bayern München,Bundesliga,18000000.0,18.0,17.0,20.0,37.0,4273.0,84.0,2.0555555555555554,10-20jt
160241,Kevin Akpoguma,31.0,Defender,Centre-Back,Turn- und Sportgemeinschaft 1899 Hoffenheim Fußball-Spielbetriebs,Bundesliga,1500000.0,1.5,0.0,0.0,0.0,3136.0,51.0,0.0,<5jt
160929,Marvin Schwäbe,31.0,Goalkeeper,Goalkeeper,1. Fußball-Club Köln,Bundesliga,3000000.0,3.0,0.0,0.0,0.0,3060.0,34.0,0.0,<5jt
160938,Marc Oliver Kempf,31.0,Defender,Centre-Back,Calcio Como,Serie A,3500000.0,3.5,4.0,1.0,5.0,5337.0,70.0,1.4285714285714286,<5jt
160963,Robin Zentner,32.0,Goalkeeper,Goalkeeper,1. Fußball- und Sportverein Mainz 05,Bundesliga,2500000.0,2.5,0.0,0.0,0.0,4327.0,48.0,0.0,<5jt
160986,Matteo Bianchetti,33.0,Defender,Centre-Back,Unione Sportiva Cremonese S.p.A.,Serie A,800000.0,0.8,0.0,2.0,2.0,2287.0,28.0,2.5,<5jt
161011,Filip Kostić,34.0,Midfield,Left Midfield,Juventus Football Club,Serie A,2000000.0,2.0,4.0,10.0,14.0,3001.0,56.0,7.0,<5jt
161056,Joshua Kimmich,31.0,Midfield,Defensive Midfield,FC Bayern München,Bundesliga,35000000.0,35.0,5.0,27.0,32.0,8765.0,103.0,0.9142857142857143,20-40jt
161057,Carl Klaus,32.0,Goalkeeper,Goalkeeper,1. Fußballclub Union Berlin,Bundesliga,350000.0,0.35,0.0,0.0,0.0,329.0,4.0,0.0,<5jt
161869,Djibril Sidibé,34.0,Defender,Right-Back,Toulouse Football Club,Ligue 1,1000000.0,1.0,3.0,7.0,10.0,4252.0,60.0,10.0,<5jt
162029,Javier Manquillo,32.0,Defender,Right-Back,Real Club Celta de Vigo S. A. D.,LaLiga,1800000.0,1.8,0.0,0.0,0.0,548.0,11.0,0.0,<5jt
162038,Raúl de Tomás,32.0,Attack,Centre-Forward,Rayo Vallecano de Madrid S. A. D.,LaLiga,500000.0,0.5,2.0,0.0,2.0,132.0,4.0,4.0,<5jt
162434,Niklas Stark,31.0,Defender,Centre-Back,Sportverein Werder Bremen von 1899,Bundesliga,2500000.0,2.5,0.0,1.0,1.0,3143.0,44.0,0.4,<5jt
162959,Daniele Rugani,32.0,Defender,Centre-Back,Associazione Calcio Fiorentina,Serie A,2000000.0,2.0,1.0,0.0,1.0,2196.0,42.0,0.5,<5jt
163048,Alberto Paleari,34.0,Goalkeeper,Goalkeeper,Torino Calcio,Serie A,1200000.0,1.2,0.0,0.0,0.0,2970.0,33.0,0.0,<5jt
163639,Federico Ceccherini,34.0,Defender,Centre-Back,Unione Sportiva Cremonese S.p.A.,Serie A,400000.0,0.4,0.0,1.0,1.0,481.0,9.0,2.5,<5jt
163744,Jack Stephens,32.0,Defender,Centre-Back,Southampton FC,Premier League,1200000.0,1.2,1.0,0.0,1.0,1394.0,19.0,0.8333333333333334,<5jt
164770,Raphaël Varane,33.0,Defender,Centre-Back,Calcio Como,Serie A,20000000.0,20.0,0.0,0.0,0.0,113.0,2.0,0.0,10-20jt
164771,Jordan Veretout,33.0,Midfield,Central Midfield,Olympique Lyonnais,Ligue 1,3500000.0,3.5,2.0,1.0,3.0,2047.0,36.0,0.8571428571428571,<5jt
164904,Mory Diaw,33.0,Goalkeeper,Goalkeeper,Le Havre Athletic Club,Ligue 1,900000.0,0.9,0.0,1.0,1.0,2655.0,30.0,1.1111111111111112,<5jt
164915,Lionel Mpasi-Nzau,32.0,Goalkeeper,Goalkeeper,Le Havre Athletic Club,Ligue 1,400000.0,0.4,0.0,0.0,0.0,315.0,4.0,0.0,<5jt
165007,Denis Suárez,32.0,Midfield,Attacking Midfield,Deportivo Alavés S. A. D.,LaLiga,1000000.0,1.0,2.0,3.0,5.0,2271.0,54.0,5.0,<5jt
165467,Stole Dimitrievski,33.0,Goalkeeper,Goalkeeper,Valencia Club de Fútbol S. A. D.,LaLiga,2000000.0,2.0,0.0,0.0,0.0,3000.0,33.0,0.0,<5jt
165513,Berat Djimsiti,33.0,Defender,Centre-Back,Atalanta Bergamasca Calcio S.p.a.,Serie A,4000000.0,4.0,3.0,2.0,5.0,7174.0,96.0,1.25,<5jt
165793,Takumi Minamino,31.0,Attack,Left Winger,Association sportive de Monaco Football Club,Ligue 1,10000000.0,10.0,13.0,7.0,20.0,4179.0,61.0,2.0,5-10jt
165873,Federico Barba,33.0,Defender,Centre-Back,Calcio Como,Serie A,500000.0,0.5,0.0,0.0,0.0,521.0,8.0,0.0,<5jt
165895,Matteo Politano,33.0,Attack,Right Winger,Società Sportiva Calcio Napoli,Serie A,5000000.0,5.0,5.0,11.0,16.0,5816.0,84.0,3.2,<5jt
166601,Niklas Süle,31.0,Defender,Centre-Back,Borussia Dortmund,Bundesliga,4000000.0,4.0,0.0,1.0,1.0,2370.0,38.0,0.25,<5jt
166677,Brian Oliván,32.0,Defender,Left-Back,Reial Club Deportiu Espanyol de Barcelona S.A.D.,LaLiga,6000000.0,6.0,0.0,1.0,1.0,1107.0,18.0,0.16666666666666666,5-10jt
167268,Paddy McNair,31.0,Defender,Centre-Back,Hull City,Premier League,1500000.0,1.5,0.0,0.0,0.0,90.0,1.0,0.0,<5jt
167491,Stefano Sabelli,33.0,Defender,Right-Back,Genoa Cricket and Football Club,Serie A,1300000.0,1.3,0.0,2.0,2.0,3246.0,54.0,1.5384615384615383,<5jt
167721,Chimy Ávila,32.0,Attack,Centre-Forward,Real Betis Balompié S.A.D.,LaLiga,1200000.0,1.2,7.0,4.0,11.0,1888.0,52.0,9.166666666666668,<5jt
167727,Andrea Belotti,33.0,Attack,Centre-Forward,Cagliari Calcio,Serie A,1500000.0,1.5,9.0,1.0,10.0,1541.0,48.0,6.666666666666667,<5jt
167741,Mattia Valoti,33.0,Midfield,Central Midfield,AC Monza,Serie A,600000.0,0.6,0.0,0.0,0.0,216.0,7.0,0.0,<5jt
167799,Pierre-Emile Højbjerg,31.0,Midfield,Defensive Midfield,Olympique de Marseille,Ligue 1,15000000.0,15.0,6.0,9.0,15.0,6129.0,71.0,1.0,10-20jt
168157,Leander Dendoncker,31.0,Midfield,Defensive Midfield,Real Oviedo S.A.D.,LaLiga,1800000.0,1.8,1.0,1.0,2.0,3785.0,47.0,1.1111111111111112,<5jt
168678,Marvin Schulz,31.0,Midfield,Right Midfield,Holstein Kiel,Bundesliga,700000.0,0.7,0.0,0.0,0.0,360.0,13.0,0.0,<5jt
168989,Silvan Widmer,33.0,Defender,Right-Back,1. Fußball- und Sportverein Mainz 05,Bundesliga,800000.0,0.8,2.0,2.0,4.0,2499.0,58.0,5.0,<5jt
169497,Juan Cruz,34.0,Defender,Left-Back,Club Atlético Osasuna,LaLiga,1000000.0,1.0,0.0,0.0,0.0,2680.0,48.0,0.0,<5jt
169511,Uros Radakovic,32.0,Defender,Centre-Back,Football Club de Nantes,Ligue 1,400000.0,0.4,4.0,0.0,4.0,2640.0,36.0,10.0,<5jt
169880,Giovanni Di Lorenzo,33.0,Defender,Right-Back,Società Sportiva Calcio Napoli,Serie A,7500000.0,7.5,5.0,6.0,11.0,6542.0,75.0,1.4666666666666666,5-10jt
170472,Dimitri Foulquier,33.0,Defender,Right-Back,Valencia Club de Fútbol S. A. D.,LaLiga,900000.0,0.9,0.0,1.0,1.0,3946.0,54.0,1.1111111111111112,<5jt
170481,Jean-Daniel Akpa Akpro,34.0,Midfield,Central Midfield,Verona Hellas Football Club,Serie A,500000.0,0.5,1.0,0.0,1.0,2478.0,36.0,2.0,<5jt
170506,Julien Lopez,34.0,Attack,Left Winger,Paris Football Club,Ligue 1,150000.0,0.15,0.0,0.0,0.0,41.0,5.0,0.0,<5jt
170911,Donovan Léon,34.0,Goalkeeper,Goalkeeper,Association de la Jeunesse auxerroise,Ligue 1,800000.0,0.8,0.0,2.0,2.0,5343.0,61.0,2.5,<5jt
170961,Thomas Delaine,34.0,Defender,Left-Back,Racing Club de Strasbourg Alsace,Ligue 1,500000.0,0.5,0.0,0.0,0.0,8.0,2.0,0.0,<5jt
170986,Raphaël Guerreiro,33.0,Defender,Left-Back,FC Bayern München,Bundesliga,5000000.0,5.0,11.0,6.0,17.0,3655.0,66.0,3.4,<5jt
171679,Matt Doherty,34.0,Defender,Right-Back,Wolverhampton Wanderers Football Club,Premier League,1000000.0,1.0,2.0,1.0,3.0,3332.0,49.0,3.0,<5jt
173491,Joel Pohjanpalo,32.0,Attack,Centre-Forward,Palermo FC,Serie A,3500000.0,3.5,6.0,0.0,6.0,1679.0,21.0,1.7142857142857142,<5jt
173504,James Tarkowski,34.0,Defender,Centre-Back,Everton Football Club,Premier League,5000000.0,5.0,3.0,4.0,7.0,6644.0,74.0,1.4,<5jt
173859,Davide Zappacosta,34.0,Midfield,Right Midfield,Atalanta Bergamasca Calcio S.p.a.,Serie A,3500000.0,3.5,9.0,12.0,21.0,6771.0,92.0,6.0,<5jt
174094,Morgan Sanson,32.0,Midfield,Central Midfield,Olympique Gymnaste Club Nice Côte d'Azur,Ligue 1,3500000.0,3.5,3.0,2.0,5.0,2375.0,44.0,1.4285714285714286,<5jt
174196,Kenny Lala,35.0,Defender,Right-Back,Stade brestois 29,Ligue 1,1500000.0,1.5,3.0,5.0,8.0,6197.0,70.0,5.333333333333333,<5jt
175446,Jonny Otto,32.0,Defender,Right-Back,Deportivo Alavés S. A. D.,LaLiga,2200000.0,2.2,0.0,3.0,3.0,5676.0,68.0,1.3636363636363635,<5jt
175449,Moi Gómez,32.0,Midfield,Attacking Midfield,Club Atlético Osasuna,LaLiga,1500000.0,1.5,2.0,2.0,4.0,2450.0,58.0,2.6666666666666665,<5jt
175639,Jonathan Clauss,34.0,Defender,Right-Back,Olympique Gymnaste Club Nice Côte d'Azur,Ligue 1,4000000.0,4.0,4.0,18.0,22.0,5646.0,73.0,5.5,<5jt
175722,Eric Dier,32.0,Defender,Centre-Back,Association sportive de Monaco Football Club,Ligue 1,4000000.0,4.0,5.0,1.0,6.0,2790.0,40.0,1.5,<5jt
176139,Mattia Bani,33.0,Defender,Centre-Back,Genoa Cricket and Football Club,Serie A,2500000.0,2.5,0.0,0.0,0.0,1691.0,22.0,0.0,<5jt
176553,Aymeric Laporte,32.0,Defender,Centre-Back,Athletic Club Bilbao,LaLiga,8000000.0,8.0,0.0,2.0,2.0,2434.0,30.0,0.25,5-10jt
177452,Abdón Prats,34.0,Attack,Centre-Forward,Real Club Deportivo Mallorca S.A.D.,LaLiga,800000.0,0.8,6.0,0.0,6.0,971.0,45.0,7.5,<5jt
177467,Gerard Moreno,34.0,Attack,Centre-Forward,Villarreal Club de Fútbol S.A.D.,LaLiga,2500000.0,2.5,13.0,2.0,15.0,2181.0,42.0,6.0,<5jt
177476,Nathan Aké,31.0,Defender,Centre-Back,Manchester City Football Club,Premier League,12000000.0,12.0,0.0,0.0,0.0,2905.0,52.0,0.0,10-20jt
177779,Janik Haberer,32.0,Midfield,Central Midfield,1. Fußballclub Union Berlin,Bundesliga,2000000.0,2.0,0.0,2.0,2.0,3667.0,61.0,1.0,<5jt
177843,Domenico Berardi,32.0,Attack,Right Winger,Unione Sportiva Sassuolo Calcio,Serie A,7000000.0,7.0,8.0,6.0,14.0,2061.0,27.0,2.0,5-10jt
177847,Adnan Januzaj,31.0,Attack,Right Winger,Sevilla Fútbol Club S.A.D.,LaLiga,1000000.0,1.0,4.0,1.0,5.0,1048.0,33.0,5.0,<5jt
177907,Harry Maguire,33.0,Defender,Centre-Back,Manchester United Football Club,Premier League,8000000.0,8.0,6.0,3.0,9.0,4450.0,64.0,1.125,5-10jt
178313,Jean-Eudes Aholou,32.0,Midfield,Defensive Midfield,Angers Sporting Club de l'Ouest,Ligue 1,800000.0,0.8,2.0,0.0,2.0,1978.0,26.0,2.5,<5jt
179184,Michy Batshuayi,33.0,Attack,Centre-Forward,Eintracht Frankfurt Fußball AG,Bundesliga,2000000.0,2.0,11.0,2.0,13.0,1199.0,49.0,6.5,<5jt
181136,Piotr Zielinski,32.0,Midfield,Central Midfield,Football Club Internazionale Milano S.p.A.,Serie A,10000000.0,10.0,9.0,7.0,16.0,4663.0,87.0,1.6,5-10jt
181378,Gaëtan Laborde,32.0,Attack,Centre-Forward,Olympique Gymnaste Club Nice Côte d'Azur,Ligue 1,10000000.0,10.0,11.0,5.0,16.0,2128.0,33.0,1.6,5-10jt
181380,Arthur Masuaku,33.0,Defender,Left-Back,Racing Club de Lens,Ligue 1,2000000.0,2.0,1.0,10.0,11.0,4173.0,53.0,5.5,<5jt
181382,Abdoulaye Touré,32.0,Midfield,Defensive Midfield,Le Havre Athletic Club,Ligue 1,2500000.0,2.5,12.0,1.0,13.0,3072.0,39.0,5.2,<5jt
181579,James Ward-Prowse,32.0,Midfield,Central Midfield,Burnley Football Club,Premier League,5000000.0,5.0,1.0,3.0,4.0,2862.0,46.0,0.8,<5jt
181687,Massimo Luongo,34.0,Midfield,Central Midfield,Ipswich Town,Premier League,350000.0,0.35,0.0,0.0,0.0,399.0,15.0,0.0,<5jt
181767,Marquinhos,32.0,Defender,Centre-Back,Paris Saint-Germain Football Club,Ligue 1,28000000.0,28.0,4.0,0.0,4.0,6194.0,75.0,0.14285714285714285,20-40jt
181768,Hernani,32.0,Midfield,Central Midfield,Parma Calcio 1913,Serie A,1500000.0,1.5,3.0,3.0,6.0,1329.0,25.0,4.0,<5jt
181778,Emerson,32.0,Defender,Left-Back,Olympique de Marseille,Ligue 1,9000000.0,9.0,2.0,4.0,6.0,4737.0,66.0,0.6666666666666666,5-10jt
182201,Ally Samatta,34.0,Attack,Centre-Forward,Le Havre Athletic Club,Ligue 1,700000.0,0.7,7.0,4.0,11.0,2538.0,48.0,15.714285714285715,<5jt
182712,João Cancelo,32.0,Defender,Right-Back,Futbol Club Barcelona,LaLiga,8000000.0,8.0,2.0,6.0,8.0,1924.0,29.0,1.0,5-10jt
182875,Jean-Charles Castelletto,31.0,Defender,Centre-Back,Football Club de Nantes,Ligue 1,3200000.0,3.2,0.0,0.0,0.0,2622.0,30.0,0.0,<5jt
182889,Wylan Cyprien,31.0,Midfield,Central Midfield,Parma Calcio 1913,Serie A,1100000.0,1.1,0.0,0.0,0.0,93.0,3.0,0.0,<5jt
182894,Jean-Philippe Gbamin,31.0,Defender,Centre-Back,Football Club de Metz,Ligue 1,2000000.0,2.0,1.0,1.0,2.0,2728.0,46.0,1.0,<5jt
182904,Clément Lenglet,31.0,Defender,Centre-Back,Club Atlético de Madrid S.A.D.,LaLiga,4000000.0,4.0,3.0,3.0,6.0,4739.0,60.0,1.5,<5jt
182906,Mike Maignan,31.0,Goalkeeper,Goalkeeper,Associazione Calcio Milan,Serie A,20000000.0,20.0,0.0,0.0,0.0,8352.0,94.0,0.0,10-20jt
182913,Adrien Rabiot,31.0,Midfield,Central Midfield,Associazione Calcio Milan,Serie A,18000000.0,18.0,15.0,10.0,25.0,5393.0,62.0,1.3888888888888888,10-20jt
182916,Wesley Saïd,31.0,Attack,Second Striker,Racing Club de Lens,Ligue 1,5000000.0,5.0,16.0,2.0,18.0,3053.0,55.0,3.6,<5jt
183288,Luke Shaw,31.0,Defender,Left-Back,Manchester United Football Club,Premier League,8000000.0,8.0,1.0,1.0,2.0,3819.0,50.0,0.25,5-10jt
184528,Emil Krafth,32.0,Defender,Right-Back,Newcastle United Football Club,Premier League,750000.0,0.75,0.0,0.0,0.0,692.0,17.0,0.0,<5jt
184573,Victor Lindelöf,32.0,Defender,Centre-Back,Aston Villa Football Club,Premier League,5000000.0,5.0,0.0,1.0,1.0,2809.0,51.0,0.2,<5jt
184892,Florian Thauvin,33.0,Attack,Right Winger,Racing Club de Lens,Ligue 1,5000000.0,5.0,20.0,11.0,31.0,4498.0,59.0,6.2,<5jt
184894,Alfred Duncan,33.0,Midfield,Central Midfield,Venezia FC,Serie A,4000000.0,4.0,0.0,0.0,0.0,1100.0,18.0,0.0,<5jt
185077,Vincenzo Grifo,33.0,Attack,Left Winger,Sport-Club Freiburg,Bundesliga,4000000.0,4.0,24.0,22.0,46.0,5652.0,89.0,11.5,<5jt
186186,Bobby De Cordova-Reid,33.0,Midfield,Attacking Midfield,Leicester City,Premier League,700000.0,0.7,2.0,3.0,5.0,823.0,25.0,7.142857142857143,<5jt
186233,Giorgi Kvilitaia,33.0,Attack,Centre-Forward,Football Club de Metz,Ligue 1,900000.0,0.9,5.0,0.0,5.0,799.0,14.0,5.555555555555555,<5jt
186368,Valentino Lazaro,30.0,Midfield,Right Midfield,Torino Calcio,Serie A,2500000.0,2.5,0.0,9.0,9.0,4935.0,71.0,3.6,<5jt
186590,John Stones,32.0,Defender,Centre-Back,Manchester City Football Club,Premier League,12000000.0,12.0,3.0,2.0,5.0,2188.0,37.0,0.4166666666666667,10-20jt
187097,Budu Zivzivadze,32.0,Attack,Centre-Forward,1. Fußballclub Heidenheim 1846,Bundesliga,1200000.0,1.2,10.0,4.0,14.0,2540.0,40.0,11.666666666666668,<5jt
187492,Julian Brandt,30.0,Midfield,Attacking Midfield,Borussia Dortmund,Bundesliga,15000000.0,15.0,17.0,20.0,37.0,5941.0,92.0,2.466666666666667,10-20jt
187624,Fabian Bredlow,31.0,Goalkeeper,Goalkeeper,Verein für Bewegungsspiele Stuttgart 1893,Bundesliga,700000.0,0.7,0.0,0.0,0.0,630.0,7.0,0.0,<5jt
187718,Clinton Mata,34.0,Defender,Centre-Back,Olympique Lyonnais,Ligue 1,2500000.0,2.5,0.0,5.0,5.0,6905.0,81.0,2.0,<5jt
188077,Ryan Christie,31.0,Midfield,Central Midfield,Association Football Club Bournemouth,Premier League,8000000.0,8.0,4.0,3.0,7.0,3444.0,59.0,0.875,5-10jt
188888,Sheraldo Becker,31.0,Attack,Left Winger,1. Fußball- und Sportverein Mainz 05,Bundesliga,1500000.0,1.5,7.0,8.0,15.0,3004.0,62.0,10.0,<5jt
190280,Patrik Carlgren,34.0,Goalkeeper,Goalkeeper,Football Club de Nantes,Ligue 1,400000.0,0.4,0.0,0.0,0.0,597.0,8.0,0.0,<5jt
190284,Maximilian Eggestein,30.0,Midfield,Central Midfield,Sport-Club Freiburg,Bundesliga,10000000.0,10.0,8.0,2.0,10.0,7818.0,88.0,1.0,5-10jt
190289,Gerrit Holtmann,31.0,Attack,Left Winger,VfL Bochum,Bundesliga,700000.0,0.7,3.0,1.0,4.0,1272.0,25.0,5.714285714285714,<5jt
190338,Anthony Briançon,32.0,Defender,Centre-Back,AS Saint-Étienne,Ligue 1,400000.0,0.4,0.0,0.0,0.0,1.0,1.0,0.0,<5jt
190393,Corentin Tolisso,32.0,Midfield,Central Midfield,Olympique Lyonnais,Ligue 1,10000000.0,10.0,25.0,13.0,38.0,6043.0,81.0,3.8,5-10jt
190685,Bouna Sarr,34.0,Defender,Right-Back,Football Club de Metz,Ligue 1,350000.0,0.35,0.0,0.0,0.0,897.0,12.0,0.0,<5jt
191056,Brice Samba,32.0,Goalkeeper,Goalkeeper,Stade Rennais Football Club,Ligue 1,7000000.0,7.0,0.0,0.0,0.0,5940.0,66.0,0.0,5-10jt
191217,Héctor Bellerín,31.0,Defender,Right-Back,Real Betis Balompié S.A.D.,LaLiga,2400000.0,2.4,2.0,5.0,7.0,2836.0,41.0,2.916666666666667,<5jt
191422,Mahmoud Dahoud,30.0,Midfield,Central Midfield,Eintracht Frankfurt Fußball AG,Bundesliga,2000000.0,2.0,3.0,4.0,7.0,1694.0,37.0,3.5,<5jt
191891,Arkadiusz Milik,32.0,Attack,Centre-Forward,Juventus Football Club,Serie A,1500000.0,1.5,0.0,0.0,0.0,107.0,3.0,0.0,<5jt
192009,Unai López,31.0,Midfield,Central Midfield,Rayo Vallecano de Madrid S. A. D.,LaLiga,2500000.0,2.5,3.0,6.0,9.0,3663.0,67.0,3.6,<5jt
192080,Nick Pope,34.0,Goalkeeper,Goalkeeper,Newcastle United Football Club,Premier League,5000000.0,5.0,0.0,1.0,1.0,5927.0,66.0,0.2,<5jt
192169,Jonas Föhrenbach,30.0,Defender,Left-Back,1. Fußballclub Heidenheim 1846,Bundesliga,1000000.0,1.0,1.0,2.0,3.0,4409.0,59.0,3.0,<5jt
192279,Kepa Arrizabalaga,32.0,Goalkeeper,Goalkeeper,Arsenal Football Club,Premier League,5000000.0,5.0,0.0,0.0,0.0,4284.0,48.0,0.0,<5jt
192492,Jordan Lefort,33.0,Defender,Centre-Back,Angers Sporting Club de l'Ouest,Ligue 1,1000000.0,1.0,0.0,3.0,3.0,6120.0,68.0,3.0,<5jt
192557,Jackson Irvine,33.0,Midfield,Central Midfield,Fußball-Club St. Pauli von 1910,Bundesliga,1000000.0,1.0,0.0,6.0,6.0,4557.0,57.0,6.0,<5jt
192616,Ulisses Garcia,30.0,Defender,Left-Back,Unione Sportiva Sassuolo Calcio,Serie A,3000000.0,3.0,3.0,5.0,8.0,2198.0,39.0,2.6666666666666665,<5jt
192635,Nico Elvedi,30.0,Defender,Centre-Back,Borussia Verein für Leibesübungen 1900 Mönchengladbach,Bundesliga,8000000.0,8.0,3.0,4.0,7.0,5373.0,61.0,0.875,5-10jt
192638,Nicolas Haas,30.0,Midfield,Central Midfield,FC Empoli,Serie A,700000.0,0.7,1.0,1.0,2.0,372.0,12.0,2.857142857142857,<5jt
192735,Stanislav Lobotka,32.0,Midfield,Defensive Midfield,Società Sportiva Calcio Napoli,Serie A,10000000.0,10.0,1.0,3.0,4.0,6104.0,77.0,0.4,5-10jt
192765,Ben Davies,33.0,Defender,Centre-Back,Tottenham Hotspur Football Club,Premier League,3000000.0,3.0,1.0,0.0,1.0,2216.0,30.0,0.3333333333333333,<5jt
193004,Waldemar Anton,30.0,Defender,Centre-Back,Borussia Dortmund,Bundesliga,18000000.0,18.0,6.0,3.0,9.0,7005.0,86.0,0.5,10-20jt
193033,Tim Kleindienst,31.0,Attack,Centre-Forward,Borussia Verein für Leibesübungen 1900 Mönchengladbach,Bundesliga,8000000.0,8.0,16.0,10.0,26.0,2935.0,37.0,3.25,5-10jt
193082,Alejandro Grimaldo,31.0,Defender,Left-Back,Bayer 04 Leverkusen Fußball,Bundesliga,20000000.0,20.0,18.0,25.0,43.0,7992.0,95.0,2.15,10-20jt
193098,Álex Moreno,33.0,Defender,Left-Back,Girona Fútbol Club S. A. D.,LaLiga,3000000.0,3.0,0.0,4.0,4.0,3870.0,50.0,1.3333333333333333,<5jt
193116,John McGinn,32.0,Midfield,Central Midfield,Aston Villa Football Club,Premier League,13000000.0,13.0,14.0,13.0,27.0,6166.0,91.0,2.076923076923077,10-20jt
193859,Patrick Erras,31.0,Defender,Centre-Back,Holstein Kiel,Bundesliga,300000.0,0.3,1.0,0.0,1.0,968.0,12.0,3.3333333333333335,<5jt
193867,Liam Henderson,30.0,Midfield,Central Midfield,FC Empoli,Serie A,1400000.0,1.4,0.0,6.0,6.0,2713.0,41.0,4.285714285714286,<5jt
193900,Marius Wolf,31.0,Defender,Right-Back,Fußball-Club Augsburg 1907,Bundesliga,2500000.0,2.5,2.0,5.0,7.0,3610.0,67.0,2.8,<5jt
195246,Pascal Stenzel,30.0,Defender,Right-Back,Verein für Bewegungsspiele Stuttgart 1893,Bundesliga,1200000.0,1.2,1.0,1.0,2.0,862.0,21.0,1.6666666666666667,<5jt
195488,Paulo Gazzaniga,34.0,Goalkeeper,Goalkeeper,Girona Fútbol Club S. A. D.,LaLiga,1800000.0,1.8,0.0,0.0,0.0,7108.0,80.0,0.0,<5jt
195633,Charlie Taylor,33.0,Defender,Left-Back,Southampton FC,Premier League,2000000.0,2.0,0.0,1.0,1.0,443.0,9.0,0.5,<5jt
195778,Alexander Nübel,30.0,Goalkeeper,Goalkeeper,Verein für Bewegungsspiele Stuttgart 1893,Bundesliga,12000000.0,12.0,0.0,3.0,3.0,8520.0,94.0,0.25,10-20jt
196095,Luca Waldschmidt,30.0,Attack,Centre-Forward,1. Fußball-Club Köln,Bundesliga,2000000.0,2.0,5.0,4.0,9.0,752.0,26.0,4.5,<5jt
196139,Robert Glatzel,32.0,Attack,Centre-Forward,Hamburger Sport Verein,Bundesliga,1500000.0,1.5,4.0,2.0,6.0,712.0,21.0,4.0,<5jt
196231,Marvin Friedrich,31.0,Defender,Centre-Back,Borussia Verein für Leibesübungen 1900 Mönchengladbach,Bundesliga,1800000.0,1.8,0.0,1.0,1.0,1245.0,31.0,0.5555555555555556,<5jt
196357,Jonathan Tah,30.0,Defender,Centre-Back,FC Bayern München,Bundesliga,28000000.0,28.0,7.0,4.0,11.0,8561.0,103.0,0.39285714285714285,20-40jt
196793,Maximilian Wittek,31.0,Defender,Left-Back,VfL Bochum,Bundesliga,1000000.0,1.0,0.0,1.0,1.0,2805.0,34.0,1.0,<5jt
196813,Michael Zetterer,31.0,Goalkeeper,Goalkeeper,Eintracht Frankfurt Fußball AG,Bundesliga,4000000.0,4.0,0.0,0.0,0.0,6055.0,67.0,0.0,<5jt
196948,Andreas Christensen,30.0,Defender,Centre-Back,Futbol Club Barcelona,LaLiga,8000000.0,8.0,1.0,0.0,1.0,847.0,25.0,0.125,5-10jt
197300,Federico Bernardeschi,32.0,Attack,Right Winger,Bologna Football Club 1909,Serie A,3500000.0,3.5,9.0,2.0,11.0,2119.0,45.0,3.142857142857143,<5jt
197471,Roberto Gagliardini,32.0,Midfield,Central Midfield,Verona Hellas Football Club,Serie A,1300000.0,1.3,1.0,0.0,1.0,2434.0,38.0,0.7692307692307692,<5jt
197473,Alberto Grassi,31.0,Midfield,Defensive Midfield,Unione Sportiva Cremonese S.p.A.,Serie A,1400000.0,1.4,1.0,1.0,2.0,4156.0,62.0,1.4285714285714286,<5jt
197642,Chuba Akpom,31.0,Attack,Centre-Forward,Lille Olympique Sporting Club,Ligue 1,6000000.0,6.0,11.0,2.0,13.0,2198.0,47.0,2.1666666666666665,5-10jt
197747,Alessio Romagnoli,31.0,Defender,Centre-Back,Società Sportiva Lazio S.p.A.,Serie A,6000000.0,6.0,6.0,1.0,7.0,6725.0,80.0,1.1666666666666667,5-10jt
197751,Alberto Cerri,30.0,Attack,Centre-Forward,Calcio Como,Serie A,600000.0,0.6,0.0,0.0,0.0,82.0,5.0,0.0,<5jt
197838,Jamie Vardy,39.0,Attack,Centre-Forward,Unione Sportiva Cremonese S.p.A.,Serie A,1000000.0,1.0,17.0,7.0,24.0,5007.0,65.0,24.0,<5jt
197929,Ivan Provedel,32.0,Goalkeeper,Goalkeeper,Società Sportiva Lazio S.p.A.,Serie A,3000000.0,3.0,0.0,0.0,0.0,5580.0,62.0,0.0,<5jt
198008,André Silva,31.0,Attack,Centre-Forward,Elche Club de Fútbol S.A.D.,LaLiga,3000000.0,3.0,12.0,3.0,15.0,2634.0,56.0,5.0,<5jt
198116,Federico Dimarco,29.0,Defender,Left-Back,Football Club Internazionale Milano S.p.A.,Serie A,50000000.0,50.0,12.0,29.0,41.0,6895.0,98.0,0.82,>40jt
198709,Cédric Hountondji,32.0,Defender,Centre-Back,Angers Sporting Club de l'Ouest,Ligue 1,2000000.0,2.0,0.0,0.0,0.0,270.0,3.0,0.0,<5jt
199248,Bryan Cristante,31.0,Midfield,Defensive Midfield,Associazione Sportiva Roma,Serie A,7000000.0,7.0,6.0,5.0,11.0,6373.0,85.0,1.5714285714285714,5-10jt
199258,Andrea Petagna,31.0,Attack,Centre-Forward,AC Monza,Serie A,500000.0,0.5,0.0,0.0,0.0,460.0,15.0,0.0,<5jt
199369,Sandro Ramírez,31.0,Attack,Centre-Forward,UD Las Palmas,LaLiga,1500000.0,1.5,9.0,4.0,13.0,2200.0,33.0,8.666666666666666,<5jt
199527,Jacob Murphy,31.0,Attack,Right Winger,Newcastle United Football Club,Premier League,12000000.0,12.0,12.0,17.0,29.0,4708.0,83.0,2.4166666666666665,10-20jt
199704,Yunis Abdelhamid,39.0,Defender,Centre-Back,AS Saint-Étienne,Ligue 1,350000.0,0.35,0.0,0.0,0.0,1003.0,16.0,0.0,<5jt
199733,Danilo Cataldi,32.0,Midfield,Defensive Midfield,Società Sportiva Lazio S.p.A.,Serie A,3500000.0,3.5,6.0,3.0,9.0,3978.0,56.0,2.5714285714285716,<5jt
199953,Caleb Ekuban,32.0,Attack,Centre-Forward,Genoa Cricket and Football Club,Serie A,1200000.0,1.2,5.0,4.0,9.0,1550.0,51.0,7.5,<5jt
199976,Marco Sportiello,34.0,Goalkeeper,Goalkeeper,Atalanta Bergamasca Calcio S.p.a.,Serie A,800000.0,0.8,0.0,0.0,0.0,530.0,7.0,0.0,<5jt
200056,Elseid Hysaj,32.0,Defender,Right-Back,Società Sportiva Lazio S.p.A.,Serie A,1200000.0,1.2,0.0,3.0,3.0,843.0,20.0,2.5,<5jt
201574,Angus Gunn,30.0,Goalkeeper,Goalkeeper,Nottingham Forest Football Club,Premier League,1000000.0,1.0,0.0,0.0,0.0,45.0,1.0,0.0,<5jt
202591,Benjamin Henrichs,29.0,Defender,Right-Back,RasenBallsport Leipzig,Bundesliga,7000000.0,7.0,1.0,2.0,3.0,1912.0,41.0,0.42857142857142855,5-10jt
202886,Ruben Loftus-Cheek,30.0,Midfield,Central Midfield,Associazione Calcio Milan,Serie A,8500000.0,8.5,3.0,2.0,5.0,2837.0,60.0,0.5882352941176471,5-10jt
203043,Pedro Bigas,36.0,Defender,Centre-Back,Elche Club de Fútbol S.A.D.,LaLiga,300000.0,0.3,1.0,3.0,4.0,2114.0,29.0,13.333333333333334,<5jt
203123,Haris Tabakovic,32.0,Attack,Centre-Forward,Borussia Verein für Leibesübungen 1900 Mönchengladbach,Bundesliga,3500000.0,3.5,19.0,5.0,24.0,3795.0,65.0,6.857142857142857,<5jt
203348,Chancel Mbemba,32.0,Defender,Centre-Back,Lille Olympique Sporting Club,Ligue 1,2000000.0,2.0,0.0,1.0,1.0,2047.0,25.0,0.5,<5jt
203460,Jack Grealish,31.0,Attack,Left Winger,Everton Football Club,Premier League,20000000.0,20.0,5.0,10.0,15.0,3154.0,53.0,0.75,10-20jt
203496,Nabil Fekir,33.0,Midfield,Attacking Midfield,Real Betis Balompié S.A.D.,LaLiga,10000000.0,10.0,0.0,1.0,1.0,243.0,3.0,0.1,5-10jt
203504,Pierre-Yves Hamel,32.0,Attack,Centre-Forward,Paris Football Club,Ligue 1,300000.0,0.3,0.0,0.0,0.0,78.0,2.0,0.0,<5jt
203746,Ruben Aguilar,33.0,Defender,Right-Back,Racing Club de Lens,Ligue 1,2500000.0,2.5,3.0,5.0,8.0,2860.0,42.0,3.2,<5jt
203842,Viktor Kovalenko,30.0,Midfield,Central Midfield,FC Empoli,Serie A,1500000.0,1.5,1.0,0.0,1.0,242.0,8.0,0.6666666666666666,<5jt
203938,Branco van den Boomen,31.0,Midfield,Central Midfield,Angers Sporting Club de l'Ouest,Ligue 1,2500000.0,2.5,2.0,2.0,4.0,2502.0,42.0,1.6,<5jt
204047,Matus Bero,31.0,Midfield,Central Midfield,VfL Bochum,Bundesliga,1000000.0,1.0,6.0,2.0,8.0,2780.0,32.0,8.0,<5jt
204072,Henrique Silva,32.0,Defender,Left-Back,Real Valladolid CF,LaLiga,1000000.0,1.0,0.0,0.0,0.0,354.0,5.0,0.0,<5jt
204103,Adama Traoré,30.0,Attack,Right Winger,West Ham United Football Club,Premier League,6000000.0,6.0,2.0,12.0,14.0,2896.0,73.0,2.3333333333333335,5-10jt
205562,Thomas Lemar,31.0,Midfield,Attacking Midfield,Girona Fútbol Club S. A. D.,LaLiga,1800000.0,1.8,3.0,2.0,5.0,1432.0,36.0,2.7777777777777777,<5jt
205938,Mario Pašalić,31.0,Midfield,Central Midfield,Atalanta Bergamasca Calcio S.p.a.,Serie A,6000000.0,6.0,17.0,13.0,30.0,5727.0,95.0,5.0,5-10jt
206040,Raúl Jiménez,35.0,Attack,Centre-Forward,Fulham Football Club,Premier League,3000000.0,3.0,24.0,6.0,30.0,5253.0,85.0,10.0,<5jt
206050,Paulo Dybala,33.0,Attack,Second Striker,Associazione Sportiva Roma,Serie A,5000000.0,5.0,11.0,12.0,23.0,3803.0,64.0,4.6,<5jt
206225,Isaac Hayden,31.0,Midfield,Defensive Midfield,Queens Park Rangers,Premier League,400000.0,0.4,0.0,0.0,0.0,120.0,1.0,0.0,<5jt
206746,Kenny Tete,31.0,Defender,Right-Back,Fulham Football Club,Premier League,8000000.0,8.0,1.0,2.0,3.0,3664.0,45.0,0.375,5-10jt
207014,Will Hughes,31.0,Midfield,Central Midfield,Crystal Palace Football Club,Premier League,5000000.0,5.0,0.0,6.0,6.0,4293.0,75.0,1.2,<5jt
207877,Ruslan Malinovskyi,33.0,Midfield,Central Midfield,Genoa Cricket and Football Club,Serie A,2500000.0,2.5,7.0,6.0,13.0,2757.0,46.0,5.2,<5jt
207917,Alberto Moreno,34.0,Defender,Left-Back,Calcio Como,Serie A,1000000.0,1.0,2.0,2.0,4.0,3329.0,48.0,4.0,<5jt
207929,Dele Alli,30.0,Midfield,Attacking Midfield,Calcio Como,Serie A,1500000.0,1.5,0.0,0.0,0.0,9.0,1.0,0.0,<5jt
208172,Mateusz Wieteska,29.0,Defender,Centre-Back,Cagliari Calcio,Serie A,1000000.0,1.0,0.0,0.0,0.0,1013.0,15.0,0.0,<5jt
208379,Christian Walton,31.0,Goalkeeper,Goalkeeper,Ipswich Town,Premier League,900000.0,0.9,0.0,0.0,0.0,720.0,8.0,0.0,<5jt
209212,Solly March,32.0,Attack,Right Winger,Brighton and Hove Albion Football Club,Premier League,1000000.0,1.0,1.0,1.0,2.0,250.0,14.0,2.0,<5jt
211474,Ali Abdi,33.0,Defender,Left-Back,Olympique Gymnaste Club Nice Côte d'Azur,Ligue 1,2000000.0,2.0,9.0,3.0,12.0,3493.0,62.0,6.0,<5jt
212723,Djibril Sow,29.0,Midfield,Central Midfield,Sevilla Fútbol Club S.A.D.,LaLiga,7500000.0,7.5,7.0,5.0,12.0,4445.0,67.0,1.6,5-10jt
212804,Florian Tardieu,34.0,Midfield,Central Midfield,AS Saint-Étienne,Ligue 1,500000.0,0.5,2.0,4.0,6.0,1222.0,24.0,12.0,<5jt
212847,Adam Webster,31.0,Defender,Centre-Back,Brighton and Hove Albion Football Club,Premier League,3000000.0,3.0,1.0,0.0,1.0,1304.0,19.0,0.3333333333333333,<5jt
212862,Álex Remiro,31.0,Goalkeeper,Goalkeeper,Real Sociedad de Fútbol S.A.D.,LaLiga,9000000.0,9.0,0.0,0.0,0.0,8040.0,89.0,0.0,5-10jt
213260,Rubén García,33.0,Attack,Right Winger,Club Atlético Osasuna,LaLiga,1600000.0,1.6,7.0,13.0,20.0,5059.0,79.0,12.5,<5jt
213670,Lucas Torró,32.0,Midfield,Defensive Midfield,Club Atlético Osasuna,LaLiga,2500000.0,2.5,3.0,2.0,5.0,5724.0,77.0,2.0,<5jt
214532,Pierrick Capelle,39.0,Midfield,Central Midfield,Angers Sporting Club de l'Ouest,Ligue 1,150000.0,0.15,0.0,1.0,1.0,1124.0,32.0,6.666666666666667,<5jt
215599,Lukas Klostermann,30.0,Defender,Centre-Back,RasenBallsport Leipzig,Bundesliga,3500000.0,3.5,1.0,1.0,2.0,2203.0,42.0,0.5714285714285714,<5jt
215649,Mirko Marić,31.0,Attack,Centre-Forward,AC Monza,Serie A,500000.0,0.5,0.0,1.0,1.0,684.0,21.0,2.0,<5jt
215810,Tom King,31.0,Goalkeeper,Goalkeeper,Everton Football Club,Premier League,100000.0,0.1,0.0,0.0,0.0,1.0,1.0,0.0,<5jt
215876,Ricardo Pereira,33.0,Defender,Right-Back,Leicester City,Premier League,3000000.0,3.0,0.0,0.0,0.0,475.0,11.0,0.0,<5jt
215977,Adrien Thomasson,33.0,Midfield,Central Midfield,Racing Club de Lens,Ligue 1,4000000.0,4.0,6.0,17.0,23.0,5496.0,67.0,5.75,<5jt
216179,Stefano Sensi,31.0,Midfield,Central Midfield,AC Monza,Serie A,1200000.0,1.2,1.0,0.0,1.0,319.0,14.0,0.8333333333333334,<5jt
216569,Jérémie Boga,29.0,Attack,Left Winger,Juventus Football Club,Serie A,8000000.0,8.0,9.0,4.0,13.0,2884.0,61.0,1.625,5-10jt
216599,Domen Crnigoj,31.0,Midfield,Central Midfield,Venezia FC,Serie A,250000.0,0.25,0.0,0.0,0.0,145.0,9.0,0.0,<5jt
216870,Nacho Vidal,31.0,Defender,Right-Back,Real Oviedo S.A.D.,LaLiga,1200000.0,1.2,0.0,1.0,1.0,2683.0,39.0,0.8333333333333334,<5jt
216872,Francesco Zampano,33.0,Midfield,Right Midfield,Venezia FC,Serie A,800000.0,0.8,1.0,2.0,3.0,1731.0,25.0,3.75,<5jt
217115,Neal Maupay,30.0,Attack,Centre-Forward,Sevilla Fútbol Club S.A.D.,LaLiga,4000000.0,4.0,6.0,5.0,11.0,1915.0,35.0,2.75,<5jt
217144,Aleix Febas,30.0,Midfield,Central Midfield,Elche Club de Fútbol S.A.D.,LaLiga,5000000.0,5.0,2.0,2.0,4.0,3256.0,37.0,0.8,<5jt
221150,Dakonam Djené,34.0,Defender,Centre-Back,Getafe Club de Fútbol S. A. D. Team Dubai,LaLiga,1400000.0,1.4,0.0,0.0,0.0,5408.0,70.0,0.0,<5jt
221311,Iván Sánchez,34.0,Attack,Right Winger,Real Valladolid CF,LaLiga,500000.0,0.5,2.0,2.0,4.0,1545.0,35.0,8.0,<5jt
221316,Lucas Vázquez,35.0,Defender,Right-Back,Bayer 04 Leverkusen Fußball,Bundesliga,1500000.0,1.5,3.0,10.0,13.0,4225.0,73.0,8.666666666666666,<5jt
221322,José Gayà,31.0,Defender,Left-Back,Valencia Club de Fútbol S. A. D.,LaLiga,4000000.0,4.0,1.0,3.0,4.0,4272.0,55.0,1.0,<5jt
221958,Roman Yaremchuk,31.0,Attack,Centre-Forward,Olympique Lyonnais,Ligue 1,3500000.0,3.5,15.0,4.0,19.0,1952.0,55.0,5.428571428571429,<5jt
222855,Jesper Karlström,31.0,Midfield,Defensive Midfield,Udinese Calcio,Serie A,4000000.0,4.0,1.0,3.0,4.0,6630.0,77.0,1.0,<5jt
223725,Munir El Haddadi,31.0,Midfield,Attacking Midfield,CD Leganés,LaLiga,2500000.0,2.5,7.0,0.0,7.0,1253.0,30.0,2.8,<5jt
223967,Konrad Laimer,29.0,Defender,Right-Back,FC Bayern München,Bundesliga,32000000.0,32.0,6.0,17.0,23.0,6145.0,92.0,0.71875,20-40jt
223974,Stefan Posch,29.0,Defender,Centre-Back,1. Fußball- und Sportverein Mainz 05,Bundesliga,6000000.0,6.0,1.0,0.0,1.0,3557.0,59.0,0.16666666666666666,5-10jt
223979,Xaver Schlager,29.0,Midfield,Central Midfield,RasenBallsport Leipzig,Bundesliga,10000000.0,10.0,3.0,1.0,4.0,2267.0,35.0,0.4,5-10jt
225020,Mariano Díaz,33.0,Attack,Centre-Forward,Deportivo Alavés S. A. D.,LaLiga,300000.0,0.3,3.0,1.0,4.0,431.0,13.0,13.333333333333334,<5jt
225043,Carl Johansson,32.0,Defender,Centre-Back,Holstein Kiel,Bundesliga,450000.0,0.45,0.0,0.0,0.0,568.0,10.0,0.0,<5jt
225122,Gonçalo Guedes,30.0,Attack,Left Winger,Real Sociedad de Fútbol S.A.D.,LaLiga,6000000.0,6.0,13.0,13.0,26.0,3560.0,72.0,4.333333333333333,5-10jt
225593,Pere Milla,34.0,Attack,Left Winger,Reial Club Deportiu Espanyol de Barcelona S.A.D.,LaLiga,1000000.0,1.0,10.0,1.0,11.0,2534.0,55.0,11.0,<5jt
225657,Philipp Lienhart,30.0,Defender,Centre-Back,Sport-Club Freiburg,Bundesliga,10000000.0,10.0,3.0,0.0,3.0,5355.0,68.0,0.3,5-10jt
226012,David Soria,33.0,Goalkeeper,Goalkeeper,Getafe Club de Fútbol S. A. D. Team Dubai,LaLiga,2800000.0,2.8,0.0,0.0,0.0,6924.0,77.0,0.0,<5jt
226025,Luca Mazzitelli,31.0,Midfield,Central Midfield,Cagliari Calcio,Serie A,1200000.0,1.2,3.0,3.0,6.0,1237.0,32.0,5.0,<5jt
226049,Freddie Woodman,29.0,Goalkeeper,Goalkeeper,Liverpool Football Club,Premier League,3000000.0,3.0,0.0,0.0,0.0,302.0,4.0,0.0,<5jt
226261,César de la Hoz,34.0,Midfield,Defensive Midfield,Real Valladolid CF,LaLiga,250000.0,0.25,0.0,0.0,0.0,120.0,1.0,0.0,<5jt
226524,Morten Thorsby,30.0,Midfield,Central Midfield,Unione Sportiva Cremonese S.p.A.,Serie A,2800000.0,2.8,3.0,3.0,6.0,3571.0,58.0,2.142857142857143,<5jt
226973,Harrison Reed,31.0,Midfield,Central Midfield,Fulham Football Club,Premier League,2000000.0,2.0,2.0,1.0,3.0,898.0,30.0,1.5,<5jt
227084,Benedikt Gimber,29.0,Defender,Centre-Back,1. Fußballclub Heidenheim 1846,Bundesliga,1500000.0,1.5,0.0,0.0,0.0,4368.0,56.0,0.0,<5jt
227110,Jordan Torunarigha,29.0,Defender,Centre-Back,Hamburger Sport Verein,Bundesliga,4000000.0,4.0,0.0,1.0,1.0,4309.0,53.0,0.25,<5jt
227961,Jaime Mata,38.0,Attack,Centre-Forward,UD Las Palmas,LaLiga,900000.0,0.9,4.0,0.0,4.0,863.0,34.0,4.444444444444445,<5jt
228444,Ridgeciano Haps,33.0,Defender,Left-Back,Venezia FC,Serie A,900000.0,0.9,1.0,1.0,2.0,1368.0,25.0,2.2222222222222223,<5jt
228948,Thilo Kehrer,30.0,Defender,Centre-Back,Association sportive de Monaco Football Club,Ligue 1,12000000.0,12.0,5.0,1.0,6.0,6375.0,75.0,0.5,10-20jt
229006,Franck Honorat,30.0,Attack,Right Winger,Borussia Verein für Leibesübungen 1900 Mönchengladbach,Bundesliga,7000000.0,7.0,7.0,18.0,25.0,3855.0,52.0,3.5714285714285716,5-10jt
229604,Gerónimo Rulli,34.0,Goalkeeper,Goalkeeper,Olympique de Marseille,Ligue 1,6000000.0,6.0,0.0,0.0,0.0,6480.0,72.0,0.0,5-10jt
229804,Aritz Elustondo,32.0,Defender,Centre-Back,Real Sociedad de Fútbol S.A.D.,LaLiga,1500000.0,1.5,0.0,2.0,2.0,3233.0,56.0,1.3333333333333333,<5jt
229853,Birama Touré,34.0,Midfield,Defensive Midfield,Montpellier HSC,Ligue 1,400000.0,0.4,0.0,0.0,0.0,295.0,8.0,0.0,<5jt
230784,Thomas Partey,33.0,Midfield,Defensive Midfield,Villarreal Club de Fútbol S.A.D.,LaLiga,2000000.0,2.0,4.0,3.0,7.0,5044.0,80.0,3.5,<5jt
232271,Sofiane Boufal,33.0,Midfield,Attacking Midfield,Le Havre Athletic Club,Ligue 1,1800000.0,1.8,1.0,10.0,11.0,2199.0,52.0,6.111111111111111,<5jt
232320,Atakan Karazor,30.0,Midfield,Defensive Midfield,Verein für Bewegungsspiele Stuttgart 1893,Bundesliga,8000000.0,8.0,5.0,5.0,10.0,6942.0,90.0,1.25,5-10jt
232454,Nadiem Amiri,30.0,Midfield,Central Midfield,1. Fußball- und Sportverein Mainz 05,Bundesliga,17000000.0,17.0,23.0,9.0,32.0,5101.0,62.0,1.8823529411764706,10-20jt
232895,Zinedine Ferhat,33.0,Attack,Right Winger,Angers Sporting Club de l'Ouest,Ligue 1,2300000.0,2.3,2.0,0.0,2.0,838.0,24.0,0.8695652173913044,<5jt
234029,Grischa Prömel,31.0,Midfield,Central Midfield,Turn- und Sportgemeinschaft 1899 Hoffenheim Fußball-Spielbetriebs,Bundesliga,3500000.0,3.5,8.0,2.0,10.0,2054.0,37.0,2.857142857142857,<5jt
234523,Antonio Sanabria,30.0,Attack,Centre-Forward,Unione Sportiva Cremonese S.p.A.,Serie A,1800000.0,1.8,3.0,2.0,5.0,2351.0,53.0,2.7777777777777777,<5jt
234781,Maxwel Cornet,30.0,Attack,Left Winger,Genoa Cricket and Football Club,Serie A,2000000.0,2.0,2.0,1.0,3.0,425.0,17.0,1.5,<5jt
234803,Andrew Robertson,32.0,Defender,Left-Back,Liverpool Football Club,Premier League,7000000.0,7.0,3.0,4.0,7.0,5043.0,77.0,1.0,5-10jt
235412,Jawad El Yamiq,34.0,Defender,Centre-Back,Real Zaragoza,LaLiga,300000.0,0.3,0.0,0.0,0.0,192.0,3.0,0.0,<5jt
235931,Alessandro Deiola,31.0,Midfield,Central Midfield,Cagliari Calcio,Serie A,1500000.0,1.5,2.0,3.0,5.0,3225.0,55.0,3.3333333333333335,<5jt
236490,Ola Aina,30.0,Defender,Right-Back,Nottingham Forest Football Club,Premier League,18000000.0,18.0,2.0,2.0,4.0,5352.0,63.0,0.2222222222222222,10-20jt
236953,Sam Byram,33.0,Defender,Left-Back,Leeds United Association Football Club,Premier League,400000.0,0.4,0.0,0.0,0.0,86.0,5.0,0.0,<5jt
236966,Adam Dzwigala,31.0,Defender,Centre-Back,Fußball-Club St. Pauli von 1910,Bundesliga,800000.0,0.8,2.0,1.0,3.0,1707.0,36.0,3.75,<5jt
236981,Timo Hübers,30.0,Defender,Centre-Back,1. Fußball-Club Köln,Bundesliga,1500000.0,1.5,0.0,0.0,0.0,761.0,9.0,0.0,<5jt
237164,Ihlas Bebou,32.0,Attack,Centre-Forward,Turn- und Sportgemeinschaft 1899 Hoffenheim Fußball-Spielbetriebs,Bundesliga,600000.0,0.6,0.0,0.0,0.0,227.0,18.0,0.0,<5jt
237499,Aleksandar Sedlar,35.0,Defender,Centre-Back,Deportivo Alavés S. A. D.,LaLiga,275000.0,0.275,0.0,0.0,0.0,714.0,10.0,0.0,<5jt
237658,Michel Aebischer,29.0,Midfield,Central Midfield,Pisa Sporting Club,Serie A,4000000.0,4.0,1.0,2.0,3.0,3742.0,52.0,0.75,<5jt
237662,Breel Embolo,29.0,Attack,Centre-Forward,Stade Rennais Football Club,Ligue 1,15000000.0,15.0,15.0,11.0,26.0,4485.0,71.0,1.7333333333333334,10-20jt
238266,Duje Caleta-Car,30.0,Defender,Centre-Back,Real Sociedad de Fútbol S.A.D.,LaLiga,2800000.0,2.8,2.0,1.0,3.0,4827.0,60.0,1.0714285714285714,<5jt
238407,Alexander Sørloth,31.0,Attack,Centre-Forward,Club Atlético de Madrid S.A.D.,LaLiga,18000000.0,18.0,44.0,3.0,47.0,5147.0,108.0,2.611111111111111,10-20jt
238537,Wladimiro Falcone,31.0,Goalkeeper,Goalkeeper,Unione Sportiva Lecce,Serie A,3500000.0,3.5,0.0,0.0,0.0,7110.0,79.0,0.0,<5jt
238626,Laurent Abergel,33.0,Midfield,Defensive Midfield,Football Club Lorient-Bretagne Sud,Ligue 1,1800000.0,1.8,1.0,0.0,1.0,2325.0,28.0,0.5555555555555556,<5jt
238716,Théo Pellenard,32.0,Defender,Centre-Back,Association de la Jeunesse auxerroise,Ligue 1,500000.0,0.5,0.0,0.0,0.0,43.0,2.0,0.0,<5jt
238752,Keita Baldé,31.0,Attack,Left Winger,AC Monza,Serie A,900000.0,0.9,3.0,0.0,3.0,1076.0,22.0,3.333333333333333,<5jt
238868,Rubén Peña,35.0,Defender,Right-Back,Club Atlético Osasuna,LaLiga,600000.0,0.6,0.0,1.0,1.0,993.0,28.0,1.6666666666666667,<5jt
238993,Simone Scuffet,30.0,Goalkeeper,Goalkeeper,Pisa Sporting Club,Serie A,900000.0,0.9,0.0,0.0,0.0,2160.0,24.0,0.0,<5jt
239647,Aiyegun Tosin,28.0,Attack,Centre-Forward,Football Club Lorient-Bretagne Sud,Ligue 1,1800000.0,1.8,5.0,0.0,5.0,1068.0,27.0,2.7777777777777777,<5jt
239743,Przemyslaw Frankowski,31.0,Defender,Right-Back,Stade Rennais Football Club,Ligue 1,6000000.0,6.0,6.0,5.0,11.0,3570.0,51.0,1.8333333333333333,5-10jt
239802,Adam Marusic,34.0,Defender,Right-Back,Società Sportiva Lazio S.p.A.,Serie A,2500000.0,2.5,5.0,3.0,8.0,6545.0,86.0,3.2,<5jt
239962,Denis Vavro,30.0,Defender,Centre-Back,Verein für Leibesübungen Wolfsburg,Bundesliga,5000000.0,5.0,4.0,0.0,4.0,4811.0,61.0,0.8,<5jt
240306,Bruno Fernandes,32.0,Midfield,Attacking Midfield,Manchester United Football Club,Premier League,35000000.0,35.0,26.0,40.0,66.0,8017.0,92.0,1.8857142857142857,20-40jt
240414,Alex Meret,29.0,Goalkeeper,Goalkeeper,Società Sportiva Calcio Napoli,Serie A,8000000.0,8.0,0.0,1.0,1.0,4256.0,48.0,0.125,5-10jt
240675,Simone Perilli,31.0,Goalkeeper,Goalkeeper,Verona Hellas Football Club,Serie A,400000.0,0.4,0.0,0.0,0.0,630.0,7.0,0.0,<5jt
240692,Reinildo Mandava,32.0,Defender,Left-Back,Sunderland Association Football Club,Premier League,4000000.0,4.0,1.0,2.0,3.0,3768.0,59.0,0.75,<5jt
240897,Arturo Calabresi,30.0,Defender,Centre-Back,Pisa Sporting Club,Serie A,800000.0,0.8,0.0,1.0,1.0,1608.0,27.0,1.25,<5jt
241076,Emmanuel Gyasi,32.0,Midfield,Right Midfield,FC Empoli,Serie A,1000000.0,1.0,2.0,4.0,6.0,3512.0,44.0,6.0,<5jt
241229,Jordan Amavi,32.0,Defender,Left-Back,Stade brestois 29,Ligue 1,1200000.0,1.2,0.0,0.0,0.0,878.0,12.0,0.0,<5jt
241307,Finn Porath,29.0,Midfield,Right Midfield,Holstein Kiel,Bundesliga,600000.0,0.6,2.0,3.0,5.0,2130.0,33.0,8.333333333333334,<5jt
241527,Federico Bonazzoli,29.0,Attack,Centre-Forward,Unione Sportiva Cremonese S.p.A.,Serie A,2500000.0,2.5,10.0,2.0,12.0,2583.0,36.0,4.8,<5jt
241641,Bernardo Silva,32.0,Midfield,Attacking Midfield,Manchester City Football Club,Premier League,22000000.0,22.0,9.0,10.0,19.0,7992.0,104.0,0.8636363636363636,20-40jt
241923,Lorenzo Montipò,30.0,Goalkeeper,Goalkeeper,Verona Hellas Football Club,Serie A,1200000.0,1.2,0.0,1.0,1.0,6570.0,73.0,0.8333333333333334,<5jt
242086,Patrik Schick,30.0,Attack,Centre-Forward,Bayer 04 Leverkusen Fußball,Bundesliga,18000000.0,18.0,49.0,5.0,54.0,5415.0,88.0,3.0,10-20jt
242359,Juan Musso,32.0,Goalkeeper,Goalkeeper,Club Atlético de Madrid S.A.D.,LaLiga,3000000.0,3.0,0.0,0.0,0.0,2640.0,29.0,0.0,<5jt
242606,Josh Cullen,30.0,Midfield,Central Midfield,Burnley Football Club,Premier League,4000000.0,4.0,2.0,2.0,4.0,1520.0,18.0,1.0,<5jt
242631,Alex Iwobi,30.0,Attack,Left Winger,Fulham Football Club,Premier League,20000000.0,20.0,13.0,11.0,24.0,6387.0,82.0,1.2,10-20jt
242632,Glen Kamara,31.0,Midfield,Central Midfield,Stade Rennais Football Club,Ligue 1,2000000.0,2.0,0.0,1.0,1.0,717.0,17.0,0.5,<5jt
242661,Manolis Saliakas,30.0,Defender,Right-Back,Fußball-Club St. Pauli von 1910,Bundesliga,2000000.0,2.0,3.0,6.0,9.0,3680.0,51.0,4.5,<5jt
242940,Edoardo Goldaniga,33.0,Defender,Centre-Back,Calcio Como,Serie A,2000000.0,2.0,1.0,0.0,1.0,2700.0,36.0,0.5,<5jt
243760,Álex Muñoz,32.0,Defender,Left-Back,UD Las Palmas,LaLiga,1000000.0,1.0,3.0,0.0,3.0,1488.0,22.0,3.0,<5jt
243856,Cedric Itten,30.0,Attack,Centre-Forward,Fortuna Düsseldorf,Bundesliga,1800000.0,1.8,1.0,1.0,2.0,370.0,11.0,1.1111111111111112,<5jt
243879,Charles Pickel,29.0,Midfield,Defensive Midfield,Reial Club Deportiu Espanyol de Barcelona S.A.D.,LaLiga,2500000.0,2.5,1.0,0.0,1.0,856.0,26.0,0.4,<5jt
244192,Pierluigi Gollini,31.0,Goalkeeper,Goalkeeper,Associazione Sportiva Roma,Serie A,800000.0,0.8,0.0,0.0,0.0,720.0,8.0,0.0,<5jt
244940,Salih Özcan,28.0,Midfield,Defensive Midfield,Borussia Dortmund,Bundesliga,3500000.0,3.5,0.0,0.0,0.0,864.0,38.0,0.0,<5jt
245056,Saša Lukić,30.0,Midfield,Central Midfield,Fulham Football Club,Premier League,10000000.0,10.0,2.0,5.0,7.0,4504.0,64.0,0.7,5-10jt
245537,Nabil Bentaleb,32.0,Midfield,Defensive Midfield,Lille Olympique Sporting Club,Ligue 1,4500000.0,4.5,3.0,2.0,5.0,2150.0,45.0,1.1111111111111112,<5jt
245625,Alex Palmer,30.0,Goalkeeper,Goalkeeper,Ipswich Town,Premier League,900000.0,0.9,0.0,0.0,0.0,1380.0,15.0,0.0,<5jt
245744,Takuma Asano,32.0,Attack,Right Winger,Real Club Deportivo Mallorca S.A.D.,LaLiga,1500000.0,1.5,3.0,2.0,5.0,1981.0,46.0,3.3333333333333335,<5jt
246204,Salvi Sánchez,35.0,Attack,Right Winger,Reial Club Deportiu Espanyol de Barcelona S.A.D.,LaLiga,200000.0,0.2,0.0,0.0,0.0,56.0,1.0,0.0,<5jt
246291,Diego Llorente,33.0,Defender,Centre-Back,Real Betis Balompié S.A.D.,LaLiga,2500000.0,2.5,4.0,0.0,4.0,4983.0,63.0,1.6,<5jt
246968,Ayoze Pérez,33.0,Attack,Centre-Forward,Villarreal Club de Fútbol S.A.D.,LaLiga,5000000.0,5.0,29.0,9.0,38.0,3735.0,66.0,7.6,<5jt
247377,Kevin Bonifazi,30.0,Defender,Centre-Back,Bologna Football Club 1909,Serie A,300000.0,0.3,0.0,0.0,0.0,62.0,3.0,0.0,<5jt
247915,Jonas Omlin,32.0,Goalkeeper,Goalkeeper,Bayer 04 Leverkusen Fußball,Bundesliga,800000.0,0.8,0.0,0.0,0.0,1069.0,13.0,0.0,<5jt
248454,Nikola Vasilj,31.0,Goalkeeper,Goalkeeper,Fußball-Club St. Pauli von 1910,Bundesliga,4500000.0,4.5,0.0,0.0,0.0,6450.0,71.0,0.0,<5jt
248738,Sergio Herrera,33.0,Goalkeeper,Goalkeeper,Club Atlético Osasuna,LaLiga,2800000.0,2.8,0.0,0.0,0.0,6788.0,76.0,0.0,<5jt
248999,Lucas Höler,32.0,Attack,Centre-Forward,Sport-Club Freiburg,Bundesliga,3000000.0,3.0,12.0,6.0,18.0,4457.0,81.0,6.0,<5jt
249089,Lewis Cook,29.0,Midfield,Central Midfield,Association Football Club Bournemouth,Premier League,11000000.0,11.0,1.0,4.0,5.0,4281.0,59.0,0.45454545454545453,10-20jt
249126,Harry Winks,30.0,Midfield,Defensive Midfield,Leicester City,Premier League,7000000.0,7.0,1.0,3.0,4.0,1722.0,25.0,0.5714285714285714,5-10jt
249513,Diego Rico,33.0,Defender,Left-Back,Getafe Club de Fútbol S. A. D. Team Dubai,LaLiga,1000000.0,1.0,0.0,3.0,3.0,4994.0,65.0,3.0,<5jt
249565,Youri Tielemans,29.0,Midfield,Central Midfield,Aston Villa Football Club,Premier League,30000000.0,30.0,6.0,17.0,23.0,7009.0,87.0,0.7666666666666667,20-40jt
249636,Gautier Lloris,31.0,Defender,Centre-Back,Le Havre Athletic Club,Ligue 1,3000000.0,3.0,3.0,2.0,5.0,5170.0,60.0,1.6666666666666667,<5jt
249730,Guillermo Maripán,32.0,Defender,Centre-Back,Torino Calcio,Serie A,2000000.0,2.0,3.0,1.0,4.0,4625.0,58.0,2.0,<5jt
249994,José Sá,33.0,Goalkeeper,Goalkeeper,Wolverhampton Wanderers Football Club,Premier League,3500000.0,3.5,0.0,0.0,0.0,4770.0,53.0,0.0,<5jt
250153,Pasquale Mazzocchi,31.0,Defender,Right-Back,Società Sportiva Calcio Napoli,Serie A,1500000.0,1.5,0.0,1.0,1.0,1313.0,43.0,0.6666666666666666,<5jt
250426,Adam Armstrong,29.0,Attack,Centre-Forward,Wolverhampton Wanderers Football Club,Premier League,6000000.0,6.0,4.0,4.0,8.0,2645.0,40.0,1.3333333333333333,5-10jt
250478,Matt Targett,31.0,Defender,Left-Back,Newcastle United Football Club,Premier League,3000000.0,3.0,0.0,2.0,2.0,315.0,6.0,0.6666666666666666,<5jt
250683,Nikita Contini,30.0,Goalkeeper,Goalkeeper,Società Sportiva Calcio Napoli,Serie A,400000.0,0.4,0.0,0.0,0.0,10.0,1.0,0.0,<5jt
250779,Brendan Chardonnet,32.0,Defender,Centre-Back,Stade brestois 29,Ligue 1,4000000.0,4.0,2.0,4.0,6.0,5774.0,65.0,1.5,<5jt
250845,José María Giménez,31.0,Defender,Centre-Back,Club Atlético de Madrid S.A.D.,LaLiga,9000000.0,9.0,2.0,2.0,4.0,4670.0,65.0,0.4444444444444444,5-10jt
251075,Zeki Çelik,29.0,Defender,Right-Back,Associazione Sportiva Roma,Serie A,14000000.0,14.0,2.0,7.0,9.0,6900.0,89.0,0.6428571428571429,10-20jt
251106,Enes Ünal,29.0,Attack,Centre-Forward,Association Football Club Bournemouth,Premier League,7000000.0,7.0,3.0,1.0,4.0,574.0,41.0,0.5714285714285714,5-10jt
251299,Finn Dahmen,28.0,Goalkeeper,Goalkeeper,Fußball-Club Augsburg 1907,Bundesliga,12000000.0,12.0,0.0,0.0,0.0,5070.0,56.0,0.0,10-20jt
251302,Niklas Dorsch,28.0,Midfield,Defensive Midfield,1. Fußballclub Heidenheim 1846,Bundesliga,2500000.0,2.5,3.0,4.0,7.0,3865.0,59.0,2.8,<5jt
251322,Philipp Köhn,28.0,Goalkeeper,Goalkeeper,Association sportive de Monaco Football Club,Ligue 1,3500000.0,3.5,0.0,0.0,0.0,4319.0,49.0,0.0,<5jt
251845,Sergi Canós,29.0,Attack,Left Winger,Valencia Club de Fútbol S. A. D.,LaLiga,2500000.0,2.5,1.0,5.0,6.0,787.0,23.0,2.4,<5jt
251876,Pablo Maffeo,29.0,Defender,Right-Back,Real Club Deportivo Mallorca S.A.D.,LaLiga,3000000.0,3.0,2.0,4.0,6.0,5176.0,64.0,2.0,<5jt
251878,Aarón Martín,29.0,Defender,Left-Back,Genoa Cricket and Football Club,Serie A,5000000.0,5.0,1.0,15.0,16.0,5664.0,74.0,3.2,<5jt
251892,Juan Soriano,29.0,Goalkeeper,Goalkeeper,CD Leganés,LaLiga,1000000.0,1.0,0.0,0.0,0.0,1020.0,11.0,0.0,<5jt
251896,Jesús Vallejo,29.0,Defender,Centre-Back,Real Madrid Club de Fútbol,LaLiga,1000000.0,1.0,0.0,1.0,1.0,136.0,4.0,1.0,<5jt
251897,Asier Villalibre,29.0,Attack,Centre-Forward,Deportivo Alavés S. A. D.,LaLiga,2500000.0,2.5,1.0,1.0,2.0,490.0,19.0,0.8,<5jt
252677,José Luis Morales,39.0,Attack,Centre-Forward,Levante Unión Deportiva S.A.D.,LaLiga,200000.0,0.2,3.0,2.0,5.0,685.0,24.0,25.0,<5jt
253677,Tyrone Mings,33.0,Defender,Centre-Back,Aston Villa Football Club,Premier League,3000000.0,3.0,1.0,2.0,3.0,3207.0,41.0,1.0,<5jt
255488,Yeray Álvarez,31.0,Defender,Centre-Back,Athletic Club Bilbao,LaLiga,900000.0,0.9,2.0,0.0,2.0,2965.0,37.0,2.2222222222222223,<5jt
255495,Unai Elgezabal,33.0,Defender,Centre-Back,Levante Unión Deportiva S.A.D.,LaLiga,500000.0,0.5,2.0,1.0,3.0,1023.0,13.0,6.0,<5jt
255501,Iñigo Lekue,33.0,Defender,Right-Back,Athletic Club Bilbao,LaLiga,1000000.0,1.0,0.0,0.0,0.0,2366.0,41.0,0.0,<5jt
255508,Iñaki Williams,32.0,Attack,Right Winger,Athletic Club Bilbao,LaLiga,8000000.0,8.0,15.0,15.0,30.0,6556.0,89.0,3.75,5-10jt
255731,Wes Burns,32.0,Midfield,Right Midfield,Ipswich Town,Premier League,1200000.0,1.2,0.0,1.0,1.0,979.0,19.0,0.8333333333333334,<5jt
255788,Cameron Burgess,31.0,Defender,Centre-Back,Swansea City,Premier League,1500000.0,1.5,2.0,3.0,5.0,2247.0,27.0,3.3333333333333335,<5jt
255838,Patrick Ciurria,31.0,Midfield,Right Midfield,AC Monza,Serie A,1000000.0,1.0,1.0,1.0,2.0,1178.0,22.0,2.0,<5jt
255942,Nicolò Barella,29.0,Midfield,Central Midfield,Football Club Internazionale Milano S.p.A.,Serie A,50000000.0,50.0,6.0,18.0,24.0,7515.0,100.0,0.48,>40jt
256178,Joe Gomez,29.0,Defender,Centre-Back,Liverpool Football Club,Premier League,13000000.0,13.0,0.0,2.0,2.0,2034.0,47.0,0.15384615384615385,10-20jt
256267,Vedat Muriqi,32.0,Attack,Centre-Forward,Real Club Deportivo Mallorca S.A.D.,LaLiga,4500000.0,4.5,31.0,3.0,34.0,5351.0,69.0,7.555555555555555,<5jt
256339,Emil Audero,29.0,Goalkeeper,Goalkeeper,Unione Sportiva Cremonese S.p.A.,Serie A,2800000.0,2.8,0.0,0.0,0.0,3938.0,44.0,0.0,<5jt
256429,Sergi Guardiola,35.0,Attack,Centre-Forward,Rayo Vallecano de Madrid S. A. D.,LaLiga,800000.0,0.8,1.0,0.0,1.0,506.0,19.0,1.25,<5jt
256448,Gianluca Mancini,30.0,Defender,Centre-Back,Associazione Sportiva Roma,Serie A,15000000.0,15.0,8.0,4.0,12.0,7737.0,92.0,0.8,10-20jt
256678,Filippo Romagna,29.0,Defender,Centre-Back,Unione Sportiva Sassuolo Calcio,Serie A,800000.0,0.8,0.0,0.0,0.0,495.0,7.0,0.0,<5jt
257062,Álvaro García,34.0,Attack,Left Winger,Rayo Vallecano de Madrid S. A. D.,LaLiga,1500000.0,1.5,13.0,13.0,26.0,5118.0,76.0,17.333333333333332,<5jt
257376,Domingos Duarte,31.0,Defender,Centre-Back,Getafe Club de Fútbol S. A. D. Team Dubai,LaLiga,800000.0,0.8,2.0,1.0,3.0,5342.0,62.0,3.75,<5jt
257455,João Palhinha,31.0,Midfield,Defensive Midfield,Tottenham Hotspur Football Club,Premier League,15000000.0,15.0,7.0,3.0,10.0,3903.0,70.0,0.6666666666666666,10-20jt
257474,Vanja Milinković-Savić,29.0,Goalkeeper,Goalkeeper,Società Sportiva Calcio Napoli,Serie A,20000000.0,20.0,0.0,1.0,1.0,6930.0,77.0,0.05,10-20jt
257732,Amir Rrahmani,32.0,Defender,Centre-Back,Società Sportiva Calcio Napoli,Serie A,10000000.0,10.0,3.0,4.0,7.0,5837.0,66.0,0.7,5-10jt
257814,Gregor Kobel,29.0,Goalkeeper,Goalkeeper,Borussia Dortmund,Bundesliga,40000000.0,40.0,0.0,0.0,0.0,9015.0,100.0,0.0,20-40jt
258004,Rúben Dias,29.0,Defender,Centre-Back,Manchester City Football Club,Premier League,55000000.0,55.0,2.0,0.0,2.0,6043.0,76.0,0.03636363636363636,>40jt
258216,Kasey Palmer,30.0,Midfield,Attacking Midfield,Luton Town,Premier League,900000.0,0.9,0.0,1.0,1.0,172.0,2.0,1.1111111111111112,<5jt
258364,Calvin Verdonk,29.0,Defender,Left-Back,Lille Olympique Sporting Club,Ligue 1,2500000.0,2.5,1.0,3.0,4.0,4615.0,64.0,1.6,<5jt
258827,Jari Vandeputte,30.0,Midfield,Central Midfield,Unione Sportiva Cremonese S.p.A.,Serie A,3000000.0,3.0,1.0,6.0,7.0,2035.0,33.0,2.3333333333333335,<5jt
258878,Tosin Adarabioyo,29.0,Defender,Centre-Back,Chelsea Football Club,Premier League,16000000.0,16.0,6.0,1.0,7.0,3724.0,59.0,0.4375,10-20jt
258889,Dominic Solanke,29.0,Attack,Centre-Forward,Tottenham Hotspur Football Club,Premier League,28000000.0,28.0,20.0,7.0,27.0,4219.0,61.0,0.9642857142857143,20-40jt
258919,Dean Henderson,29.0,Goalkeeper,Goalkeeper,Crystal Palace Football Club,Premier League,28000000.0,28.0,0.0,0.0,0.0,7380.0,82.0,0.0,20-40jt
258923,Marcus Rashford,29.0,Attack,Left Winger,Futbol Club Barcelona,LaLiga,40000000.0,40.0,23.0,22.0,45.0,5010.0,89.0,1.125,20-40jt
258987,Carl Starfelt,31.0,Defender,Centre-Back,Real Club Celta de Vigo S. A. D.,LaLiga,4500000.0,4.5,2.0,0.0,2.0,4875.0,61.0,0.4444444444444444,<5jt
260827,Joachim Andersen,30.0,Defender,Centre-Back,Fulham Football Club,Premier League,20000000.0,20.0,1.0,2.0,3.0,6097.0,69.0,0.15,10-20jt
261503,Álvaro Fidalgo,29.0,Midfield,Central Midfield,Real Betis Balompié S.A.D.,LaLiga,6000000.0,6.0,1.0,0.0,1.0,749.0,13.0,0.16666666666666666,5-10jt
261504,Aleix García,29.0,Midfield,Central Midfield,Bayer 04 Leverkusen Fußball,Bundesliga,20000000.0,20.0,11.0,15.0,26.0,6369.0,93.0,1.3,10-20jt
261905,Suat Serdar,29.0,Midfield,Central Midfield,Verona Hellas Football Club,Serie A,2800000.0,2.8,4.0,2.0,6.0,2668.0,44.0,2.142857142857143,<5jt
262226,Timothy Castagne,31.0,Defender,Right-Back,Fulham Football Club,Premier League,8000000.0,8.0,1.0,2.0,3.0,4485.0,65.0,0.375,5-10jt
262300,Ryan Manning,30.0,Defender,Left-Back,Southampton FC,Premier League,2800000.0,2.8,0.0,2.0,2.0,2191.0,32.0,0.7142857142857143,<5jt
262396,Unai Simón,29.0,Goalkeeper,Goalkeeper,Athletic Club Bilbao,LaLiga,22000000.0,22.0,0.0,0.0,0.0,6272.0,70.0,0.0,20-40jt
262749,David Raya,31.0,Goalkeeper,Goalkeeper,Arsenal Football Club,Premier League,30000000.0,30.0,0.0,0.0,0.0,9210.0,102.0,0.0,20-40jt
262939,Johan Mojica,34.0,Defender,Left-Back,Real Club Deportivo Mallorca S.A.D.,LaLiga,1500000.0,1.5,1.0,6.0,7.0,5659.0,73.0,4.666666666666667,<5jt
262980,Jefferson Lerma,32.0,Midfield,Defensive Midfield,Crystal Palace Football Club,Premier League,6000000.0,6.0,0.0,7.0,7.0,4660.0,77.0,1.1666666666666667,5-10jt
263236,Kevin Danso,28.0,Defender,Centre-Back,Tottenham Hotspur Football Club,Premier League,20000000.0,20.0,0.0,0.0,0.0,4537.0,63.0,0.0,10-20jt
263361,Maximilian Wöber,28.0,Defender,Centre-Back,Sportverein Werder Bremen von 1899,Bundesliga,3000000.0,3.0,0.0,0.0,0.0,114.0,3.0,0.0,<5jt
263727,Joan Jordán,32.0,Midfield,Central Midfield,Sevilla Fútbol Club S.A.D.,LaLiga,1000000.0,1.0,5.0,2.0,7.0,1790.0,32.0,7.0,<5jt
263918,Aleksandr Golovin,30.0,Midfield,Attacking Midfield,Association sportive de Monaco Football Club,Ligue 1,18000000.0,18.0,8.0,7.0,15.0,3954.0,61.0,0.8333333333333334,10-20jt
264116,Gastón Pereiro,31.0,Midfield,Attacking Midfield,Genoa Cricket and Football Club,Serie A,250000.0,0.25,0.0,0.0,0.0,29.0,2.0,0.0,<5jt
264372,Viktor Tsygankov,29.0,Attack,Right Winger,Girona Fútbol Club S. A. D.,LaLiga,15000000.0,15.0,11.0,11.0,22.0,5033.0,67.0,1.4666666666666666,10-20jt
264960,Robin Fellhauer,28.0,Midfield,Defensive Midfield,Fußball-Club Augsburg 1907,Bundesliga,3500000.0,3.5,3.0,3.0,6.0,2944.0,36.0,1.7142857142857142,<5jt
265078,Patrick Cutrone,28.0,Attack,Centre-Forward,Calcio Como,Serie A,5000000.0,5.0,8.0,5.0,13.0,2134.0,34.0,2.6,<5jt
265088,Manuel Locatelli,28.0,Midfield,Defensive Midfield,Juventus Football Club,Serie A,25000000.0,25.0,5.0,4.0,9.0,7636.0,98.0,0.36,20-40jt
265209,Noah Loosli,29.0,Defender,Centre-Back,VfL Bochum,Bundesliga,750000.0,0.75,0.0,0.0,0.0,90.0,1.0,0.0,<5jt
266359,Benjamin Bourigeaud,32.0,Midfield,Central Midfield,Stade Rennais Football Club,Ligue 1,5000000.0,5.0,1.0,0.0,1.0,81.0,1.0,0.2,<5jt
267160,Adam Buksa,30.0,Attack,Centre-Forward,Udinese Calcio,Serie A,3500000.0,3.5,16.0,1.0,17.0,3766.0,64.0,4.857142857142857,<5jt
268327,Mathias Rasmussen,29.0,Midfield,Central Midfield,Fußball-Club St. Pauli von 1910,Bundesliga,2000000.0,2.0,3.0,4.0,7.0,3070.0,64.0,3.5,<5jt
268429,Sandi Lovrić,28.0,Midfield,Central Midfield,Verona Hellas Football Club,Serie A,3500000.0,3.5,2.0,5.0,7.0,3162.0,55.0,2.0,<5jt
268642,Renzo Saravia,33.0,Defender,Right-Back,Valencia Club de Fútbol S. A. D.,LaLiga,1400000.0,1.4,0.0,0.0,0.0,354.0,5.0,0.0,<5jt
268670,Gerard Gumbau,32.0,Midfield,Defensive Midfield,Rayo Vallecano de Madrid S. A. D.,LaLiga,1200000.0,1.2,1.0,6.0,7.0,2741.0,60.0,5.833333333333334,<5jt
270171,Vitaly Janelt,28.0,Midfield,Defensive Midfield,Brentford Football Club,Premier League,16000000.0,16.0,2.0,7.0,9.0,4070.0,63.0,0.5625,10-20jt
270393,Robert Skov,30.0,Midfield,Left Midfield,1. Fußballclub Union Berlin,Bundesliga,2000000.0,2.0,3.0,2.0,5.0,1204.0,20.0,2.5,<5jt
270541,Serhou Guirassy,30.0,Attack,Centre-Forward,Borussia Dortmund,Bundesliga,32000000.0,32.0,60.0,15.0,75.0,7462.0,96.0,2.34375,20-40jt
271455,Mihailo Ristic,31.0,Defender,Left-Back,Real Club Celta de Vigo S. A. D.,LaLiga,800000.0,0.8,0.0,3.0,3.0,1353.0,26.0,3.75,<5jt
272261,Antonín Barák,32.0,Midfield,Attacking Midfield,Associazione Calcio Fiorentina,Serie A,4500000.0,4.5,2.0,0.0,2.0,896.0,24.0,0.4444444444444444,<5jt
272278,Chris Führich,28.0,Attack,Left Winger,Verein für Bewegungsspiele Stuttgart 1893,Bundesliga,12000000.0,12.0,12.0,13.0,25.0,5462.0,97.0,2.0833333333333335,10-20jt
272622,Issa Diop,29.0,Defender,Centre-Back,Fulham Football Club,Premier League,8000000.0,8.0,1.0,0.0,1.0,2713.0,41.0,0.125,5-10jt
272642,Allan Saint-Maximin,29.0,Attack,Left Winger,Racing Club de Lens,Ligue 1,10000000.0,10.0,7.0,8.0,15.0,2141.0,39.0,1.5,5-10jt
272812,Kingsley Ehizibue,31.0,Defender,Right-Back,Udinese Calcio,Serie A,2000000.0,2.0,2.0,1.0,3.0,4648.0,69.0,1.5,<5jt
273132,Robin Gosens,32.0,Defender,Left-Back,Associazione Calcio Fiorentina,Serie A,4000000.0,4.0,9.0,9.0,18.0,4820.0,64.0,4.5,<5jt
273669,Adrian Beck,29.0,Midfield,Attacking Midfield,1. Fußballclub Heidenheim 1846,Bundesliga,1500000.0,1.5,5.0,4.0,9.0,2592.0,58.0,6.0,<5jt
274862,Moses Simon,31.0,Attack,Left Winger,Paris Football Club,Ligue 1,7000000.0,7.0,11.0,13.0,24.0,4948.0,68.0,3.4285714285714284,5-10jt
275218,Augusto Batalla,30.0,Goalkeeper,Goalkeeper,Rayo Vallecano de Madrid S. A. D.,LaLiga,6000000.0,6.0,0.0,0.0,0.0,6120.0,68.0,0.0,5-10jt
275249,Niklas Schmidt,28.0,Midfield,Central Midfield,Toulouse Football Club,Ligue 1,1500000.0,1.5,0.0,1.0,1.0,200.0,9.0,0.6666666666666666,<5jt
275303,Hans Hateboer,32.0,Defender,Right-Back,Olympique Lyonnais,Ligue 1,1800000.0,1.8,0.0,0.0,0.0,2448.0,43.0,0.0,<5jt
276111,David Costas,31.0,Defender,Centre-Back,Real Oviedo S.A.D.,LaLiga,1200000.0,1.2,1.0,0.0,1.0,2064.0,25.0,0.8333333333333334,<5jt
276896,Samuel Gigot,33.0,Defender,Centre-Back,Società Sportiva Lazio S.p.A.,Serie A,1200000.0,1.2,2.0,1.0,3.0,1366.0,23.0,2.5,<5jt
277033,David Brooks,29.0,Attack,Right Winger,Association Football Club Bournemouth,Premier League,12000000.0,12.0,4.0,5.0,9.0,2455.0,66.0,0.75,10-20jt
277179,Angeliño,29.0,Defender,Left-Back,Associazione Sportiva Roma,Serie A,4500000.0,4.5,4.0,7.0,11.0,4865.0,61.0,2.4444444444444446,<5jt
277384,Martin Valjent,31.0,Defender,Centre-Back,Real Club Deportivo Mallorca S.A.D.,LaLiga,3000000.0,3.0,3.0,0.0,3.0,6397.0,73.0,1.0,<5jt
277533,Josan,37.0,Attack,Right Winger,Elche Club de Fútbol S.A.D.,LaLiga,100000.0,0.1,0.0,4.0,4.0,841.0,23.0,40.0,<5jt
278296,Antonio Raíllo,35.0,Defender,Centre-Back,Real Club Deportivo Mallorca S.A.D.,LaLiga,1000000.0,1.0,2.0,2.0,4.0,5403.0,62.0,4.0,<5jt
278332,Florian Neuhaus,29.0,Midfield,Central Midfield,Borussia Verein für Leibesübungen 1900 Mönchengladbach,Bundesliga,2500000.0,2.5,0.0,2.0,2.0,1389.0,37.0,0.8,<5jt
278359,Borja Iglesias,33.0,Attack,Centre-Forward,Real Club Celta de Vigo S. A. D.,LaLiga,2800000.0,2.8,29.0,6.0,35.0,4773.0,89.0,12.5,<5jt
278531,Sebastiano Luperto,30.0,Defender,Centre-Back,Unione Sportiva Cremonese S.p.A.,Serie A,4000000.0,4.0,2.0,5.0,7.0,6610.0,74.0,1.75,<5jt
278837,Luis Rioja,33.0,Attack,Right Winger,Valencia Club de Fútbol S. A. D.,LaLiga,1800000.0,1.8,9.0,9.0,18.0,5765.0,81.0,10.0,<5jt
279009,Marco Richter,29.0,Midfield,Attacking Midfield,1. Fußball- und Sportverein Mainz 05,Bundesliga,1500000.0,1.5,0.0,0.0,0.0,22.0,1.0,0.0,<5jt
279455,Harry Wilson,29.0,Attack,Right Winger,Fulham Football Club,Premier League,25000000.0,25.0,17.0,10.0,27.0,4134.0,67.0,1.08,20-40jt
279823,Stefano Moreo,33.0,Attack,Centre-Forward,Pisa Sporting Club,Serie A,1200000.0,1.2,7.0,1.0,8.0,2388.0,38.0,6.666666666666667,<5jt
280575,Elvis Rexhbecaj,29.0,Midfield,Central Midfield,Fußball-Club Augsburg 1907,Bundesliga,3500000.0,3.5,4.0,1.0,5.0,3255.0,58.0,1.4285714285714286,<5jt
280730,Álvaro Odriozola,31.0,Defender,Right-Back,Real Sociedad de Fútbol S.A.D.,LaLiga,800000.0,0.8,1.0,0.0,1.0,857.0,18.0,1.25,<5jt
281769,Mario Hermoso,31.0,Defender,Centre-Back,Associazione Sportiva Roma,Serie A,7000000.0,7.0,5.0,2.0,7.0,3690.0,56.0,1.0,5-10jt
281963,Lucas Hernández,30.0,Defender,Left-Back,Paris Saint-Germain Football Club,Ligue 1,18000000.0,18.0,0.0,3.0,3.0,3068.0,60.0,0.16666666666666666,10-20jt
281989,Luis Milla,32.0,Midfield,Central Midfield,Getafe Club de Fútbol S. A. D. Team Dubai,LaLiga,3500000.0,3.5,2.0,14.0,16.0,6530.0,75.0,4.571428571428571,<5jt
282028,Rémy Descamps,30.0,Goalkeeper,Goalkeeper,Olympique Lyonnais,Ligue 1,1500000.0,1.5,0.0,0.0,0.0,990.0,11.0,0.0,<5jt
282041,Presnel Kimpembe,31.0,Defender,Centre-Back,Paris Saint-Germain Football Club,Ligue 1,4000000.0,4.0,0.0,0.0,0.0,39.0,3.0,0.0,<5jt
282144,Marin Pongracic,29.0,Defender,Centre-Back,Associazione Calcio Fiorentina,Serie A,6500000.0,6.5,0.0,0.0,0.0,4641.0,61.0,0.0,5-10jt
282169,Marin Šverko,28.0,Defender,Centre-Back,Venezia FC,Serie A,400000.0,0.4,1.0,0.0,1.0,1209.0,17.0,2.5,<5jt
282349,Timo Becker,29.0,Defender,Centre-Back,Holstein Kiel,Bundesliga,1500000.0,1.5,0.0,2.0,2.0,2596.0,32.0,1.3333333333333333,<5jt
282388,Giovanni Simeone,31.0,Attack,Centre-Forward,Torino Calcio,Serie A,7000000.0,7.0,13.0,4.0,17.0,2988.0,69.0,2.4285714285714284,5-10jt
282411,Marcos Llorente,31.0,Defender,Right-Back,Club Atlético de Madrid S.A.D.,LaLiga,20000000.0,20.0,9.0,15.0,24.0,7740.0,99.0,1.2,10-20jt
282421,Javi Muñoz,31.0,Midfield,Central Midfield,Getafe Club de Fútbol S. A. D. Team Dubai,LaLiga,1200000.0,1.2,3.0,3.0,6.0,3685.0,59.0,5.0,<5jt
282660,Maximilian Mittelstädt,29.0,Defender,Left-Back,Verein für Bewegungsspiele Stuttgart 1893,Bundesliga,18000000.0,18.0,8.0,18.0,26.0,7175.0,93.0,1.4444444444444444,10-20jt
282672,Benito Ramírez,31.0,Attack,Left Winger,UD Las Palmas,LaLiga,600000.0,0.6,0.0,1.0,1.0,642.0,22.0,1.6666666666666667,<5jt
282700,Enric Franquesa,29.0,Defender,Left-Back,CD Leganés,LaLiga,1000000.0,1.0,1.0,0.0,1.0,640.0,13.0,1.0,<5jt
282939,Luke O'Nien,32.0,Defender,Centre-Back,Sunderland Association Football Club,Premier League,700000.0,0.7,0.0,1.0,1.0,864.0,15.0,1.4285714285714286,<5jt
283170,Iñaki Peña,27.0,Goalkeeper,Goalkeeper,Elche Club de Fútbol S.A.D.,LaLiga,4000000.0,4.0,0.0,0.0,0.0,3406.0,39.0,0.0,<5jt
283227,Rasmus Nicolaisen,29.0,Defender,Centre-Back,Toulouse Football Club,Ligue 1,5000000.0,5.0,1.0,1.0,2.0,3192.0,39.0,0.4,<5jt
283489,Luca Zidane,28.0,Goalkeeper,Goalkeeper,Granada CF,LaLiga,1000000.0,1.0,0.0,0.0,0.0,90.0,1.0,0.0,<5jt
283497,Mathias Honsak,30.0,Attack,Left Winger,1. Fußballclub Heidenheim 1846,Bundesliga,1700000.0,1.7,9.0,3.0,12.0,2631.0,55.0,7.0588235294117645,<5jt
283628,Tomáš Souček,31.0,Midfield,Defensive Midfield,West Ham United Football Club,Premier League,10000000.0,10.0,15.0,2.0,17.0,5284.0,76.0,1.7,5-10jt
283735,Mattia Zaccagni,31.0,Attack,Left Winger,Società Sportiva Lazio S.p.A.,Serie A,7500000.0,7.5,15.0,11.0,26.0,5868.0,76.0,3.466666666666667,5-10jt
283994,Ludovic Ajorque,32.0,Attack,Centre-Forward,Stade brestois 29,Ligue 1,3000000.0,3.0,21.0,16.0,37.0,5972.0,71.0,12.333333333333334,<5jt
284010,Robin Hack,28.0,Attack,Left Winger,Borussia Verein für Leibesübungen 1900 Mönchengladbach,Bundesliga,7000000.0,7.0,7.0,8.0,15.0,2615.0,43.0,2.142857142857143,5-10jt
284270,Moritz Nicolas,29.0,Goalkeeper,Goalkeeper,Borussia Verein für Leibesübungen 1900 Mönchengladbach,Bundesliga,8000000.0,8.0,0.0,0.0,0.0,5060.0,57.0,0.0,5-10jt
284320,Dion Charles,31.0,Attack,Centre-Forward,Huddersfield Town,Premier League,500000.0,0.5,0.0,0.0,0.0,261.0,4.0,0.0,<5jt
284430,Aarón Escandell,31.0,Goalkeeper,Goalkeeper,Real Oviedo S.A.D.,LaLiga,3000000.0,3.0,0.0,1.0,1.0,3240.0,36.0,0.3333333333333333,<5jt
284595,Tommaso Augello,32.0,Defender,Left-Back,Cagliari Calcio,Serie A,1200000.0,1.2,0.0,8.0,8.0,2971.0,41.0,6.666666666666667,<5jt
284730,Manuel Akanji,31.0,Defender,Centre-Back,Football Club Internazionale Milano S.p.A.,Serie A,17000000.0,17.0,2.0,2.0,4.0,6793.0,85.0,0.23529411764705882,10-20jt
284732,Ramy Bensebaini,31.0,Defender,Centre-Back,Borussia Dortmund,Bundesliga,7000000.0,7.0,10.0,10.0,20.0,6122.0,85.0,2.857142857142857,5-10jt
284769,Florian Müller,29.0,Goalkeeper,Goalkeeper,Sport-Club Freiburg,Bundesliga,1200000.0,1.2,0.0,0.0,0.0,1397.0,16.0,0.0,<5jt
284854,Carles Aleñá,28.0,Midfield,Central Midfield,Deportivo Alavés S. A. D.,LaLiga,3000000.0,3.0,0.0,6.0,6.0,3832.0,64.0,2.0,<5jt
284857,Marc Cucurella,28.0,Defender,Left-Back,Chelsea Football Club,Premier League,50000000.0,50.0,6.0,7.0,13.0,7494.0,93.0,0.26,>40jt
284884,Óscar Rodríguez,28.0,Midfield,Attacking Midfield,CD Leganés,LaLiga,1800000.0,1.8,1.0,6.0,7.0,1608.0,33.0,3.888888888888889,<5jt
285323,Baptiste Santamaria,31.0,Midfield,Defensive Midfield,Valencia Club de Fútbol S. A. D.,LaLiga,2500000.0,2.5,1.0,4.0,5.0,2426.0,45.0,2.0,<5jt
285845,Ainsley Maitland-Niles,29.0,Defender,Right-Back,Olympique Lyonnais,Ligue 1,10000000.0,10.0,3.0,11.0,14.0,5963.0,81.0,1.4,5-10jt
286047,Guglielmo Vicario,30.0,Goalkeeper,Goalkeeper,Tottenham Hotspur Football Club,Premier League,18000000.0,18.0,0.0,0.0,0.0,6823.0,76.0,0.0,10-20jt
286297,Lorenzo Pellegrini,30.0,Midfield,Attacking Midfield,Associazione Sportiva Roma,Serie A,8000000.0,8.0,10.0,7.0,17.0,4135.0,68.0,2.125,5-10jt
286384,Eric Bailly,32.0,Defender,Centre-Back,Real Oviedo S.A.D.,LaLiga,1200000.0,1.2,1.0,0.0,1.0,1974.0,28.0,0.8333333333333334,<5jt
286415,Pau López,32.0,Goalkeeper,Goalkeeper,Real Betis Balompié S.A.D.,LaLiga,2500000.0,2.5,0.0,0.0,0.0,1695.0,19.0,0.0,<5jt
287579,Sofyan Amrabat,30.0,Midfield,Defensive Midfield,Real Betis Balompié S.A.D.,LaLiga,10000000.0,10.0,4.0,4.0,8.0,5352.0,73.0,0.8,5-10jt
287635,Assane Dioussé,29.0,Midfield,Defensive Midfield,Association de la Jeunesse auxerroise,Ligue 1,500000.0,0.5,0.0,0.0,0.0,868.0,32.0,0.0,<5jt
287920,Tim Skarke,30.0,Attack,Centre-Forward,1. Fußballclub Union Berlin,Bundesliga,1500000.0,1.5,1.0,3.0,4.0,1896.0,60.0,2.6666666666666665,<5jt
288225,Ludovic Blas,28.0,Midfield,Right Midfield,Stade Rennais Football Club,Ligue 1,10000000.0,10.0,11.0,13.0,24.0,3844.0,61.0,2.4,5-10jt
288230,Ousmane Dembélé,29.0,Attack,Centre-Forward,Paris Saint-Germain Football Club,Ligue 1,100000000.0,100.0,50.0,25.0,75.0,5171.0,85.0,0.75,>40jt
288255,Donny van de Beek,29.0,Midfield,Central Midfield,Girona Fútbol Club S. A. D.,LaLiga,1800000.0,1.8,3.0,2.0,5.0,2015.0,37.0,2.7777777777777777,<5jt
288318,Adrián Embarba,34.0,Attack,Right Winger,Rayo Vallecano de Madrid S. A. D.,LaLiga,1000000.0,1.0,2.0,2.0,4.0,1878.0,40.0,4.0,<5jt
288323,Marcus Harness,30.0,Midfield,Attacking Midfield,Ipswich Town,Premier League,750000.0,0.75,0.0,1.0,1.0,208.0,4.0,1.3333333333333333,<5jt
288340,Phillip Tietz,29.0,Attack,Centre-Forward,1. Fußball- und Sportverein Mainz 05,Bundesliga,4000000.0,4.0,14.0,7.0,21.0,3996.0,69.0,5.25,<5jt
288429,Mads Pedersen,30.0,Defender,Left-Back,Fußball-Club Augsburg 1907,Bundesliga,800000.0,0.8,0.0,0.0,0.0,509.0,16.0,0.0,<5jt
289255,Andoni Gorosabel,30.0,Defender,Right-Back,Athletic Club Bilbao,LaLiga,3000000.0,3.0,0.0,4.0,4.0,4037.0,65.0,1.3333333333333333,<5jt
289257,Jon Guridi,31.0,Midfield,Central Midfield,Deportivo Alavés S. A. D.,LaLiga,1800000.0,1.8,3.0,1.0,4.0,3666.0,68.0,2.2222222222222223,<5jt
289446,Yerry Mina,32.0,Defender,Centre-Back,Cagliari Calcio,Serie A,2500000.0,2.5,3.0,0.0,3.0,4819.0,58.0,1.2,<5jt
289592,Orel Mangala,28.0,Midfield,Defensive Midfield,Olympique Lyonnais,Ligue 1,9000000.0,9.0,1.0,0.0,1.0,1907.0,33.0,0.1111111111111111,5-10jt
289835,Jens Stage,30.0,Midfield,Central Midfield,Sportverein Werder Bremen von 1899,Bundesliga,14000000.0,14.0,20.0,7.0,27.0,4909.0,60.0,1.9285714285714286,10-20jt
290017,Hassane Kamara,32.0,Defender,Left-Back,Udinese Calcio,Serie A,3000000.0,3.0,1.0,6.0,7.0,4233.0,60.0,2.3333333333333335,<5jt
290249,Mauro Arambarri,31.0,Midfield,Central Midfield,Getafe Club de Fútbol S. A. D. Team Dubai,LaLiga,8000000.0,8.0,16.0,2.0,18.0,6119.0,74.0,2.25,5-10jt
290537,Jean Butez,31.0,Goalkeeper,Goalkeeper,Calcio Como,Serie A,8000000.0,8.0,0.0,1.0,1.0,5625.0,63.0,0.125,5-10jt
290587,Ellyes Skhiri,31.0,Midfield,Defensive Midfield,Eintracht Frankfurt Fußball AG,Bundesliga,5000000.0,5.0,3.0,4.0,7.0,5452.0,83.0,1.4,<5jt
290862,Maxime Lopez,29.0,Midfield,Defensive Midfield,Paris Football Club,Ligue 1,5000000.0,5.0,0.0,3.0,3.0,2050.0,27.0,0.6,<5jt
291200,Moussa Niakhaté,30.0,Defender,Centre-Back,Olympique Lyonnais,Ligue 1,15000000.0,15.0,1.0,2.0,3.0,7544.0,87.0,0.2,10-20jt
291222,Jean-Luc Dompé,31.0,Attack,Left Winger,Hamburger Sport Verein,Bundesliga,2500000.0,2.5,3.0,0.0,3.0,1176.0,21.0,1.2,<5jt
291417,Ferland Mendy,31.0,Defender,Left-Back,Real Madrid Club de Fútbol,LaLiga,4000000.0,4.0,0.0,2.0,2.0,2877.0,42.0,0.5,<5jt
292246,Hee-chan Hwang,30.0,Attack,Centre-Forward,Wolverhampton Wanderers Football Club,Premier League,6000000.0,6.0,5.0,5.0,10.0,2558.0,55.0,1.6666666666666667,5-10jt
292534,Eric Smith,29.0,Defender,Centre-Back,Fußball-Club St. Pauli von 1910,Bundesliga,5000000.0,5.0,4.0,3.0,7.0,5674.0,64.0,1.4,<5jt
292808,Wout Faes,28.0,Defender,Centre-Back,Association sportive de Monaco Football Club,Ligue 1,10000000.0,10.0,2.0,0.0,2.0,4475.0,54.0,0.2,5-10jt
292820,Aloïs Confais,30.0,Midfield,Defensive Midfield,Le Havre Athletic Club,Ligue 1,250000.0,0.25,0.0,0.0,0.0,2.0,1.0,0.0,<5jt
293169,Josip Brekalo,28.0,Attack,Left Winger,Associazione Calcio Fiorentina,Serie A,2500000.0,2.5,4.0,2.0,6.0,1317.0,23.0,2.4,<5jt
293194,Borna Sosa,28.0,Defender,Left-Back,Crystal Palace Football Club,Premier League,3000000.0,3.0,0.0,0.0,0.0,1754.0,34.0,0.0,<5jt
293200,Nikola Vlašić,29.0,Midfield,Attacking Midfield,Torino Calcio,Serie A,10000000.0,10.0,14.0,9.0,23.0,5472.0,71.0,2.3,5-10jt
293213,Amir Hadziahmetovic,29.0,Midfield,Defensive Midfield,Hull City,Premier League,4000000.0,4.0,1.0,1.0,2.0,2252.0,36.0,0.5,<5jt
293281,Jacob Bruun Larsen,28.0,Attack,Left Winger,Burnley Football Club,Premier League,4000000.0,4.0,3.0,6.0,9.0,2416.0,65.0,2.25,<5jt
293385,Dani Olmo,28.0,Midfield,Attacking Midfield,Futbol Club Barcelona,LaLiga,60000000.0,60.0,20.0,17.0,37.0,4772.0,88.0,0.6166666666666667,>40jt
293388,Oriol Rey,28.0,Midfield,Defensive Midfield,Levante Unión Deportiva S.A.D.,LaLiga,1800000.0,1.8,0.0,1.0,1.0,1454.0,22.0,0.5555555555555556,<5jt
294057,James Maddison,30.0,Midfield,Attacking Midfield,Tottenham Hotspur Football Club,Premier League,20000000.0,20.0,12.0,11.0,23.0,2645.0,46.0,1.15,10-20jt
295060,Koji Miyoshi,29.0,Midfield,Right Midfield,VfL Bochum,Bundesliga,1000000.0,1.0,1.0,0.0,1.0,488.0,16.0,1.0,<5jt
295313,Taiwo Awoniyi,29.0,Attack,Centre-Forward,Nottingham Forest Football Club,Premier League,8000000.0,8.0,6.0,2.0,8.0,1328.0,50.0,1.0,5-10jt
295630,Dimitrios Giannoulis,31.0,Defender,Left-Back,Fußball-Club Augsburg 1907,Bundesliga,3000000.0,3.0,3.0,10.0,13.0,4903.0,63.0,4.333333333333333,<5jt
296397,Arne Maier,27.0,Midfield,Central Midfield,Fußball-Club Augsburg 1907,Bundesliga,2000000.0,2.0,1.0,2.0,3.0,1109.0,32.0,1.5,<5jt
296422,Fodé Ballo-Touré,29.0,Defender,Left-Back,Football Club de Metz,Ligue 1,900000.0,0.9,0.0,0.0,0.0,1438.0,23.0,0.0,<5jt
296428,Timon Weiner,27.0,Goalkeeper,Goalkeeper,Holstein Kiel,Bundesliga,500000.0,0.5,0.0,0.0,0.0,2430.0,27.0,0.0,<5jt
296582,Max O'Leary,30.0,Goalkeeper,Goalkeeper,West Bromwich Albion,Premier League,2000000.0,2.0,0.0,0.0,0.0,45.0,1.0,0.0,<5jt
296802,Walter Benítez,33.0,Goalkeeper,Goalkeeper,Crystal Palace Football Club,Premier League,4000000.0,4.0,0.0,0.0,0.0,4575.0,51.0,0.0,<5jt
296978,Liam Cullen,27.0,Midfield,Attacking Midfield,Swansea City,Premier League,3200000.0,3.2,0.0,1.0,1.0,31.0,3.0,0.3125,<5jt
297070,Hamari Traoré,34.0,Defender,Right-Back,Paris Football Club,Ligue 1,1500000.0,1.5,0.0,2.0,2.0,2096.0,34.0,1.3333333333333333,<5jt
297194,Iván Villar,29.0,Goalkeeper,Goalkeeper,Real Club Celta de Vigo S. A. D.,LaLiga,900000.0,0.9,0.0,0.0,0.0,1350.0,14.0,0.0,<5jt
297212,Joe Rodon,29.0,Defender,Centre-Back,Leeds United Association Football Club,Premier League,18000000.0,18.0,2.0,0.0,2.0,3081.0,38.0,0.1111111111111111,10-20jt
297257,Mikey Johnston,27.0,Attack,Left Winger,West Bromwich Albion,Premier League,4000000.0,4.0,0.0,0.0,0.0,324.0,5.0,0.0,<5jt
297583,Woo-yeong Jeong,27.0,Midfield,Attacking Midfield,1. Fußballclub Union Berlin,Bundesliga,3500000.0,3.5,8.0,3.0,11.0,2612.0,54.0,3.142857142857143,<5jt
298091,Harry Souttar,28.0,Defender,Centre-Back,Leicester City,Premier League,6000000.0,6.0,0.0,0.0,0.0,90.0,1.0,0.0,5-10jt
298197,Antonio Sivera,30.0,Goalkeeper,Goalkeeper,Deportivo Alavés S. A. D.,LaLiga,6000000.0,6.0,0.0,0.0,0.0,6352.0,71.0,0.0,5-10jt
298477,Oli McBurnie,30.0,Attack,Centre-Forward,UD Las Palmas,LaLiga,2500000.0,2.5,5.0,6.0,11.0,1929.0,35.0,4.4,<5jt
298575,Kike Barja,29.0,Attack,Right Winger,Club Atlético Osasuna,LaLiga,1500000.0,1.5,3.0,3.0,6.0,1077.0,49.0,4.0,<5jt
298583,Eray Cömert,28.0,Defender,Centre-Back,Valencia Club de Fútbol S. A. D.,LaLiga,2500000.0,2.5,2.0,1.0,3.0,3690.0,49.0,1.2,<5jt
298603,Miro Muheim,28.0,Defender,Left-Back,Hamburger Sport Verein,Bundesliga,5000000.0,5.0,0.0,6.0,6.0,2767.0,32.0,1.2,<5jt
298975,Pol Lirola,29.0,Defender,Right-Back,Verona Hellas Football Club,Serie A,1500000.0,1.5,1.0,2.0,3.0,1096.0,29.0,2.0,<5jt
298976,Borja Mayoral,29.0,Attack,Centre-Forward,Getafe Club de Fútbol S. A. D. Team Dubai,LaLiga,6000000.0,6.0,12.0,2.0,14.0,2409.0,46.0,2.3333333333333335,5-10jt
300168,Mikel Vesga,33.0,Midfield,Defensive Midfield,Athletic Club Bilbao,LaLiga,1200000.0,1.2,0.0,0.0,0.0,2032.0,67.0,0.0,<5jt
300532,Pontus Almqvist,27.0,Attack,Right Winger,Parma Calcio 1913,Serie A,1800000.0,1.8,1.0,2.0,3.0,1693.0,44.0,1.6666666666666665,<5jt
301238,Michele Di Gregorio,29.0,Goalkeeper,Goalkeeper,Juventus Football Club,Serie A,10000000.0,10.0,0.0,0.0,0.0,7514.0,84.0,0.0,5-10jt
302371,Toni Martínez,29.0,Attack,Centre-Forward,Deportivo Alavés S. A. D.,LaLiga,7500000.0,7.5,22.0,3.0,25.0,4187.0,73.0,3.3333333333333335,5-10jt
303116,Gaetano Castrovilli,29.0,Midfield,Central Midfield,Società Sportiva Lazio S.p.A.,Serie A,750000.0,0.75,0.0,1.0,1.0,821.0,23.0,1.3333333333333333,<5jt
303219,Jeff Chabot,28.0,Defender,Centre-Back,Verein für Bewegungsspiele Stuttgart 1893,Bundesliga,15000000.0,15.0,3.0,1.0,4.0,6797.0,85.0,0.26666666666666666,10-20jt
303254,Fikayo Tomori,29.0,Defender,Centre-Back,Associazione Calcio Milan,Serie A,17000000.0,17.0,0.0,5.0,5.0,5681.0,73.0,0.29411764705882354,10-20jt
303657,Ionuț Radu,29.0,Goalkeeper,Goalkeeper,Real Club Celta de Vigo S. A. D.,LaLiga,9000000.0,9.0,0.0,0.0,0.0,5850.0,65.0,0.0,5-10jt
304144,Alen Sherri,29.0,Goalkeeper,Goalkeeper,Cagliari Calcio,Serie A,800000.0,0.8,0.0,0.0,0.0,1005.0,11.0,0.0,<5jt
305947,Albert Gudmundsson,29.0,Attack,Second Striker,Associazione Calcio Fiorentina,Serie A,12000000.0,12.0,12.0,7.0,19.0,3785.0,62.0,1.5833333333333333,10-20jt
306024,Dominic Calvert-Lewin,29.0,Attack,Centre-Forward,Leeds United Association Football Club,Premier League,22000000.0,22.0,18.0,3.0,21.0,4568.0,65.0,0.9545454545454546,20-40jt
307183,Sirlord Conteh,30.0,Attack,Right Winger,1. Fußballclub Heidenheim 1846,Bundesliga,1200000.0,1.2,5.0,3.0,8.0,1725.0,47.0,6.666666666666667,<5jt
307924,Mergim Berisha,28.0,Attack,Centre-Forward,Fußball-Club Augsburg 1907,Bundesliga,2500000.0,2.5,1.0,1.0,2.0,579.0,19.0,0.8,<5jt
308279,Rolando Mandragora,29.0,Midfield,Defensive Midfield,Associazione Calcio Fiorentina,Serie A,9000000.0,9.0,11.0,8.0,19.0,4558.0,66.0,2.111111111111111,5-10jt
309110,Brais Méndez,29.0,Midfield,Attacking Midfield,Real Sociedad de Fútbol S.A.D.,LaLiga,8000000.0,8.0,14.0,7.0,21.0,4651.0,76.0,2.625,5-10jt
309400,Kai Havertz,27.0,Attack,Centre-Forward,Arsenal Football Club,Premier League,55000000.0,55.0,19.0,10.0,29.0,3532.0,55.0,0.5272727272727272,>40jt
309944,Tyronne Ebuehi,31.0,Defender,Right-Back,FC Empoli,Serie A,2000000.0,2.0,0.0,0.0,0.0,132.0,5.0,0.0,<5jt
310458,Giangiacomo Magnani,31.0,Defender,Centre-Back,Verona Hellas Football Club,Serie A,3000000.0,3.0,1.0,0.0,1.0,1168.0,19.0,0.3333333333333333,<5jt
310527,Paulo Azzi,32.0,Midfield,Left Midfield,Cagliari Calcio,Serie A,750000.0,0.75,0.0,0.0,0.0,628.0,9.0,0.0,<5jt
311044,Alfonso Espino,34.0,Defender,Left-Back,Rayo Vallecano de Madrid S. A. D.,LaLiga,900000.0,0.9,3.0,2.0,5.0,2919.0,53.0,5.555555555555555,<5jt
311333,Alessandro Gabrielloni,32.0,Attack,Centre-Forward,Calcio Como,Serie A,500000.0,0.5,1.0,1.0,2.0,158.0,16.0,4.0,<5jt
312773,Daniele Sommariva,29.0,Goalkeeper,Goalkeeper,Genoa Cricket and Football Club,Serie A,100000.0,0.1,0.0,0.0,0.0,206.0,4.0,0.0,<5jt
314241,Josh Laurent,31.0,Midfield,Central Midfield,Burnley Football Club,Premier League,1500000.0,1.5,2.0,0.0,2.0,2005.0,36.0,1.3333333333333333,<5jt
314288,Lukas Nmecha,28.0,Attack,Centre-Forward,Leeds United Association Football Club,Premier League,10000000.0,10.0,10.0,3.0,13.0,1935.0,57.0,1.3,5-10jt
314353,Trent Alexander-Arnold,28.0,Defender,Right-Back,Real Madrid Club de Fútbol,LaLiga,60000000.0,60.0,4.0,15.0,19.0,5198.0,77.0,0.31666666666666665,>40jt
314367,Marcus Edwards,28.0,Attack,Right Winger,Burnley Football Club,Premier League,6000000.0,6.0,3.0,4.0,7.0,1567.0,37.0,1.1666666666666667,5-10jt
314398,Jae-sung Lee,34.0,Midfield,Attacking Midfield,1. Fußball- und Sportverein Mainz 05,Bundesliga,2000000.0,2.0,12.0,11.0,23.0,5225.0,66.0,11.5,<5jt
314678,Brahim Díaz,27.0,Attack,Right Winger,Real Madrid Club de Fútbol,LaLiga,35000000.0,35.0,13.0,17.0,30.0,4520.0,104.0,0.8571428571428571,20-40jt
314875,Jarrod Bowen,30.0,Attack,Right Winger,West Ham United Football Club,Premier League,30000000.0,30.0,25.0,22.0,47.0,6929.0,77.0,1.5666666666666667,20-40jt
315121,Justin Bijlow,28.0,Goalkeeper,Goalkeeper,Genoa Cricket and Football Club,Serie A,4000000.0,4.0,0.0,0.0,0.0,2150.0,25.0,0.0,<5jt
315145,Azor Matusiwa,28.0,Midfield,Defensive Midfield,Stade Rennais Football Club,Ligue 1,11000000.0,11.0,1.0,3.0,4.0,2078.0,29.0,0.36363636363636365,10-20jt
315253,Jeffrey de Lange,28.0,Goalkeeper,Goalkeeper,Olympique de Marseille,Ligue 1,2500000.0,2.5,0.0,0.0,0.0,630.0,7.0,0.0,<5jt
315332,Aymen Barkok,28.0,Midfield,Attacking Midfield,1. Fußball- und Sportverein Mainz 05,Bundesliga,450000.0,0.45,0.0,0.0,0.0,70.0,4.0,0.0,<5jt
315779,Christian Pulisic,28.0,Attack,Right Winger,Associazione Calcio Milan,Serie A,40000000.0,40.0,27.0,17.0,44.0,5546.0,85.0,1.1,20-40jt
315853,Alessandro Bastoni,27.0,Defender,Centre-Back,Football Club Internazionale Milano S.p.A.,Serie A,65000000.0,65.0,4.0,12.0,16.0,7316.0,96.0,0.24615384615384617,>40jt
315858,Gianluigi Donnarumma,27.0,Goalkeeper,Goalkeeper,Manchester City Football Club,Premier League,45000000.0,45.0,0.0,0.0,0.0,8062.0,90.0,0.0,>40jt
315862,Filippo Melegoni,27.0,Midfield,Central Midfield,Genoa Cricket and Football Club,Serie A,1200000.0,1.2,0.0,1.0,1.0,87.0,3.0,0.8333333333333334,<5jt
315865,Andrea Pinamonti,27.0,Attack,Centre-Forward,Unione Sportiva Sassuolo Calcio,Serie A,15000000.0,15.0,20.0,5.0,25.0,5552.0,75.0,1.6666666666666667,10-20jt
315867,Gianluca Scamacca,27.0,Attack,Centre-Forward,Atalanta Bergamasca Calcio S.p.a.,Serie A,25000000.0,25.0,15.0,3.0,18.0,2128.0,41.0,0.72,20-40jt
315969,Scott McTominay,30.0,Midfield,Central Midfield,Società Sportiva Calcio Napoli,Serie A,40000000.0,40.0,27.0,10.0,37.0,6812.0,84.0,0.925,20-40jt
316125,Ben Chilwell,30.0,Defender,Left-Back,Racing Club de Strasbourg Alsace,Ligue 1,10000000.0,10.0,1.0,2.0,3.0,1997.0,31.0,0.3,5-10jt
316264,Martin Ødegaard,28.0,Midfield,Attacking Midfield,Arsenal Football Club,Premier League,65000000.0,65.0,7.0,18.0,25.0,5169.0,77.0,0.38461538461538464,>40jt
316575,Moritz-Broni Kwarteng,28.0,Midfield,Attacking Midfield,VfL Bochum,Bundesliga,750000.0,0.75,0.0,0.0,0.0,165.0,7.0,0.0,<5jt
316884,Dominik Greif,29.0,Goalkeeper,Goalkeeper,Olympique Lyonnais,Ligue 1,9000000.0,9.0,0.0,1.0,1.0,6030.0,67.0,0.1111111111111111,5-10jt
316934,Nikola Moro,28.0,Midfield,Defensive Midfield,Bologna Football Club 1909,Serie A,7000000.0,7.0,2.0,4.0,6.0,4553.0,77.0,0.8571428571428571,5-10jt
317057,Adrian Semper,28.0,Goalkeeper,Goalkeeper,Pisa Sporting Club,Serie A,1800000.0,1.8,0.0,0.0,0.0,2340.0,26.0,0.0,<5jt
318204,David Raum,28.0,Defender,Left-Back,RasenBallsport Leipzig,Bundesliga,25000000.0,25.0,4.0,15.0,19.0,5216.0,63.0,0.76,20-40jt
318470,Matvey Safonov,27.0,Goalkeeper,Goalkeeper,Paris Saint-Germain Football Club,Ligue 1,30000000.0,30.0,0.0,1.0,1.0,3398.0,38.0,0.03333333333333333,20-40jt
318508,Olivier Boscagli,29.0,Defender,Centre-Back,Brighton and Hove Albion Football Club,Premier League,15000000.0,15.0,2.0,7.0,9.0,4785.0,60.0,0.6,10-20jt
318523,Romain Perraud,29.0,Defender,Left-Back,Lille Olympique Sporting Club,Ligue 1,7000000.0,7.0,5.0,7.0,12.0,5241.0,73.0,1.7142857142857142,5-10jt
318528,Marcus Thuram,29.0,Attack,Centre-Forward,Football Club Internazionale Milano S.p.A.,Serie A,50000000.0,50.0,36.0,17.0,53.0,6374.0,94.0,1.06,>40jt
319301,Daniel James,29.0,Attack,Right Winger,Leeds United Association Football Club,Premier League,10000000.0,10.0,0.0,0.0,0.0,629.0,21.0,0.0,5-10jt
319745,Dani Ceballos,30.0,Midfield,Central Midfield,Real Madrid Club de Fútbol,LaLiga,7000000.0,7.0,0.0,2.0,2.0,2859.0,68.0,0.2857142857142857,5-10jt
319859,Mathias Jensen,30.0,Midfield,Central Midfield,Brentford Football Club,Premier League,10000000.0,10.0,5.0,5.0,10.0,3709.0,68.0,1.0,5-10jt
320271,Toni Lato,29.0,Defender,Left-Back,Real Club Deportivo Mallorca S.A.D.,LaLiga,1400000.0,1.4,0.0,1.0,1.0,1405.0,29.0,0.7142857142857143,<5jt
320748,Sebastian Szymanski,27.0,Midfield,Attacking Midfield,Stade Rennais Football Club,Ligue 1,12000000.0,12.0,10.0,14.0,24.0,5523.0,91.0,2.0,10-20jt
321247,Emiliano Buendía,30.0,Attack,Left Winger,Aston Villa Football Club,Premier League,16000000.0,16.0,12.0,8.0,20.0,3345.0,84.0,1.25,10-20jt
321528,Denzel Dumfries,30.0,Defender,Right-Back,Football Club Internazionale Milano S.p.A.,Serie A,25000000.0,25.0,16.0,7.0,23.0,5104.0,75.0,0.92,20-40jt
322073,Isac Lidberg,28.0,Attack,Centre-Forward,SV Darmstadt 98,Bundesliga,5000000.0,5.0,0.0,0.0,0.0,235.0,3.0,0.0,<5jt
322305,Jean-Victor Makengo,28.0,Midfield,Attacking Midfield,Football Club Lorient-Bretagne Sud,Ligue 1,6000000.0,6.0,4.0,2.0,6.0,1815.0,31.0,1.0,5-10jt
322517,Joël Schmied,28.0,Defender,Centre-Back,1. Fußball-Club Köln,Bundesliga,3000000.0,3.0,0.0,0.0,0.0,1380.0,19.0,0.0,<5jt
322990,Benjamin Källman,28.0,Attack,Centre-Forward,Hannover 96,Bundesliga,4000000.0,4.0,0.0,0.0,0.0,19.0,1.0,0.0,<5jt
323167,Matteo Gabbia,27.0,Defender,Centre-Back,Associazione Calcio Milan,Serie A,17000000.0,17.0,2.0,0.0,2.0,5484.0,68.0,0.11764705882352941,10-20jt
324223,James Bree,29.0,Defender,Right-Back,Southampton FC,Premier League,2500000.0,2.5,1.0,1.0,2.0,1343.0,20.0,0.8,<5jt
324278,Christoph Baumgartner,27.0,Midfield,Attacking Midfield,RasenBallsport Leipzig,Bundesliga,40000000.0,40.0,22.0,11.0,33.0,5290.0,80.0,0.825,20-40jt
324358,Ollie Watkins,30.0,Attack,Centre-Forward,Aston Villa Football Club,Premier League,25000000.0,25.0,38.0,19.0,57.0,7327.0,108.0,2.28,20-40jt
324377,Youssef Maleh,28.0,Midfield,Central Midfield,Unione Sportiva Cremonese S.p.A.,Serie A,1500000.0,1.5,2.0,1.0,3.0,3274.0,48.0,2.0,<5jt
324690,Jonathan Ikoné,28.0,Attack,Right Winger,Paris Football Club,Ligue 1,4000000.0,4.0,5.0,2.0,7.0,2107.0,54.0,1.75,<5jt
324795,Mahdi Camara,28.0,Midfield,Central Midfield,Stade Rennais Football Club,Ligue 1,12000000.0,12.0,9.0,7.0,16.0,6042.0,76.0,1.3333333333333333,10-20jt
324811,Arnaud Nordin,28.0,Attack,Right Winger,Stade Rennais Football Club,Ligue 1,4000000.0,4.0,5.0,3.0,8.0,2406.0,48.0,2.0,<5jt
324819,Maxime Bernauer,28.0,Defender,Centre-Back,AS Saint-Étienne,Ligue 1,1800000.0,1.8,0.0,0.0,0.0,1299.0,19.0,0.0,<5jt
324861,Julian Justvan,28.0,Midfield,Attacking Midfield,Turn- und Sportgemeinschaft 1899 Hoffenheim Fußball-Spielbetriebs,Bundesliga,2200000.0,2.2,0.0,1.0,1.0,106.0,2.0,0.45454545454545453,<5jt
325223,Mama Baldé,31.0,Attack,Centre-Forward,Stade brestois 29,Ligue 1,3000000.0,3.0,4.0,6.0,10.0,2341.0,56.0,3.3333333333333335,<5jt
325443,Viktor Gyökeres,28.0,Attack,Centre-Forward,Arsenal Football Club,Premier League,65000000.0,65.0,70.0,13.0,83.0,7182.0,99.0,1.2769230769230768,>40jt
325993,Oliver Abildgaard,30.0,Midfield,Defensive Midfield,Calcio Como,Serie A,500000.0,0.5,0.0,0.0,0.0,74.0,2.0,0.0,<5jt
326029,Donyell Malen,27.0,Attack,Centre-Forward,Associazione Sportiva Roma,Serie A,45000000.0,45.0,30.0,6.0,36.0,4153.0,88.0,0.8,>40jt
326031,Matthijs de Ligt,27.0,Defender,Centre-Back,Manchester United Football Club,Premier League,30000000.0,30.0,3.0,0.0,3.0,4247.0,54.0,0.1,20-40jt
326330,Frenkie de Jong,29.0,Midfield,Central Midfield,Futbol Club Barcelona,LaLiga,35000000.0,35.0,3.0,10.0,13.0,5057.0,84.0,0.37142857142857144,20-40jt
326416,Dani Calvo,32.0,Defender,Centre-Back,Real Oviedo S.A.D.,LaLiga,900000.0,0.9,0.0,0.0,0.0,1729.0,21.0,0.0,<5jt
327126,Anuar,31.0,Attack,Right Winger,Real Valladolid CF,LaLiga,800000.0,0.8,2.0,0.0,2.0,1847.0,28.0,2.5,<5jt
327251,Ridle Baku,28.0,Defender,Right-Back,RasenBallsport Leipzig,Bundesliga,12000000.0,12.0,6.0,10.0,16.0,5638.0,74.0,1.3333333333333333,10-20jt
328480,Pepelu,28.0,Midfield,Defensive Midfield,Valencia Club de Fútbol S. A. D.,LaLiga,8000000.0,8.0,5.0,3.0,8.0,4654.0,73.0,1.0,5-10jt
328609,Derek Cornelius,29.0,Defender,Centre-Back,Olympique de Marseille,Ligue 1,2500000.0,2.5,1.0,1.0,2.0,2213.0,33.0,0.8,<5jt
328658,Kristoffer Ajer,28.0,Defender,Centre-Back,Brentford Football Club,Premier League,18000000.0,18.0,0.0,2.0,2.0,3581.0,55.0,0.1111111111111111,10-20jt
328770,Kjetil Haug,28.0,Goalkeeper,Goalkeeper,Toulouse Football Club,Ligue 1,400000.0,0.4,0.0,0.0,0.0,527.0,7.0,0.0,<5jt
328784,Robin Koch,30.0,Defender,Centre-Back,Eintracht Frankfurt Fußball AG,Bundesliga,10000000.0,10.0,6.0,5.0,11.0,7490.0,85.0,1.1,5-10jt
329145,Diego Carlos,33.0,Defender,Centre-Back,Calcio Como,Serie A,5000000.0,5.0,1.0,1.0,2.0,3803.0,51.0,0.4,<5jt
330472,Alessio Iovine,35.0,Midfield,Right Midfield,Calcio Como,Serie A,400000.0,0.4,0.0,0.0,0.0,472.0,11.0,0.0,<5jt
330659,Justin Kluivert,27.0,Midfield,Attacking Midfield,Association Football Club Bournemouth,Premier League,25000000.0,25.0,15.0,8.0,23.0,3633.0,60.0,0.92,20-40jt
331362,Benedikt Pichler,29.0,Attack,Centre-Forward,Holstein Kiel,Bundesliga,1500000.0,1.5,1.0,2.0,3.0,874.0,20.0,2.0,<5jt
331401,Manuel Lazzari,33.0,Defender,Right-Back,Società Sportiva Lazio S.p.A.,Serie A,2000000.0,2.0,0.0,3.0,3.0,2919.0,59.0,1.5,<5jt
331496,Valery Fernández,27.0,Attack,Right Winger,Real Club Deportivo Mallorca S.A.D.,LaLiga,1000000.0,1.0,2.0,0.0,2.0,361.0,19.0,2.0,<5jt
331505,Óscar Mingueza,27.0,Defender,Right-Back,Real Club Celta de Vigo S. A. D.,LaLiga,18000000.0,18.0,5.0,12.0,17.0,5933.0,84.0,0.9444444444444444,10-20jt
331726,Tammy Abraham,29.0,Attack,Centre-Forward,Aston Villa Football Club,Premier League,18000000.0,18.0,25.0,10.0,35.0,3988.0,86.0,1.9444444444444444,10-20jt
332179,Matteo Pessina,29.0,Midfield,Central Midfield,AC Monza,Serie A,5000000.0,5.0,1.0,0.0,1.0,1076.0,14.0,0.2,<5jt
332560,Deiver Machado,33.0,Defender,Left-Back,Football Club de Nantes,Ligue 1,1800000.0,1.8,1.0,5.0,6.0,3152.0,48.0,3.333333333333333,<5jt
332697,Weston McKennie,28.0,Midfield,Central Midfield,Juventus Football Club,Serie A,30000000.0,30.0,14.0,12.0,26.0,7281.0,96.0,0.8666666666666667,20-40jt
332705,Tyler Adams,27.0,Midfield,Defensive Midfield,Association Football Club Bournemouth,Premier League,25000000.0,25.0,2.0,5.0,7.0,4149.0,58.0,0.28,20-40jt
332889,Valentin Rongier,32.0,Midfield,Central Midfield,Stade Rennais Football Club,Ligue 1,8000000.0,8.0,5.0,6.0,11.0,4309.0,56.0,1.375,5-10jt
333014,Sander Berge,28.0,Midfield,Defensive Midfield,Fulham Football Club,Premier League,25000000.0,25.0,0.0,1.0,1.0,5521.0,74.0,0.04,20-40jt
333175,Bingourou Kamara,30.0,Goalkeeper,Goalkeeper,Football Club Lorient-Bretagne Sud,Ligue 1,600000.0,0.6,0.0,0.0,0.0,270.0,3.0,0.0,<5jt
333241,Joelinton,30.0,Midfield,Central Midfield,Newcastle United Football Club,Premier League,25000000.0,25.0,10.0,5.0,15.0,5419.0,74.0,0.6,20-40jt
333647,Jonathan Burkardt,26.0,Attack,Centre-Forward,Eintracht Frankfurt Fußball AG,Bundesliga,30000000.0,30.0,34.0,5.0,39.0,4127.0,59.0,1.3,20-40jt
333903,Lars Ritzka,28.0,Defender,Left-Back,Fußball-Club St. Pauli von 1910,Bundesliga,1000000.0,1.0,2.0,0.0,2.0,1980.0,47.0,2.0,<5jt
334207,Maxim Leitsch,28.0,Defender,Centre-Back,1. Fußball- und Sportverein Mainz 05,Bundesliga,800000.0,0.8,1.0,0.0,1.0,1061.0,21.0,1.25,<5jt
334221,Amos Pieper,28.0,Defender,Centre-Back,Sportverein Werder Bremen von 1899,Bundesliga,4000000.0,4.0,0.0,0.0,0.0,3006.0,43.0,0.0,<5jt
334222,Lucas Boyé,30.0,Attack,Centre-Forward,Deportivo Alavés S. A. D.,LaLiga,5000000.0,5.0,11.0,1.0,12.0,2088.0,32.0,2.4,<5jt
334526,Denis Zakaria,30.0,Midfield,Defensive Midfield,Association sportive de Monaco Football Club,Ligue 1,25000000.0,25.0,9.0,5.0,14.0,5393.0,64.0,0.56,20-40jt
334835,Toma Bašić,30.0,Midfield,Central Midfield,Società Sportiva Lazio S.p.A.,Serie A,3000000.0,3.0,2.0,3.0,5.0,1913.0,25.0,1.6666666666666667,<5jt
334992,Jonathan Klinsmann,29.0,Goalkeeper,Goalkeeper,Cesena FC,Serie A,2500000.0,2.5,0.0,0.0,0.0,90.0,1.0,0.0,<5jt
334999,Finn Becker,26.0,Midfield,Central Midfield,Turn- und Sportgemeinschaft 1899 Hoffenheim Fußball-Spielbetriebs,Bundesliga,1500000.0,1.5,0.0,1.0,1.0,846.0,15.0,0.6666666666666666,<5jt
335103,Linton Maina,27.0,Attack,Left Winger,1. Fußball-Club Köln,Bundesliga,3000000.0,3.0,2.0,1.0,3.0,1099.0,26.0,1.0,<5jt
335147,Junior Sambia,30.0,Defender,Right-Back,FC Empoli,Serie A,2000000.0,2.0,1.0,1.0,2.0,848.0,23.0,1.0,<5jt
335209,Kevin Diks,30.0,Defender,Centre-Back,Borussia Verein für Leibesübungen 1900 Mönchengladbach,Bundesliga,5000000.0,5.0,11.0,3.0,14.0,4992.0,64.0,2.8,<5jt
335225,Manu Morlanes,27.0,Midfield,Central Midfield,Real Club Deportivo Mallorca S.A.D.,LaLiga,2400000.0,2.4,3.0,1.0,4.0,3352.0,58.0,1.6666666666666667,<5jt
335457,Ermedin Demirovic,28.0,Attack,Centre-Forward,Verein für Bewegungsspiele Stuttgart 1893,Bundesliga,22000000.0,22.0,32.0,11.0,43.0,5015.0,86.0,1.9545454545454546,20-40jt
335516,Idrissa Touré,28.0,Midfield,Right Midfield,Pisa Sporting Club,Serie A,5000000.0,5.0,1.0,1.0,2.0,2416.0,34.0,0.4,<5jt
335631,Marco Komenda,30.0,Defender,Centre-Back,Holstein Kiel,Bundesliga,800000.0,0.8,0.0,0.0,0.0,1325.0,20.0,0.0,<5jt
335721,Ben White,29.0,Defender,Right-Back,Arsenal Football Club,Premier League,30000000.0,30.0,1.0,4.0,5.0,3411.0,56.0,0.16666666666666666,20-40jt
335993,Philipp Treu,26.0,Defender,Right-Back,Sport-Club Freiburg,Bundesliga,15000000.0,15.0,1.0,7.0,8.0,6533.0,80.0,0.5333333333333333,10-20jt
336012,Nicolas Kühn,26.0,Attack,Right Winger,Calcio Como,Serie A,10000000.0,10.0,14.0,12.0,26.0,3598.0,69.0,2.6,5-10jt
336077,Altay Bayındır,28.0,Goalkeeper,Goalkeeper,Manchester United Football Club,Premier League,5000000.0,5.0,0.0,0.0,0.0,1200.0,13.0,0.0,<5jt
336125,Mërgim Vojvoda,31.0,Defender,Right-Back,Calcio Como,Serie A,2500000.0,2.5,3.0,5.0,8.0,3821.0,64.0,3.2,<5jt
336307,Christian Früchtl,26.0,Goalkeeper,Goalkeeper,Unione Sportiva Lecce,Serie A,1000000.0,1.0,0.0,0.0,0.0,180.0,2.0,0.0,<5jt
336367,Joe Lumley,31.0,Goalkeeper,Goalkeeper,Southampton FC,Premier League,450000.0,0.45,0.0,0.0,0.0,360.0,4.0,0.0,<5jt
336869,Marc Roca,30.0,Midfield,Defensive Midfield,Real Betis Balompié S.A.D.,LaLiga,4000000.0,4.0,3.0,5.0,8.0,3743.0,56.0,2.0,<5jt
336960,Giuseppe Pezzella,29.0,Defender,Left-Back,Unione Sportiva Cremonese S.p.A.,Serie A,2000000.0,2.0,0.0,5.0,5.0,5760.0,71.0,2.5,<5jt
337036,Florent Muslija,28.0,Attack,Left Winger,Fortuna Düsseldorf,Bundesliga,1800000.0,1.8,1.0,1.0,2.0,405.0,13.0,1.1111111111111112,<5jt
337066,Toni Villa,31.0,Attack,Left Winger,Girona Fútbol Club S. A. D.,LaLiga,400000.0,0.4,0.0,0.0,0.0,120.0,1.0,0.0,<5jt
337092,Tim Siersleben,26.0,Defender,Centre-Back,1. Fußballclub Heidenheim 1846,Bundesliga,1800000.0,1.8,0.0,0.0,0.0,2660.0,37.0,0.0,<5jt
337284,Ovie Ejaria,29.0,Attack,Left Winger,Real Oviedo S.A.D.,LaLiga,400000.0,0.4,0.0,0.0,0.0,196.0,8.0,0.0,<5jt
337333,Alex Král,28.0,Midfield,Central Midfield,1. Fußballclub Union Berlin,Bundesliga,2500000.0,2.5,0.0,1.0,1.0,3209.0,60.0,0.4,<5jt
337715,Umar Sadiq,29.0,Attack,Centre-Forward,Valencia Club de Fútbol S. A. D.,LaLiga,4000000.0,4.0,13.0,6.0,19.0,2799.0,59.0,4.75,<5jt
338070,Konstantinos Tsimikas,30.0,Defender,Left-Back,Associazione Sportiva Roma,Serie A,4500000.0,4.5,0.0,3.0,3.0,2507.0,51.0,0.6666666666666666,<5jt
338285,Unai Núñez,29.0,Defender,Centre-Back,Valencia Club de Fútbol S. A. D.,LaLiga,3500000.0,3.5,0.0,3.0,3.0,3261.0,46.0,0.8571428571428571,<5jt
338424,Mikel Merino,30.0,Midfield,Central Midfield,Arsenal Football Club,Premier League,25000000.0,25.0,15.0,8.0,23.0,4376.0,75.0,0.92,20-40jt
338425,Álex Berenguer,31.0,Attack,Left Winger,Athletic Club Bilbao,LaLiga,4000000.0,4.0,8.0,15.0,23.0,6255.0,94.0,5.75,<5jt
338629,Sebastiaan Bornauw,27.0,Defender,Centre-Back,Leeds United Association Football Club,Premier League,8000000.0,8.0,2.0,0.0,2.0,1645.0,33.0,0.25,5-10jt
338668,Senne Lynen,27.0,Midfield,Defensive Midfield,Sportverein Werder Bremen von 1899,Bundesliga,8000000.0,8.0,0.0,2.0,2.0,5955.0,68.0,0.25,5-10jt
338670,Mile Svilar,27.0,Goalkeeper,Goalkeeper,Associazione Sportiva Roma,Serie A,35000000.0,35.0,0.0,0.0,0.0,9030.0,100.0,0.0,20-40jt
339079,Jiri Letacek,27.0,Goalkeeper,Goalkeeper,Getafe Club de Fútbol S. A. D. Team Dubai,LaLiga,2000000.0,2.0,0.0,0.0,0.0,810.0,8.0,0.0,<5jt
339314,Deniz Undav,30.0,Attack,Centre-Forward,Verein für Bewegungsspiele Stuttgart 1893,Bundesliga,22000000.0,22.0,38.0,20.0,58.0,5970.0,83.0,2.6363636363636362,20-40jt
339340,Tyrell Malacia,27.0,Defender,Left-Back,Manchester United Football Club,Premier League,4000000.0,4.0,0.0,0.0,0.0,1026.0,23.0,0.0,<5jt
339556,Rico Henry,29.0,Defender,Left-Back,Brentford Football Club,Premier League,13000000.0,13.0,0.0,0.0,0.0,1913.0,36.0,0.0,10-20jt
339816,Tete Morente,30.0,Attack,Left Winger,Elche Club de Fútbol S.A.D.,LaLiga,1800000.0,1.8,4.0,4.0,8.0,3972.0,63.0,4.444444444444445,<5jt
339820,Amath Ndiaye,30.0,Attack,Right Winger,Real Valladolid CF,LaLiga,1500000.0,1.5,0.0,2.0,2.0,614.0,16.0,1.3333333333333333,<5jt
340166,Alessio Castro-Montes,29.0,Midfield,Right Midfield,1. Fußball-Club Köln,Bundesliga,2500000.0,2.5,2.0,6.0,8.0,2354.0,40.0,3.2,<5jt
340177,Thibault De Smet,28.0,Defender,Left-Back,Paris Football Club,Ligue 1,1800000.0,1.8,0.0,1.0,1.0,1338.0,22.0,0.5555555555555556,<5jt
340205,Gorka Guruzeta,30.0,Attack,Centre-Forward,Athletic Club Bilbao,LaLiga,5000000.0,5.0,25.0,8.0,33.0,6062.0,99.0,6.6,<5jt
340321,Josh Dasilva,28.0,Midfield,Central Midfield,Brentford Football Club,Premier League,1500000.0,1.5,0.0,0.0,0.0,2.0,2.0,0.0,<5jt
340322,Nathan Tella,27.0,Attack,Right Winger,Bayer 04 Leverkusen Fußball,Bundesliga,15000000.0,15.0,5.0,11.0,16.0,3050.0,63.0,1.0666666666666667,10-20jt
340324,Eddie Nketiah,27.0,Attack,Centre-Forward,Crystal Palace Football Club,Premier League,10000000.0,10.0,7.0,3.0,10.0,1739.0,48.0,1.0,5-10jt
340325,Reiss Nelson,27.0,Attack,Left Winger,Brentford Football Club,Premier League,8000000.0,8.0,2.0,3.0,5.0,827.0,26.0,0.625,5-10jt
340328,Stephy Mavididi,28.0,Attack,Left Winger,Leicester City,Premier League,8000000.0,8.0,6.0,1.0,7.0,1773.0,32.0,0.875,5-10jt
340329,Joe Willock,27.0,Midfield,Central Midfield,Newcastle United Football Club,Premier League,14000000.0,14.0,4.0,5.0,9.0,2892.0,74.0,0.6428571428571429,10-20jt
340339,Jorge Sáenz,30.0,Defender,Centre-Back,CD Leganés,LaLiga,1000000.0,1.0,1.0,1.0,2.0,1901.0,25.0,2.0,<5jt
340353,Maduka Okoye,27.0,Goalkeeper,Goalkeeper,Udinese Calcio,Serie A,10000000.0,10.0,0.0,0.0,0.0,5047.0,57.0,0.0,5-10jt
340376,Abel Ruiz,26.0,Attack,Centre-Forward,Girona Fútbol Club S. A. D.,LaLiga,2000000.0,2.0,4.0,1.0,5.0,1836.0,38.0,2.5,<5jt
340394,Abdelhamid Sabiri,30.0,Midfield,Attacking Midfield,Associazione Calcio Fiorentina,Serie A,850000.0,0.85,0.0,0.0,0.0,40.0,2.0,0.0,<5jt
340456,Noussair Mazraoui,29.0,Defender,Right-Back,Manchester United Football Club,Premier League,18000000.0,18.0,0.0,4.0,4.0,5958.0,81.0,0.2222222222222222,10-20jt
340700,Ivan Prtajin,30.0,Attack,Centre-Forward,1. Fußballclub Union Berlin,Bundesliga,1500000.0,1.5,0.0,0.0,0.0,158.0,5.0,0.0,<5jt
340918,Caoimhín Kelleher,28.0,Goalkeeper,Goalkeeper,Brentford Football Club,Premier League,28000000.0,28.0,0.0,0.0,0.0,4890.0,54.0,0.0,20-40jt
340977,Virgil Ghiță,28.0,Defender,Centre-Back,Hannover 96,Bundesliga,2000000.0,2.0,0.0,0.0,0.0,90.0,1.0,0.0,<5jt
340990,Alfie Jones,29.0,Defender,Centre-Back,Middlesbrough FC,Premier League,6000000.0,6.0,0.0,0.0,0.0,90.0,1.0,0.0,5-10jt
341051,Kyle Walker-Peters,29.0,Defender,Right-Back,West Ham United Football Club,Premier League,12000000.0,12.0,1.0,3.0,4.0,4932.0,63.0,0.3333333333333333,10-20jt
341092,Federico Chiesa,29.0,Attack,Right Winger,Liverpool Football Club,Premier League,13000000.0,13.0,5.0,4.0,9.0,1162.0,48.0,0.6923076923076923,10-20jt
341110,Franco Cervi,32.0,Attack,Left Winger,Real Club Celta de Vigo S. A. D.,LaLiga,600000.0,0.6,0.0,1.0,1.0,707.0,14.0,1.6666666666666667,<5jt
341227,Juan Miranda,26.0,Defender,Left-Back,Bologna Football Club 1909,Serie A,15000000.0,15.0,1.0,12.0,13.0,6488.0,84.0,0.8666666666666667,10-20jt
341263,Adrián Dela,27.0,Defender,Centre-Back,Levante Unión Deportiva S.A.D.,LaLiga,4000000.0,4.0,3.0,1.0,4.0,2890.0,35.0,1.0,<5jt
341264,Fran García,27.0,Defender,Left-Back,Real Madrid Club de Fútbol,LaLiga,10000000.0,10.0,2.0,6.0,8.0,4761.0,76.0,0.8,5-10jt
341278,Iván Martín,27.0,Midfield,Central Midfield,Girona Fútbol Club S. A. D.,LaLiga,5000000.0,5.0,1.0,2.0,3.0,5112.0,78.0,0.6,<5jt
341317,Oliver Burke,29.0,Attack,Centre-Forward,1. Fußballclub Union Berlin,Bundesliga,3000000.0,3.0,12.0,2.0,14.0,2739.0,58.0,4.666666666666667,<5jt
341501,Hamza Choudhury,29.0,Midfield,Defensive Midfield,Leicester City,Premier League,4000000.0,4.0,1.0,1.0,2.0,330.0,7.0,0.5,<5jt
341713,Diego Conde,28.0,Goalkeeper,Goalkeeper,Villarreal Club de Fútbol S.A.D.,LaLiga,3000000.0,3.0,0.0,1.0,1.0,2053.0,23.0,0.3333333333333333,<5jt
342039,Yannik Keitel,26.0,Midfield,Defensive Midfield,Fußball-Club Augsburg 1907,Bundesliga,2000000.0,2.0,1.0,0.0,1.0,773.0,24.0,0.5,<5jt
342046,Axel Tuanzebe,29.0,Defender,Centre-Back,Burnley Football Club,Premier League,5000000.0,5.0,1.0,1.0,2.0,3400.0,42.0,0.4,<5jt
342048,Grady Diangana,28.0,Attack,Right Winger,Elche Club de Fútbol S.A.D.,LaLiga,2000000.0,2.0,1.0,0.0,1.0,950.0,21.0,0.5,<5jt
342226,Irvin Cardona,29.0,Attack,Right Winger,AS Saint-Étienne,Ligue 1,2500000.0,2.5,7.0,6.0,13.0,1767.0,33.0,5.2,<5jt
342229,Kylian Mbappé,28.0,Attack,Centre-Forward,Real Madrid Club de Fútbol,LaLiga,180000000.0,180.0,85.0,11.0,96.0,8303.0,102.0,0.5333333333333333,>40jt
342385,Guido Rodríguez,32.0,Midfield,Defensive Midfield,Valencia Club de Fútbol S. A. D.,LaLiga,4000000.0,4.0,4.0,1.0,5.0,2766.0,49.0,1.25,<5jt
342405,Mattias Svanberg,27.0,Midfield,Central Midfield,Verein für Leibesübungen Wolfsburg,Bundesliga,8000000.0,8.0,8.0,3.0,11.0,2311.0,48.0,1.375,5-10jt
342877,Enzo Ebosse,27.0,Defender,Centre-Back,Torino Calcio,Serie A,2800000.0,2.8,0.0,1.0,1.0,1517.0,21.0,0.35714285714285715,<5jt
342967,Niklas Beste,27.0,Attack,Right Winger,Sport-Club Freiburg,Bundesliga,10000000.0,10.0,3.0,10.0,13.0,3993.0,79.0,1.3,5-10jt
343052,Nicolas Pépé,31.0,Attack,Right Winger,Villarreal Club de Fútbol S.A.D.,LaLiga,6000000.0,6.0,11.0,18.0,29.0,4769.0,75.0,4.833333333333333,5-10jt
343273,Joni Montiel,28.0,Midfield,Attacking Midfield,Rayo Vallecano de Madrid S. A. D.,LaLiga,700000.0,0.7,0.0,1.0,1.0,27.0,1.0,1.4285714285714286,<5jt
343463,Cyle Larin,31.0,Attack,Centre-Forward,Southampton FC,Premier League,2500000.0,2.5,9.0,3.0,12.0,2505.0,54.0,4.8,<5jt
343537,Artem Dovbyk,29.0,Attack,Centre-Forward,Associazione Sportiva Roma,Serie A,15000000.0,15.0,23.0,7.0,30.0,3912.0,64.0,2.0,10-20jt
343959,Erhan Masovic,28.0,Defender,Centre-Back,VfL Bochum,Bundesliga,1500000.0,1.5,1.0,1.0,2.0,984.0,17.0,1.3333333333333333,<5jt
344069,Anton Stach,28.0,Midfield,Defensive Midfield,Leeds United Association Football Club,Premier League,28000000.0,28.0,7.0,5.0,12.0,5887.0,73.0,0.42857142857142855,20-40jt
344072,Kelvin Amian,28.0,Defender,Right-Back,Football Club de Nantes,Ligue 1,2000000.0,2.0,1.0,1.0,2.0,4125.0,53.0,1.0,<5jt
344152,Odsonne Édouard,28.0,Attack,Centre-Forward,Racing Club de Lens,Ligue 1,12000000.0,12.0,12.0,3.0,15.0,1984.0,37.0,1.25,10-20jt
344381,Christopher Nkunku,29.0,Attack,Centre-Forward,Associazione Calcio Milan,Serie A,25000000.0,25.0,15.0,5.0,20.0,3054.0,72.0,0.8,20-40jt
344596,Malang Sarr,27.0,Defender,Centre-Back,Racing Club de Lens,Ligue 1,20000000.0,20.0,0.0,1.0,1.0,4378.0,55.0,0.05,10-20jt
344598,Dan-Axel Zagadou,27.0,Defender,Centre-Back,Verein für Bewegungsspiele Stuttgart 1893,Bundesliga,2000000.0,2.0,0.0,1.0,1.0,252.0,8.0,0.5,<5jt
344605,Boubakary Soumaré,27.0,Midfield,Defensive Midfield,Leicester City,Premier League,14000000.0,14.0,0.0,1.0,1.0,2440.0,34.0,0.07142857142857142,10-20jt
344695,Dayot Upamecano,28.0,Defender,Centre-Back,FC Bayern München,Bundesliga,70000000.0,70.0,4.0,5.0,9.0,6468.0,79.0,0.12857142857142856,>40jt
344886,Matthieu Udol,30.0,Defender,Left-Back,Racing Club de Lens,Ligue 1,8000000.0,8.0,1.0,7.0,8.0,3005.0,34.0,1.0,5-10jt
344888,Habib Diallo,31.0,Attack,Centre-Forward,Football Club de Metz,Ligue 1,4000000.0,4.0,5.0,2.0,7.0,2071.0,28.0,1.75,<5jt
344892,Gauthier Hein,30.0,Attack,Right Winger,Football Club de Metz,Ligue 1,5000000.0,5.0,8.0,7.0,15.0,2355.0,29.0,3.0,<5jt
345189,Luka Lochoshvili,28.0,Defender,Centre-Back,1.FC Nuremberg,Bundesliga,2500000.0,2.5,0.0,0.0,0.0,120.0,1.0,0.0,<5jt
345458,Sebastian Walukiewicz,26.0,Defender,Right-Back,Unione Sportiva Sassuolo Calcio,Serie A,5000000.0,5.0,0.0,1.0,1.0,4897.0,69.0,0.2,<5jt
345590,Jens Odgaard,27.0,Midfield,Attacking Midfield,Bologna Football Club 1909,Serie A,12000000.0,12.0,13.0,7.0,20.0,4257.0,79.0,1.6666666666666667,10-20jt
345886,Rubén Vargas,28.0,Attack,Left Winger,Sevilla Fútbol Club S.A.D.,LaLiga,12000000.0,12.0,6.0,7.0,13.0,2667.0,46.0,1.0833333333333333,10-20jt
345911,Ladislav Krejčí,27.0,Defender,Centre-Back,Wolverhampton Wanderers Football Club,Premier League,22000000.0,22.0,4.0,2.0,6.0,6015.0,70.0,0.2727272727272727,20-40jt
346289,Mouctar Diakhaby,30.0,Defender,Centre-Back,Valencia Club de Fútbol S. A. D.,LaLiga,1500000.0,1.5,3.0,0.0,3.0,1304.0,23.0,2.0,<5jt
346314,Trevoh Chalobah,27.0,Defender,Centre-Back,Chelsea Football Club,Premier League,40000000.0,40.0,6.0,2.0,8.0,6177.0,78.0,0.2,20-40jt
346483,Mason Mount,27.0,Midfield,Attacking Midfield,Manchester United Football Club,Premier League,25000000.0,25.0,6.0,1.0,7.0,2068.0,53.0,0.28,20-40jt
346499,Danel Sinani,29.0,Midfield,Attacking Midfield,Fußball-Club St. Pauli von 1910,Bundesliga,3000000.0,3.0,7.0,4.0,11.0,3543.0,60.0,3.6666666666666665,<5jt
346546,Radoslaw Majecki,27.0,Goalkeeper,Goalkeeper,Stade brestois 29,Ligue 1,2500000.0,2.5,0.0,0.0,0.0,2935.0,33.0,0.0,<5jt
346551,Kamil Grabara,27.0,Goalkeeper,Goalkeeper,Verein für Leibesübungen Wolfsburg,Bundesliga,12000000.0,12.0,0.0,0.0,0.0,6036.0,67.0,0.0,10-20jt
346561,Luca Ranieri,27.0,Defender,Centre-Back,Associazione Calcio Fiorentina,Serie A,6000000.0,6.0,3.0,3.0,6.0,6082.0,77.0,1.0,5-10jt
346567,Luca Pellegrini,27.0,Defender,Left-Back,Società Sportiva Lazio S.p.A.,Serie A,4500000.0,4.5,1.0,6.0,7.0,3291.0,57.0,1.5555555555555556,<5jt
346707,Sean Longstaff,29.0,Midfield,Central Midfield,Leeds United Association Football Club,Premier League,15000000.0,15.0,3.0,3.0,6.0,2302.0,56.0,0.4,10-20jt
346779,Ché Adams,30.0,Attack,Centre-Forward,Torino Calcio,Serie A,5000000.0,5.0,18.0,7.0,25.0,4883.0,74.0,5.0,<5jt
346853,Romano Schmid,26.0,Midfield,Attacking Midfield,Sportverein Werder Bremen von 1899,Bundesliga,15000000.0,15.0,9.0,14.0,23.0,6199.0,70.0,1.5333333333333334,10-20jt
346890,Noah Okafor,26.0,Attack,Left Winger,Leeds United Association Football Club,Premier League,25000000.0,25.0,9.0,5.0,14.0,2571.0,55.0,0.56,20-40jt
347253,Dany Mota,28.0,Attack,Centre-Forward,AC Monza,Serie A,5000000.0,5.0,5.0,2.0,7.0,2366.0,34.0,1.4,<5jt
348026,Nordi Mukiele,29.0,Defender,Right-Back,Sunderland Association Football Club,Premier League,16000000.0,16.0,5.0,5.0,10.0,4657.0,59.0,0.625,10-20jt
348601,Mehdi Léris,28.0,Attack,Right Winger,Pisa Sporting Club,Serie A,1800000.0,1.8,2.0,3.0,5.0,1913.0,35.0,2.7777777777777777,<5jt
348795,Giovani Lo Celso,30.0,Midfield,Attacking Midfield,Real Betis Balompié S.A.D.,LaLiga,8000000.0,8.0,11.0,6.0,17.0,3381.0,59.0,2.125,5-10jt
349066,Alexander Isak,27.0,Attack,Centre-Forward,Liverpool Football Club,Premier League,85000000.0,85.0,28.0,7.0,35.0,3983.0,59.0,0.4117647058823529,>40jt
349433,Fabian Nürnberger,27.0,Midfield,Left Midfield,SV Darmstadt 98,Bundesliga,1500000.0,1.5,0.0,0.0,0.0,90.0,1.0,0.0,<5jt
349503,Conor Chaplin,29.0,Attack,Second Striker,Ipswich Town,Premier League,4000000.0,4.0,2.0,1.0,3.0,944.0,23.0,0.75,<5jt
349599,Pervis Estupiñán,28.0,Defender,Left-Back,Associazione Calcio Milan,Serie A,12000000.0,12.0,2.0,2.0,4.0,4015.0,56.0,0.3333333333333333,10-20jt
349701,Antonee Robinson,29.0,Defender,Left-Back,Fulham Football Club,Premier League,22000000.0,22.0,1.0,11.0,12.0,5144.0,64.0,0.5454545454545454,20-40jt
349884,Lucas Ahijado,31.0,Defender,Right-Back,Real Oviedo S.A.D.,LaLiga,600000.0,0.6,0.0,1.0,1.0,1212.0,21.0,1.6666666666666667,<5jt
350219,Fabián Ruiz,30.0,Midfield,Central Midfield,Paris Saint-Germain Football Club,Ligue 1,30000000.0,30.0,10.0,16.0,26.0,5360.0,85.0,0.8666666666666667,20-40jt
351478,Mikel Oyarzabal,29.0,Attack,Centre-Forward,Real Sociedad de Fútbol S.A.D.,LaLiga,25000000.0,25.0,36.0,12.0,48.0,6664.0,94.0,1.92,20-40jt
351749,Kalvin Phillips,31.0,Midfield,Defensive Midfield,Manchester City Football Club,Premier League,2500000.0,2.5,1.0,0.0,1.0,1471.0,23.0,0.4,<5jt
351809,Robin Le Normand,30.0,Defender,Centre-Back,Club Atlético de Madrid S.A.D.,LaLiga,20000000.0,20.0,4.0,2.0,6.0,5866.0,86.0,0.3,10-20jt
351843,Yoann Salmier,34.0,Defender,Centre-Back,Le Havre Athletic Club,Ligue 1,1500000.0,1.5,0.0,0.0,0.0,797.0,13.0,0.0,<5jt
351955,Federico Baschirotto,30.0,Defender,Centre-Back,Unione Sportiva Cremonese S.p.A.,Serie A,3500000.0,3.5,4.0,0.0,4.0,6231.0,70.0,1.1428571428571428,<5jt
352041,Lucas Perri,29.0,Goalkeeper,Goalkeeper,Leeds United Association Football Club,Premier League,10000000.0,10.0,0.0,0.0,0.0,5850.0,64.0,0.0,5-10jt
353032,Omar Alderete,30.0,Defender,Centre-Back,Sunderland Association Football Club,Premier League,13000000.0,13.0,2.0,1.0,3.0,6055.0,71.0,0.23076923076923078,10-20jt
353365,Marcus Coco,30.0,Defender,Right-Back,Football Club de Nantes,Ligue 1,850000.0,0.85,0.0,1.0,1.0,955.0,20.0,1.1764705882352942,<5jt
353366,Benjamin Pavard,30.0,Defender,Centre-Back,Olympique de Marseille,Ligue 1,12000000.0,12.0,2.0,3.0,5.0,5317.0,73.0,0.4166666666666667,10-20jt
353399,Romain Del Castillo,30.0,Attack,Right Winger,Stade brestois 29,Ligue 1,7000000.0,7.0,15.0,7.0,22.0,4221.0,65.0,3.142857142857143,5-10jt
353404,Gaëtan Perrin,30.0,Attack,Right Winger,Lille Olympique Sporting Club,Ligue 1,5000000.0,5.0,13.0,15.0,28.0,4160.0,69.0,5.6,<5jt
353892,Hiroki Ito,27.0,Defender,Centre-Back,FC Bayern München,Bundesliga,18000000.0,18.0,2.0,2.0,4.0,1330.0,30.0,0.2222222222222222,10-20jt
353948,Lucas Tousart,29.0,Midfield,Central Midfield,Stade brestois 29,Ligue 1,2000000.0,2.0,1.0,2.0,3.0,1398.0,40.0,1.5,<5jt
354352,Frédéric Guilbert,32.0,Defender,Right-Back,Football Club de Nantes,Ligue 1,800000.0,0.8,0.0,1.0,1.0,3150.0,40.0,1.25,<5jt
354361,Frank Anguissa,31.0,Midfield,Central Midfield,Società Sportiva Calcio Napoli,Serie A,15000000.0,15.0,10.0,7.0,17.0,4668.0,60.0,1.1333333333333333,10-20jt
354362,Rodrigo Bentancur,29.0,Midfield,Defensive Midfield,Tottenham Hotspur Football Club,Premier League,20000000.0,20.0,3.0,1.0,4.0,5240.0,74.0,0.2,10-20jt
354726,Florian Sotoca,36.0,Attack,Centre-Forward,Racing Club de Lens,Ligue 1,1200000.0,1.2,2.0,2.0,4.0,2473.0,59.0,3.3333333333333335,<5jt
354814,M'Bala Nzola,30.0,Attack,Centre-Forward,Unione Sportiva Sassuolo Calcio,Serie A,4000000.0,4.0,10.0,2.0,12.0,3160.0,56.0,3.0,<5jt
354909,Giorgio Altare,28.0,Defender,Centre-Back,Venezia FC,Serie A,800000.0,0.8,0.0,0.0,0.0,751.0,12.0,0.0,<5jt
355104,Pepín Machín,30.0,Midfield,Attacking Midfield,AC Monza,Serie A,1000000.0,1.0,0.0,0.0,0.0,182.0,3.0,0.0,<5jt
355627,Sergio Akieme,29.0,Defender,Left-Back,Stade Reims,Ligue 1,7000000.0,7.0,2.0,3.0,5.0,2527.0,30.0,0.7142857142857143,5-10jt
355628,Igor Zubeldia,29.0,Defender,Centre-Back,Real Sociedad de Fútbol S.A.D.,LaLiga,6000000.0,6.0,1.0,1.0,2.0,5783.0,70.0,0.3333333333333333,5-10jt
355861,Arnaut Danjuma,29.0,Attack,Left Winger,Valencia Club de Fútbol S. A. D.,LaLiga,3000000.0,3.0,9.0,5.0,14.0,3866.0,71.0,4.666666666666667,<5jt
355915,Cristian Romero,28.0,Defender,Centre-Back,Tottenham Hotspur Football Club,Premier League,45000000.0,45.0,7.0,6.0,13.0,4707.0,57.0,0.28888888888888886,>40jt
356141,Daichi Kamada,30.0,Midfield,Attacking Midfield,Crystal Palace Football Club,Premier League,10000000.0,10.0,1.0,3.0,4.0,4301.0,73.0,0.4,5-10jt
356197,Alfonso Pedraza,30.0,Defender,Left-Back,Villarreal Club de Fútbol S.A.D.,LaLiga,2500000.0,2.5,1.0,6.0,7.0,2483.0,47.0,2.8,<5jt
357047,Gautier Larsonneur,29.0,Goalkeeper,Goalkeeper,AS Saint-Étienne,Ligue 1,3000000.0,3.0,0.0,0.0,0.0,3033.0,34.0,0.0,<5jt
357119,Ibrahima Konaté,27.0,Defender,Centre-Back,Liverpool Football Club,Premier League,45000000.0,45.0,4.0,2.0,6.0,7494.0,89.0,0.13333333333333333,>40jt
357147,Diogo Dalot,27.0,Defender,Right-Back,Manchester United Football Club,Premier League,30000000.0,30.0,4.0,7.0,11.0,7096.0,87.0,0.36666666666666664,20-40jt
357156,Diogo Leite,27.0,Defender,Centre-Back,1. Fußballclub Union Berlin,Bundesliga,12000000.0,12.0,1.0,3.0,4.0,4818.0,56.0,0.3333333333333333,10-20jt
357162,Florentino,27.0,Midfield,Defensive Midfield,Burnley Football Club,Premier League,16000000.0,16.0,3.0,3.0,6.0,5404.0,79.0,0.375,10-20jt
357164,Rafael Leão,27.0,Attack,Left Winger,Associazione Calcio Milan,Serie A,50000000.0,50.0,23.0,16.0,39.0,5526.0,82.0,0.78,>40jt
357498,Dušan Vlahović,26.0,Attack,Centre-Forward,Juventus Football Club,Serie A,35000000.0,35.0,27.0,7.0,34.0,3875.0,68.0,0.9714285714285714,20-40jt
357565,Rodri,30.0,Midfield,Defensive Midfield,Manchester City Football Club,Premier League,50000000.0,50.0,2.0,1.0,3.0,2546.0,41.0,0.06,>40jt
357628,Alfon González,27.0,Attack,Left Winger,Villarreal Club de Fútbol S.A.D.,LaLiga,3000000.0,3.0,11.0,5.0,16.0,2420.0,52.0,5.333333333333333,<5jt
357656,Jayson Molumby,27.0,Midfield,Central Midfield,West Bromwich Albion,Premier League,3500000.0,3.5,0.0,0.0,0.0,23.0,2.0,0.0,<5jt
357658,Mark Travers,27.0,Goalkeeper,Goalkeeper,Everton Football Club,Premier League,3000000.0,3.0,0.0,0.0,0.0,630.0,7.0,0.0,<5jt
357662,Declan Rice,27.0,Midfield,Central Midfield,Arsenal Football Club,Premier League,120000000.0,120.0,13.0,20.0,33.0,8222.0,103.0,0.275,>40jt
357778,Sandro Kulenović,27.0,Attack,Centre-Forward,Torino Calcio,Serie A,3500000.0,3.5,7.0,2.0,9.0,1240.0,31.0,2.5714285714285716,<5jt
357796,Domagoj Bradarić,27.0,Defender,Left-Back,Verona Hellas Football Club,Serie A,1500000.0,1.5,2.0,1.0,3.0,4012.0,59.0,2.0,<5jt
357884,Fernando Calero,31.0,Defender,Centre-Back,Reial Club Deportiu Espanyol de Barcelona S.A.D.,LaLiga,2000000.0,2.0,1.0,0.0,1.0,2942.0,50.0,0.5,<5jt
357885,Pablo Fornals,30.0,Midfield,Central Midfield,Real Betis Balompié S.A.D.,LaLiga,8000000.0,8.0,11.0,9.0,20.0,5604.0,79.0,2.5,5-10jt
357992,Raoul Bellanova,26.0,Midfield,Right Midfield,Atalanta Bergamasca Calcio S.p.a.,Serie A,15000000.0,15.0,1.0,13.0,14.0,5198.0,82.0,0.9333333333333333,10-20jt
358003,Simone Canestrelli,26.0,Defender,Centre-Back,Pisa Sporting Club,Serie A,4500000.0,4.5,1.0,0.0,1.0,3381.0,39.0,0.2222222222222222,<5jt
358008,Gianluca Gaetano,26.0,Midfield,Defensive Midfield,Cagliari Calcio,Serie A,6500000.0,6.5,5.0,8.0,13.0,3168.0,65.0,2.0,5-10jt
358032,Cyril Ngonge,26.0,Attack,Right Winger,Reial Club Deportiu Espanyol de Barcelona S.A.D.,LaLiga,7000000.0,7.0,3.0,4.0,7.0,1965.0,54.0,1.0,5-10jt
358143,Chidozie Awaziem,29.0,Defender,Centre-Back,Football Club de Nantes,Ligue 1,2500000.0,2.5,1.0,2.0,3.0,2283.0,30.0,1.2,<5jt
358250,Joseph Aidoo,31.0,Defender,Centre-Back,Real Club Celta de Vigo S. A. D.,LaLiga,1000000.0,1.0,0.0,0.0,0.0,1619.0,23.0,0.0,<5jt
358504,Ritsu Doan,28.0,Attack,Right Winger,Eintracht Frankfurt Fußball AG,Bundesliga,17000000.0,17.0,17.0,15.0,32.0,6091.0,76.0,1.8823529411764706,10-20jt
358515,Jean-Philippe Krasso,29.0,Attack,Centre-Forward,Paris Football Club,Ligue 1,3500000.0,3.5,2.0,2.0,4.0,1089.0,25.0,1.1428571428571428,<5jt
360518,Teun Koopmeiners,28.0,Midfield,Defensive Midfield,Juventus Football Club,Serie A,14000000.0,14.0,7.0,4.0,11.0,5850.0,91.0,0.7857142857142857,10-20jt
361065,Mitchel Bakker,26.0,Midfield,Left Midfield,Atalanta Bergamasca Calcio S.p.a.,Serie A,2500000.0,2.5,4.0,3.0,7.0,1609.0,35.0,2.8,<5jt
361068,Jurgen Ekkelenkamp,26.0,Midfield,Central Midfield,Udinese Calcio,Serie A,10000000.0,10.0,9.0,6.0,15.0,4323.0,70.0,1.5,5-10jt
361093,Sven Botman,26.0,Defender,Centre-Back,Newcastle United Football Club,Premier League,35000000.0,35.0,2.0,1.0,3.0,3277.0,46.0,0.08571428571428572,20-40jt
361254,Rafa Mir,29.0,Attack,Centre-Forward,Elche Club de Fútbol S.A.D.,LaLiga,4000000.0,4.0,10.0,2.0,12.0,2671.0,51.0,3.0,<5jt
361256,Berke Özer,26.0,Goalkeeper,Goalkeeper,Lille Olympique Sporting Club,Ligue 1,10000000.0,10.0,0.0,1.0,1.0,7050.0,79.0,0.1,5-10jt
361260,Ozan Kabak,26.0,Defender,Centre-Back,Turn- und Sportgemeinschaft 1899 Hoffenheim Fußball-Spielbetriebs,Bundesliga,15000000.0,15.0,4.0,0.0,4.0,1780.0,26.0,0.26666666666666666,10-20jt
361575,Tymoteusz Puchacz,27.0,Defender,Left-Back,Holstein Kiel,Bundesliga,1500000.0,1.5,0.0,1.0,1.0,597.0,15.0,0.6666666666666666,<5jt
361914,Nayef Aguerd,30.0,Defender,Centre-Back,Olympique de Marseille,Ligue 1,15000000.0,15.0,1.0,1.0,2.0,5717.0,67.0,0.13333333333333333,10-20jt
362086,Isi Palazón,32.0,Attack,Second Striker,Rayo Vallecano de Madrid S. A. D.,LaLiga,2800000.0,2.8,8.0,9.0,17.0,4790.0,76.0,6.071428571428572,<5jt
362108,Gabriel Gudmundsson,27.0,Defender,Left-Back,Leeds United Association Football Club,Premier League,20000000.0,20.0,3.0,2.0,5.0,5584.0,78.0,0.25,10-20jt
362977,Josip Juranovic,31.0,Defender,Right-Back,1. Fußballclub Union Berlin,Bundesliga,2000000.0,2.0,1.0,1.0,2.0,1484.0,28.0,1.0,<5jt
363057,Pedro Díaz,28.0,Midfield,Central Midfield,Rayo Vallecano de Madrid S. A. D.,LaLiga,3000000.0,3.0,5.0,1.0,6.0,3429.0,65.0,2.0,<5jt
363205,Gabriel Jesus,29.0,Attack,Centre-Forward,Arsenal Football Club,Premier League,17000000.0,17.0,9.0,3.0,12.0,1891.0,50.0,0.7058823529411765,10-20jt
363901,Nik Tzanev,30.0,Goalkeeper,Goalkeeper,Huddersfield Town,Premier League,100000.0,0.1,0.0,0.0,0.0,180.0,2.0,0.0,<5jt
364133,Pietro Pellegri,25.0,Attack,Centre-Forward,Torino Calcio,Serie A,3000000.0,3.0,3.0,0.0,3.0,545.0,13.0,1.0,<5jt
364135,Moise Kean,26.0,Attack,Centre-Forward,Associazione Calcio Fiorentina,Serie A,32000000.0,32.0,30.0,6.0,36.0,5023.0,62.0,1.125,20-40jt
364232,Ibrahima Wadji,31.0,Attack,Centre-Forward,AS Saint-Étienne,Ligue 1,600000.0,0.6,0.0,0.0,0.0,343.0,10.0,0.0,<5jt
364245,Jordan Teze,27.0,Defender,Right-Back,Association sportive de Monaco Football Club,Ligue 1,15000000.0,15.0,5.0,2.0,7.0,3933.0,65.0,0.4666666666666667,10-20jt
364258,Bernardo,31.0,Defender,Left-Back,Turn- und Sportgemeinschaft 1899 Hoffenheim Fußball-Spielbetriebs,Bundesliga,4000000.0,4.0,0.0,0.0,0.0,4310.0,52.0,0.0,<5jt
364409,Gabriel Osho,28.0,Defender,Centre-Back,Association de la Jeunesse auxerroise,Ligue 1,3000000.0,3.0,1.0,0.0,1.0,1658.0,20.0,0.3333333333333333,<5jt
364603,José Manuel Arnáiz,31.0,Attack,Left Winger,Club Atlético Osasuna,LaLiga,900000.0,0.9,1.0,0.0,1.0,221.0,17.0,1.1111111111111112,<5jt
364827,Cédric Kipré,30.0,Defender,Centre-Back,Stade Reims,Ligue 1,2200000.0,2.2,0.0,1.0,1.0,2191.0,28.0,0.45454545454545453,<5jt
364857,Falaye Sacko,31.0,Defender,Right-Back,Montpellier HSC,Ligue 1,4000000.0,4.0,0.0,1.0,1.0,1208.0,16.0,0.25,<5jt
365108,Dan Ndoye,26.0,Attack,Right Winger,Nottingham Forest Football Club,Premier League,32000000.0,32.0,11.0,8.0,19.0,5036.0,78.0,0.59375,20-40jt
365172,Patson Daka,28.0,Attack,Centre-Forward,Leicester City,Premier League,15000000.0,15.0,2.0,1.0,3.0,1091.0,28.0,0.2,10-20jt
366930,Sergio Gómez,26.0,Defender,Left-Back,Real Sociedad de Fútbol S.A.D.,LaLiga,15000000.0,15.0,5.0,13.0,18.0,6564.0,92.0,1.2,10-20jt
366948,Jailson,31.0,Midfield,Defensive Midfield,Real Club Celta de Vigo S. A. D.,LaLiga,1500000.0,1.5,0.0,0.0,0.0,613.0,13.0,0.0,<5jt
367284,Leo Østigård,27.0,Defender,Centre-Back,Genoa Cricket and Football Club,Serie A,13000000.0,13.0,6.0,1.0,7.0,4890.0,59.0,0.5384615384615384,10-20jt
367466,Thierry Correia,27.0,Defender,Right-Back,Valencia Club de Fútbol S. A. D.,LaLiga,2500000.0,2.5,0.0,2.0,2.0,2301.0,37.0,0.8,<5jt
368482,Riccardo Orsolini,29.0,Attack,Right Winger,Bologna Football Club 1909,Serie A,15000000.0,15.0,31.0,6.0,37.0,5407.0,92.0,2.466666666666667,10-20jt
368887,Loïs Openda,26.0,Attack,Centre-Forward,Juventus Football Club,Serie A,25000000.0,25.0,15.0,11.0,26.0,4639.0,82.0,1.04,20-40jt
368891,Arthur Theate,26.0,Defender,Centre-Back,Eintracht Frankfurt Fußball AG,Bundesliga,17000000.0,17.0,1.0,1.0,2.0,6597.0,75.0,0.11764705882352941,10-20jt
369081,Federico Valverde,28.0,Midfield,Central Midfield,Real Madrid Club de Fútbol,LaLiga,90000000.0,90.0,20.0,21.0,41.0,9804.0,115.0,0.45555555555555555,>40jt
369267,Maximiliano Caufriez,29.0,Defender,Centre-Back,Valencia Club de Fútbol S. A. D.,LaLiga,900000.0,0.9,0.0,0.0,0.0,90.0,1.0,0.0,<5jt
369316,Ferdi Kadıoğlu,27.0,Defender,Left-Back,Brighton and Hove Albion Football Club,Premier League,35000000.0,35.0,3.0,0.0,3.0,4291.0,54.0,0.08571428571428572,20-40jt
369674,Joakim Maehle,29.0,Defender,Left-Back,Verein für Leibesübungen Wolfsburg,Bundesliga,7000000.0,7.0,4.0,6.0,10.0,3818.0,49.0,1.4285714285714286,5-10jt
369684,Rasmus Kristensen,29.0,Defender,Right-Back,Eintracht Frankfurt Fußball AG,Bundesliga,10000000.0,10.0,9.0,4.0,13.0,5628.0,71.0,1.3,5-10jt
369962,Joël Piroe,27.0,Attack,Centre-Forward,Leeds United Association Football Club,Premier League,10000000.0,10.0,1.0,0.0,1.0,572.0,21.0,0.1,5-10jt
370683,Andreas Hanche-Olsen,29.0,Defender,Centre-Back,1. Fußball- und Sportverein Mainz 05,Bundesliga,3500000.0,3.5,1.0,1.0,2.0,2410.0,39.0,0.5714285714285714,<5jt
370789,Julian Ryerson,29.0,Defender,Right-Back,Borussia Dortmund,Bundesliga,25000000.0,25.0,2.0,22.0,24.0,6807.0,90.0,0.96,20-40jt
370846,Timothy Weah,26.0,Midfield,Right Midfield,Olympique de Marseille,Ligue 1,20000000.0,20.0,9.0,8.0,17.0,5276.0,81.0,0.85,10-20jt
371021,Arijanet Murić,28.0,Goalkeeper,Goalkeeper,Unione Sportiva Sassuolo Calcio,Serie A,7500000.0,7.5,0.0,0.0,0.0,4581.0,51.0,0.0,5-10jt
371141,Stanley Nsoki,27.0,Defender,Centre-Back,1. Fußballclub Union Berlin,Bundesliga,2000000.0,2.0,1.0,2.0,3.0,2561.0,41.0,1.5,<5jt
371149,Evan Ndicka,27.0,Defender,Centre-Back,Associazione Sportiva Roma,Serie A,35000000.0,35.0,6.0,2.0,8.0,8520.0,98.0,0.22857142857142856,20-40jt
371371,Marash Kumbulla,26.0,Defender,Centre-Back,Real Club Deportivo Mallorca S.A.D.,LaLiga,3000000.0,3.0,3.0,0.0,3.0,3660.0,46.0,1.0,<5jt
371436,Francisco Sierralta,29.0,Defender,Centre-Back,Association de la Jeunesse auxerroise,Ligue 1,1200000.0,1.2,1.0,0.0,1.0,862.0,10.0,0.8333333333333334,<5jt
371686,Carlens Arcus,30.0,Defender,Right-Back,Angers Sporting Club de l'Ouest,Ligue 1,1800000.0,1.8,0.0,4.0,4.0,4100.0,54.0,2.2222222222222223,<5jt
371816,Dimitry Bertaud,28.0,Goalkeeper,Goalkeeper,Montpellier HSC,Ligue 1,1200000.0,1.2,0.0,0.0,0.0,360.0,4.0,0.0,<5jt
371851,Jaka Bijol,27.0,Defender,Centre-Back,Leeds United Association Football Club,Premier League,20000000.0,20.0,3.0,5.0,8.0,5727.0,69.0,0.4,10-20jt
371998,Vinicius Junior,26.0,Attack,Left Winger,Real Madrid Club de Fútbol,LaLiga,140000000.0,140.0,44.0,32.0,76.0,8968.0,112.0,0.5428571428571428,>40jt
372246,Carlos Soler,29.0,Midfield,Central Midfield,Real Sociedad de Fútbol S.A.D.,LaLiga,7000000.0,7.0,5.0,4.0,9.0,4292.0,72.0,1.2857142857142858,5-10jt
372445,Dani Silva,26.0,Midfield,Central Midfield,Verona Hellas Football Club,Serie A,2500000.0,2.5,1.0,0.0,1.0,1048.0,20.0,0.4,<5jt
372712,Ibrahima Sissoko,29.0,Midfield,Defensive Midfield,Football Club de Nantes,Ligue 1,2000000.0,2.0,2.0,1.0,3.0,3627.0,49.0,1.5,<5jt
372720,Nicholas Pierini,28.0,Attack,Right Winger,Venezia FC,Serie A,750000.0,0.75,0.0,1.0,1.0,212.0,4.0,1.3333333333333333,<5jt
372809,Petko Hristov,27.0,Defender,Centre-Back,Spezia Calcio,Serie A,1500000.0,1.5,0.0,0.0,0.0,28.0,1.0,0.0,<5jt
374040,Vincent Marchetti,29.0,Midfield,Central Midfield,Paris Football Club,Ligue 1,1500000.0,1.5,2.0,1.0,3.0,819.0,23.0,2.0,<5jt
374139,Junior Firpo,30.0,Defender,Left-Back,Real Betis Balompié S.A.D.,LaLiga,3500000.0,3.5,0.0,2.0,2.0,1000.0,16.0,0.5714285714285714,<5jt
374954,Kristijan Jakic,29.0,Midfield,Defensive Midfield,Fußball-Club Augsburg 1907,Bundesliga,6000000.0,6.0,2.0,2.0,4.0,4398.0,63.0,0.6666666666666666,5-10jt
375382,André Almeida,26.0,Midfield,Attacking Midfield,Valencia Club de Fútbol S. A. D.,LaLiga,6000000.0,6.0,0.0,7.0,7.0,3414.0,64.0,1.1666666666666667,5-10jt
375877,Vakoun Bayo,29.0,Attack,Centre-Forward,Udinese Calcio,Serie A,2500000.0,2.5,0.0,2.0,2.0,471.0,16.0,0.8,<5jt
375885,Ibrahim Sangaré,29.0,Midfield,Defensive Midfield,Nottingham Forest Football Club,Premier League,20000000.0,20.0,2.0,6.0,8.0,3926.0,64.0,0.4,10-20jt
376514,Mathías Olivera,29.0,Defender,Left-Back,Società Sportiva Calcio Napoli,Serie A,15000000.0,15.0,0.0,5.0,5.0,4306.0,67.0,0.3333333333333333,10-20jt
377042,Michael Folorunsho,28.0,Midfield,Central Midfield,Cagliari Calcio,Serie A,5000000.0,5.0,2.0,0.0,2.0,2847.0,49.0,0.4,<5jt
377219,Selim Amallah,30.0,Midfield,Attacking Midfield,Real Valladolid CF,LaLiga,1500000.0,1.5,4.0,3.0,7.0,1446.0,25.0,4.666666666666667,<5jt
377243,Jakub Piotrowski,29.0,Midfield,Central Midfield,Udinese Calcio,Serie A,4500000.0,4.5,2.0,1.0,3.0,2187.0,39.0,0.6666666666666666,<5jt
377393,Pierre Lees-Melou,33.0,Midfield,Defensive Midfield,Paris Football Club,Ligue 1,4500000.0,4.5,4.0,5.0,9.0,3868.0,49.0,2.0,<5jt
377641,Moatasem Al-Musrati,30.0,Midfield,Defensive Midfield,Verona Hellas Football Club,Serie A,4500000.0,4.5,3.0,2.0,5.0,3068.0,54.0,1.1111111111111112,<5jt
377729,Martijn Kaars,27.0,Attack,Centre-Forward,Fußball-Club St. Pauli von 1910,Bundesliga,3000000.0,3.0,5.0,2.0,7.0,1654.0,33.0,2.3333333333333335,<5jt
378139,Aitor Ruibal,30.0,Attack,Right Winger,Real Betis Balompié S.A.D.,LaLiga,4000000.0,4.0,7.0,7.0,14.0,4131.0,74.0,3.5,<5jt
378293,Yangel Herrera,28.0,Midfield,Central Midfield,Real Sociedad de Fútbol S.A.D.,LaLiga,6000000.0,6.0,4.0,4.0,8.0,3332.0,51.0,1.3333333333333333,5-10jt
378710,Richarlison,29.0,Attack,Centre-Forward,Tottenham Hotspur Football Club,Premier League,25000000.0,25.0,17.0,7.0,24.0,3527.0,65.0,0.96,20-40jt
379163,Marius Marin,28.0,Midfield,Defensive Midfield,Pisa Sporting Club,Serie A,2800000.0,2.8,0.0,0.0,0.0,1359.0,24.0,0.0,<5jt
379869,Arthur Desmas,32.0,Goalkeeper,Goalkeeper,Le Havre Athletic Club,Ligue 1,2500000.0,2.5,0.0,0.0,0.0,1620.0,18.0,0.0,<5jt
380350,Igor Julio,28.0,Defender,Centre-Back,Brighton and Hove Albion Football Club,Premier League,10000000.0,10.0,0.0,0.0,0.0,1243.0,19.0,0.0,5-10jt
380598,Santi Comesaña,30.0,Midfield,Central Midfield,Villarreal Club de Fútbol S.A.D.,LaLiga,8000000.0,8.0,9.0,8.0,17.0,5850.0,82.0,2.125,5-10jt
380744,Egil Selvik,29.0,Goalkeeper,Goalkeeper,Watford FC,Premier League,1500000.0,1.5,0.0,0.0,0.0,90.0,1.0,0.0,<5jt
381753,Ilia Gruev,26.0,Midfield,Defensive Midfield,Leeds United Association Football Club,Premier League,12000000.0,12.0,0.0,3.0,3.0,1519.0,26.0,0.25,10-20jt
381950,Alexis Saelemaekers,27.0,Midfield,Right Midfield,Associazione Calcio Milan,Serie A,20000000.0,20.0,10.0,12.0,22.0,5033.0,72.0,1.1,10-20jt
381963,Mike Tresor,27.0,Midfield,Attacking Midfield,Burnley Football Club,Premier League,2000000.0,2.0,0.0,1.0,1.0,61.0,8.0,0.5,<5jt
381967,Albert Sambi Lokonga,27.0,Midfield,Central Midfield,Hamburger Sport Verein,Bundesliga,12000000.0,12.0,5.0,2.0,7.0,3278.0,49.0,0.5833333333333334,10-20jt
382478,Cédric Zesiger,28.0,Defender,Centre-Back,Fußball-Club Augsburg 1907,Bundesliga,5000000.0,5.0,0.0,2.0,2.0,3747.0,52.0,0.4,<5jt
384593,Alexis Claude-Maurice,28.0,Midfield,Attacking Midfield,Fußball-Club Augsburg 1907,Bundesliga,15000000.0,15.0,15.0,7.0,22.0,4461.0,61.0,1.4666666666666666,10-20jt
384859,Fabien Centonze,30.0,Defender,Right-Back,Football Club de Nantes,Ligue 1,1000000.0,1.0,3.0,0.0,3.0,995.0,22.0,3.0,<5jt
385105,Gabriel Suazo,29.0,Defender,Left-Back,Sevilla Fútbol Club S.A.D.,LaLiga,6000000.0,6.0,0.0,8.0,8.0,4288.0,60.0,1.3333333333333333,5-10jt
385394,Alberto Dossena,28.0,Defender,Centre-Back,Cagliari Calcio,Serie A,6000000.0,6.0,0.0,3.0,3.0,2687.0,35.0,0.5,5-10jt
385848,George Edmundson,29.0,Defender,Centre-Back,Ipswich Town,Premier League,750000.0,0.75,0.0,0.0,0.0,91.0,2.0,0.0,<5jt
386047,Axel Disasi,28.0,Defender,Centre-Back,West Ham United Football Club,Premier League,15000000.0,15.0,2.0,0.0,2.0,2746.0,36.0,0.13333333333333333,10-20jt
386446,Alessandro Buongiorno,27.0,Defender,Centre-Back,Società Sportiva Calcio Napoli,Serie A,30000000.0,30.0,1.0,1.0,2.0,5255.0,66.0,0.06666666666666667,20-40jt
386455,Riccardo Sottil,27.0,Attack,Left Winger,Unione Sportiva Lecce,Serie A,3000000.0,3.0,4.0,4.0,8.0,2255.0,50.0,2.6666666666666665,<5jt
386552,Lassana Coulibaly,30.0,Midfield,Central Midfield,Unione Sportiva Lecce,Serie A,2200000.0,2.2,4.0,2.0,6.0,5855.0,78.0,2.727272727272727,<5jt
386685,Matheo Raab,28.0,Goalkeeper,Goalkeeper,1. Fußballclub Union Berlin,Bundesliga,600000.0,0.6,0.0,0.0,0.0,130.0,2.0,0.0,<5jt
387047,Danilho Doekhi,28.0,Defender,Centre-Back,1. Fußballclub Union Berlin,Bundesliga,13000000.0,13.0,8.0,1.0,9.0,6600.0,73.0,0.6923076923076923,10-20jt
387106,Lovro Majer,28.0,Midfield,Attacking Midfield,Verein für Leibesübungen Wolfsburg,Bundesliga,8000000.0,8.0,5.0,6.0,11.0,1917.0,40.0,1.375,5-10jt
387234,Szymon Żurkowski,29.0,Midfield,Central Midfield,FC Empoli,Serie A,2500000.0,2.5,0.0,0.0,0.0,101.0,5.0,0.0,<5jt
387626,Leon Bailey,29.0,Attack,Right Winger,Aston Villa Football Club,Premier League,14000000.0,14.0,3.0,6.0,9.0,2789.0,66.0,0.6428571428571429,10-20jt
388125,Stanko Juric,30.0,Midfield,Defensive Midfield,Real Valladolid CF,LaLiga,1200000.0,1.2,0.0,0.0,0.0,1873.0,28.0,0.0,<5jt
388165,Yoane Wissa,30.0,Attack,Centre-Forward,Newcastle United Football Club,Premier League,25000000.0,25.0,22.0,7.0,29.0,3869.0,65.0,1.16,20-40jt
388198,Nico Schlotterbeck,27.0,Defender,Centre-Back,Borussia Dortmund,Bundesliga,55000000.0,55.0,5.0,8.0,13.0,6654.0,75.0,0.23636363636363636,>40jt
388220,Sayfallah Ltaief,26.0,Midfield,Left Midfield,SpVgg Greuther Fürth,Bundesliga,1300000.0,1.3,4.0,3.0,7.0,2443.0,56.0,5.384615384615384,<5jt
388294,Omar Traoré,28.0,Defender,Right-Back,1. Fußballclub Heidenheim 1846,Bundesliga,2000000.0,2.0,0.0,3.0,3.0,4313.0,60.0,1.5,<5jt
388363,Maximilian Bauer,26.0,Defender,Centre-Back,Fußball-Club Augsburg 1907,Bundesliga,1500000.0,1.5,0.0,0.0,0.0,678.0,12.0,0.0,<5jt
388409,Philipp Sander,28.0,Midfield,Defensive Midfield,Borussia Verein für Leibesübungen 1900 Mönchengladbach,Bundesliga,4000000.0,4.0,3.0,0.0,3.0,4124.0,61.0,0.75,<5jt
388513,Mateu Morey,26.0,Defender,Right-Back,Real Club Deportivo Mallorca S.A.D.,LaLiga,1400000.0,1.4,1.0,0.0,1.0,1780.0,38.0,0.7142857142857143,<5jt
388516,Josep Martínez,28.0,Goalkeeper,Goalkeeper,Football Club Internazionale Milano S.p.A.,Serie A,10000000.0,10.0,0.0,0.0,0.0,1800.0,20.0,0.0,5-10jt
389837,Nicolò Casale,28.0,Defender,Centre-Back,Bologna Football Club 1909,Serie A,3800000.0,3.8,0.0,1.0,1.0,2465.0,42.0,0.2631578947368421,<5jt
390304,Federico Ravaglia,27.0,Goalkeeper,Goalkeeper,Bologna Football Club 1909,Serie A,1800000.0,1.8,0.0,0.0,0.0,3630.0,41.0,0.0,<5jt
390688,Juan Iglesias,28.0,Defender,Right-Back,Getafe Club de Fútbol S. A. D. Team Dubai,LaLiga,5000000.0,5.0,1.0,4.0,5.0,6513.0,80.0,1.0,<5jt
391004,Jonas Wind,27.0,Attack,Centre-Forward,Verein für Leibesübungen Wolfsburg,Bundesliga,4000000.0,4.0,12.0,4.0,16.0,2587.0,46.0,4.0,<5jt
391005,Mads Roerslev,27.0,Defender,Right-Back,Southampton FC,Premier League,4000000.0,4.0,0.0,3.0,3.0,1573.0,28.0,0.75,<5jt
391065,Hamed Traoré,26.0,Attack,Left Winger,Olympique de Marseille,Ligue 1,15000000.0,15.0,12.0,4.0,16.0,2880.0,43.0,1.0666666666666667,10-20jt
391720,Igor Silva,30.0,Defender,Right-Back,Football Club Lorient-Bretagne Sud,Ligue 1,1200000.0,1.2,1.0,0.0,1.0,1213.0,17.0,0.8333333333333334,<5jt
391766,Marco Grüll,28.0,Attack,Left Winger,Sportverein Werder Bremen von 1899,Bundesliga,4000000.0,4.0,9.0,3.0,12.0,3444.0,68.0,3.0,<5jt
391780,Derrick Köhn,27.0,Defender,Left-Back,1. Fußballclub Union Berlin,Bundesliga,4000000.0,4.0,3.0,5.0,8.0,3811.0,63.0,2.0,<5jt
392085,Nicolò Zaniolo,27.0,Attack,Second Striker,Udinese Calcio,Serie A,15000000.0,15.0,9.0,10.0,19.0,3356.0,70.0,1.2666666666666666,10-20jt
392163,Noah Weißhaupt,25.0,Attack,Left Winger,Fußball-Club St. Pauli von 1910,Bundesliga,5000000.0,5.0,1.0,1.0,2.0,1266.0,24.0,0.4,<5jt
392179,Hjalmar Ekdal,28.0,Defender,Centre-Back,Burnley Football Club,Premier League,5000000.0,5.0,0.0,1.0,1.0,3009.0,36.0,0.2,<5jt
392516,Antonino Gallo,26.0,Defender,Left-Back,Unione Sportiva Lecce,Serie A,3500000.0,3.5,0.0,7.0,7.0,5996.0,73.0,2.0,<5jt
392538,Tommaso Pobega,27.0,Midfield,Central Midfield,Bologna Football Club 1909,Serie A,8000000.0,8.0,8.0,5.0,13.0,3748.0,68.0,1.625,5-10jt
392569,Gabriele Zappa,27.0,Defender,Right-Back,Cagliari Calcio,Serie A,3000000.0,3.0,2.0,3.0,5.0,4976.0,73.0,1.6666666666666667,<5jt
392570,Marco Sala,27.0,Defender,Left-Back,Calcio Como,Serie A,400000.0,0.4,0.0,0.0,0.0,341.0,11.0,0.0,<5jt
392591,Chiedozie Ogbene,29.0,Attack,Right Winger,Ipswich Town,Premier League,4000000.0,4.0,0.0,0.0,0.0,355.0,7.0,0.0,<5jt
392710,Lennard Maloney,27.0,Midfield,Defensive Midfield,1. Fußball- und Sportverein Mainz 05,Bundesliga,2500000.0,2.5,0.0,0.0,0.0,1640.0,44.0,0.0,<5jt
392757,Marc Guéhi,26.0,Defender,Centre-Back,Manchester City Football Club,Premier League,70000000.0,70.0,8.0,6.0,14.0,7662.0,87.0,0.2,>40jt
392765,Emile Smith Rowe,26.0,Midfield,Attacking Midfield,Fulham Football Club,Premier League,20000000.0,20.0,11.0,3.0,14.0,4586.0,82.0,0.7,10-20jt
392767,Danny Namaso,26.0,Attack,Left Winger,Association de la Jeunesse auxerroise,Ligue 1,6000000.0,6.0,7.0,4.0,11.0,4426.0,75.0,1.8333333333333333,5-10jt
392768,Callum Hudson-Odoi,26.0,Attack,Left Winger,Nottingham Forest Football Club,Premier League,30000000.0,30.0,11.0,7.0,18.0,5152.0,79.0,0.6,20-40jt
392770,Angel Gomes,26.0,Midfield,Attacking Midfield,Wolverhampton Wanderers Football Club,Premier League,10000000.0,10.0,5.0,1.0,6.0,2551.0,51.0,0.6,5-10jt
392771,Ethan Ampadu,26.0,Midfield,Defensive Midfield,Leeds United Association Football Club,Premier League,30000000.0,30.0,1.0,1.0,2.0,3587.0,40.0,0.06666666666666667,20-40jt
392775,Ryan Sessegnon,26.0,Defender,Left-Back,Fulham Football Club,Premier League,22000000.0,22.0,7.0,6.0,13.0,2969.0,52.0,0.5909090909090909,20-40jt
392881,Antonio Candela,26.0,Defender,Right-Back,Venezia FC,Serie A,900000.0,0.9,0.0,1.0,1.0,1948.0,27.0,1.1111111111111112,<5jt
392956,Enrico Delprato,27.0,Defender,Right-Back,Parma Calcio 1913,Serie A,6000000.0,6.0,6.0,0.0,6.0,6147.0,73.0,1.0,5-10jt
392959,Andrea Colpani,27.0,Midfield,Attacking Midfield,Associazione Calcio Fiorentina,Serie A,6000000.0,6.0,2.0,2.0,4.0,1670.0,29.0,0.6666666666666666,5-10jt
392966,Nadir Zortea,27.0,Defender,Right-Back,Bologna Football Club 1909,Serie A,7000000.0,7.0,6.0,8.0,14.0,5669.0,82.0,2.0,5-10jt
393238,Zakaria Aboukhlal,26.0,Attack,Right Winger,Torino Calcio,Serie A,6000000.0,6.0,7.0,4.0,11.0,2574.0,44.0,1.8333333333333333,5-10jt
393321,James Sands,26.0,Midfield,Defensive Midfield,Fußball-Club St. Pauli von 1910,Bundesliga,5000000.0,5.0,1.0,1.0,2.0,2783.0,35.0,0.4,<5jt
393323,Brenden Aaronson,26.0,Midfield,Attacking Midfield,Leeds United Association Football Club,Premier League,22000000.0,22.0,4.0,5.0,9.0,2749.0,42.0,0.4090909090909091,20-40jt
393512,Felix Agu,27.0,Defender,Left-Back,Sportverein Werder Bremen von 1899,Bundesliga,4500000.0,4.5,3.0,2.0,5.0,2689.0,37.0,1.1111111111111112,<5jt
394033,Stefan Schimmer,32.0,Attack,Centre-Forward,1. Fußballclub Heidenheim 1846,Bundesliga,300000.0,0.3,6.0,1.0,7.0,1205.0,42.0,23.333333333333336,<5jt
394236,Filip Ugrinic,27.0,Midfield,Central Midfield,Valencia Club de Fútbol S. A. D.,LaLiga,6000000.0,6.0,1.0,5.0,6.0,2467.0,39.0,1.0,5-10jt
394300,Davide Frattesi,27.0,Midfield,Central Midfield,Football Club Internazionale Milano S.p.A.,Serie A,22000000.0,22.0,7.0,6.0,13.0,3209.0,81.0,0.5909090909090909,20-40jt
394327,Boubacar Kamara,27.0,Midfield,Defensive Midfield,Aston Villa Football Club,Premier League,40000000.0,40.0,2.0,4.0,6.0,4459.0,66.0,0.15,20-40jt
395122,Santiago Colombatto,29.0,Midfield,Defensive Midfield,Real Oviedo S.A.D.,LaLiga,2500000.0,2.5,0.0,1.0,1.0,2134.0,33.0,0.4,<5jt
395234,Batista Mendy,26.0,Midfield,Defensive Midfield,Sevilla Fútbol Club S.A.D.,LaLiga,7500000.0,7.5,2.0,2.0,4.0,4855.0,68.0,0.5333333333333333,5-10jt
395237,Maxence Caqueret,26.0,Midfield,Central Midfield,Calcio Como,Serie A,13000000.0,13.0,4.0,9.0,13.0,3704.0,67.0,1.0,10-20jt
395512,Antoine Bernede,27.0,Midfield,Central Midfield,Verona Hellas Football Club,Serie A,3500000.0,3.5,2.0,2.0,4.0,2989.0,47.0,1.1428571428571428,<5jt
395695,Elisha Owusu,29.0,Midfield,Defensive Midfield,Association de la Jeunesse auxerroise,Ligue 1,4000000.0,4.0,1.0,3.0,4.0,4704.0,57.0,1.0,<5jt
396174,Jimmy Dunne,29.0,Defender,Right-Back,Queens Park Rangers,Premier League,5000000.0,5.0,0.0,0.0,0.0,120.0,1.0,0.0,<5jt
396638,Manor Solomon,27.0,Attack,Left Winger,Associazione Calcio Fiorentina,Serie A,8000000.0,8.0,3.0,5.0,8.0,1262.0,28.0,1.0,5-10jt
397033,Sandro Tonali,26.0,Midfield,Defensive Midfield,Newcastle United Football Club,Premier League,80000000.0,80.0,7.0,9.0,16.0,6881.0,93.0,0.2,>40jt
397171,Gideon Mensah,28.0,Defender,Left-Back,Association de la Jeunesse auxerroise,Ligue 1,4000000.0,4.0,0.0,2.0,2.0,4618.0,59.0,0.5,<5jt
397225,Alessandro Zanoli,26.0,Defender,Right-Back,Udinese Calcio,Serie A,4500000.0,4.5,2.0,4.0,6.0,3246.0,54.0,1.3333333333333333,<5jt
397676,Dani Cárdenas,29.0,Goalkeeper,Goalkeeper,Rayo Vallecano de Madrid S. A. D.,LaLiga,1800000.0,1.8,0.0,0.0,0.0,1740.0,19.0,0.0,<5jt
398065,Harvey Barnes,29.0,Attack,Left Winger,Newcastle United Football Club,Premier League,32000000.0,32.0,25.0,11.0,36.0,5302.0,93.0,1.125,20-40jt
398073,Achraf Hakimi,28.0,Defender,Right-Back,Paris Saint-Germain Football Club,Ligue 1,80000000.0,80.0,13.0,25.0,38.0,7235.0,86.0,0.475,>40jt
398163,Gonzalo Villar,28.0,Midfield,Central Midfield,Elche Club de Fútbol S.A.D.,LaLiga,1800000.0,1.8,1.0,0.0,1.0,789.0,16.0,0.5555555555555556,<5jt
398184,Ferran Torres,26.0,Attack,Centre-Forward,Futbol Club Barcelona,LaLiga,50000000.0,50.0,40.0,10.0,50.0,4641.0,95.0,1.0,>40jt
399383,Mathieu Cafaro,29.0,Attack,Right Winger,Paris Football Club,Ligue 1,1500000.0,1.5,1.0,0.0,1.0,878.0,25.0,0.6666666666666666,<5jt
399434,Marcus Tavernier,27.0,Midfield,Attacking Midfield,Association Football Club Bournemouth,Premier League,25000000.0,25.0,11.0,10.0,21.0,4998.0,67.0,0.84,20-40jt
399543,Rémi Oudin,30.0,Midfield,Attacking Midfield,Unione Sportiva Lecce,Serie A,3500000.0,3.5,0.0,0.0,0.0,398.0,14.0,0.0,<5jt
399776,Pau Torres,29.0,Defender,Centre-Back,Aston Villa Football Club,Premier League,20000000.0,20.0,0.0,3.0,3.0,5668.0,69.0,0.15,10-20jt
400489,Eljif Elmas,27.0,Midfield,Attacking Midfield,Società Sportiva Calcio Napoli,Serie A,13000000.0,13.0,5.0,5.0,10.0,3596.0,63.0,0.7692307692307693,10-20jt
400536,Mads Hermansen,26.0,Goalkeeper,Goalkeeper,West Ham United Football Club,Premier League,15000000.0,15.0,0.0,1.0,1.0,4215.0,47.0,0.06666666666666667,10-20jt
400546,Nikolas Nartey,26.0,Midfield,Central Midfield,Verein für Bewegungsspiele Stuttgart 1893,Bundesliga,10000000.0,10.0,4.0,4.0,8.0,1515.0,39.0,0.8,5-10jt
401173,Jadon Sancho,26.0,Attack,Left Winger,Aston Villa Football Club,Premier League,18000000.0,18.0,4.0,8.0,12.0,3641.0,73.0,0.6666666666666666,10-20jt
401320,Dara O'Shea,27.0,Defender,Centre-Back,Ipswich Town,Premier League,16000000.0,16.0,0.0,2.0,2.0,3332.0,38.0,0.125,10-20jt
401529,Dodô,28.0,Defender,Right-Back,Associazione Calcio Fiorentina,Serie A,16000000.0,16.0,2.0,8.0,10.0,6656.0,76.0,0.625,10-20jt
401530,Éder Militão,28.0,Defender,Centre-Back,Real Madrid Club de Fútbol,LaLiga,20000000.0,20.0,3.0,2.0,5.0,2894.0,41.0,0.25,10-20jt
401578,Exequiel Palacios,28.0,Midfield,Central Midfield,Bayer 04 Leverkusen Fußball,Bundesliga,25000000.0,25.0,1.0,7.0,8.0,3703.0,63.0,0.32,20-40jt
401922,Samuel Chukwueze,27.0,Attack,Right Winger,Fulham Football Club,Premier League,18000000.0,18.0,8.0,9.0,17.0,2750.0,67.0,0.9444444444444444,10-20jt
402008,Amadou Haidara,28.0,Midfield,Central Midfield,Racing Club de Lens,Ligue 1,5000000.0,5.0,1.0,3.0,4.0,2440.0,50.0,0.8,<5jt
403151,Robert Sánchez,29.0,Goalkeeper,Goalkeeper,Chelsea Football Club,Premier League,22000000.0,22.0,0.0,1.0,1.0,7826.0,88.0,0.045454545454545456,20-40jt
404418,Dávid Hancko,29.0,Defender,Centre-Back,Club Atlético de Madrid S.A.D.,LaLiga,35000000.0,35.0,7.0,7.0,14.0,8304.0,96.0,0.4,20-40jt
404839,Andriy Lunin,27.0,Goalkeeper,Goalkeeper,Real Madrid Club de Fútbol,LaLiga,12000000.0,12.0,0.0,1.0,1.0,2355.0,26.0,0.08333333333333333,10-20jt
404842,Vitaliy Mykolenko,27.0,Defender,Left-Back,Everton Football Club,Premier League,25000000.0,25.0,1.0,4.0,5.0,6428.0,73.0,0.2,20-40jt
404950,Nicolas Seiwald,25.0,Midfield,Defensive Midfield,RasenBallsport Leipzig,Bundesliga,25000000.0,25.0,0.0,3.0,3.0,5802.0,78.0,0.12,20-40jt
405385,Yukinari Sugawara,26.0,Defender,Right-Back,Sportverein Werder Bremen von 1899,Bundesliga,5500000.0,5.5,1.0,7.0,8.0,4081.0,62.0,1.4545454545454546,5-10jt
405389,Ayumu Seko,26.0,Defender,Centre-Back,Le Havre Athletic Club,Ligue 1,5000000.0,5.0,0.0,0.0,0.0,2625.0,30.0,0.0,<5jt
405397,Keito Nakamura,26.0,Attack,Left Winger,Stade Reims,Ligue 1,10000000.0,10.0,11.0,2.0,13.0,2662.0,32.0,1.3,5-10jt
405398,Takefusa Kubo,25.0,Attack,Right Winger,Real Sociedad de Fútbol S.A.D.,LaLiga,20000000.0,20.0,9.0,8.0,17.0,5326.0,80.0,0.85,10-20jt
405670,Yannik Engelhardt,25.0,Midfield,Defensive Midfield,Borussia Verein für Leibesübungen 1900 Mönchengladbach,Bundesliga,7000000.0,7.0,3.0,3.0,6.0,3824.0,59.0,0.8571428571428571,5-10jt
405686,Reda Khadra,25.0,Midfield,Attacking Midfield,Le Havre Athletic Club,Ligue 1,1200000.0,1.2,0.0,0.0,0.0,298.0,12.0,0.0,<5jt
405687,Tom Krauß,25.0,Midfield,Defensive Midfield,1. Fußball-Club Köln,Bundesliga,4500000.0,4.5,0.0,2.0,2.0,2943.0,41.0,0.4444444444444444,<5jt
405885,Giacomo Raspadori,26.0,Attack,Second Striker,Atalanta Bergamasca Calcio S.p.a.,Serie A,22000000.0,22.0,11.0,6.0,17.0,2730.0,61.0,0.7727272727272727,20-40jt
406040,Ademola Lookman,29.0,Attack,Left Winger,Club Atlético de Madrid S.A.D.,LaLiga,40000000.0,40.0,37.0,19.0,56.0,6155.0,91.0,1.4,20-40jt
406151,Zé Pedro,29.0,Defender,Centre-Back,Cagliari Calcio,Serie A,3000000.0,3.0,0.0,1.0,1.0,4006.0,56.0,0.3333333333333333,<5jt
406625,Lautaro Martínez,29.0,Attack,Centre-Forward,Football Club Internazionale Milano S.p.A.,Serie A,85000000.0,85.0,45.0,13.0,58.0,6766.0,93.0,0.6823529411764706,>40jt
406634,Matt O'Riley,26.0,Midfield,Central Midfield,Brighton and Hove Albion Football Club,Premier League,18000000.0,18.0,4.0,7.0,11.0,2525.0,55.0,0.6111111111111112,10-20jt
406635,Phil Foden,26.0,Midfield,Attacking Midfield,Manchester City Football Club,Premier League,70000000.0,70.0,23.0,15.0,38.0,5983.0,98.0,0.5428571428571428,>40jt
406638,Oliver Skipp,26.0,Midfield,Defensive Midfield,Leicester City,Premier League,7000000.0,7.0,0.0,0.0,0.0,1215.0,26.0,0.0,5-10jt
406640,Felix Nmecha,26.0,Midfield,Central Midfield,Borussia Dortmund,Bundesliga,50000000.0,50.0,11.0,6.0,17.0,5652.0,83.0,0.34,>40jt
406806,Emil Bohinen,27.0,Midfield,Defensive Midfield,Genoa Cricket and Football Club,Serie A,1300000.0,1.3,0.0,0.0,0.0,174.0,4.0,0.0,<5jt
407098,Jakub Kaminski,24.0,Attack,Left Winger,1. Fußball-Club Köln,Bundesliga,17000000.0,17.0,7.0,10.0,17.0,4437.0,62.0,1.0,10-20jt
408471,Javi Puado,28.0,Attack,Left Winger,Reial Club Deportiu Espanyol de Barcelona S.A.D.,LaLiga,7500000.0,7.5,14.0,4.0,18.0,3667.0,45.0,2.4,5-10jt
408872,Paul Smyth,29.0,Attack,Right Winger,Queens Park Rangers,Premier League,800000.0,0.8,0.0,0.0,0.0,102.0,1.0,0.0,<5jt
409344,Calvin Stengs,28.0,Midfield,Attacking Midfield,Pisa Sporting Club,Serie A,4500000.0,4.5,1.0,4.0,5.0,839.0,20.0,1.1111111111111112,<5jt
410225,Ismaïla Sarr,28.0,Attack,Right Winger,Crystal Palace Football Club,Premier League,40000000.0,40.0,24.0,11.0,35.0,5915.0,81.0,0.875,20-40jt
410425,Yves Bissouma,30.0,Midfield,Defensive Midfield,Tottenham Hotspur Football Club,Premier League,10000000.0,10.0,2.0,0.0,2.0,3122.0,55.0,0.2,5-10jt
410708,Pascal Struijk,27.0,Defender,Centre-Back,Leeds United Association Football Club,Premier League,22000000.0,22.0,0.0,1.0,1.0,3167.0,37.0,0.045454545454545456,20-40jt
411295,Raphinha,30.0,Attack,Left Winger,Futbol Club Barcelona,LaLiga,70000000.0,70.0,55.0,34.0,89.0,6855.0,90.0,1.2714285714285714,>40jt
411537,Zian Flemming,28.0,Attack,Centre-Forward,Burnley Football Club,Premier League,12000000.0,12.0,12.0,0.0,12.0,1950.0,32.0,1.0,10-20jt
411975,Jules Koundé,28.0,Defender,Right-Back,Futbol Club Barcelona,LaLiga,60000000.0,60.0,7.0,12.0,19.0,8042.0,101.0,0.31666666666666665,>40jt
412045,Pol Lozano,27.0,Midfield,Central Midfield,Reial Club Deportiu Espanyol de Barcelona S.A.D.,LaLiga,6000000.0,6.0,2.0,2.0,4.0,4132.0,64.0,0.6666666666666666,5-10jt
412363,Rodrygo,25.0,Attack,Right Winger,Real Madrid Club de Fútbol,LaLiga,45000000.0,45.0,16.0,17.0,33.0,4670.0,82.0,0.7333333333333333,>40jt
412660,Keinan Davis,28.0,Attack,Centre-Forward,Udinese Calcio,Serie A,10000000.0,10.0,14.0,5.0,19.0,3319.0,58.0,1.9,5-10jt
412758,Giorgi Kvernadze,23.0,Attack,Left Winger,Frosinone Calcio,Serie A,4000000.0,4.0,1.0,0.0,1.0,121.0,2.0,0.25,<5jt
412829,Léo Pétrot,29.0,Defender,Left-Back,Elche Club de Fútbol S.A.D.,LaLiga,1500000.0,1.5,1.0,3.0,4.0,4522.0,67.0,2.6666666666666665,<5jt
412934,Eros Maddy,25.0,Attack,Right Winger,Association de la Jeunesse auxerroise,Ligue 1,250000.0,0.25,0.0,0.0,0.0,13.0,2.0,0.0,<5jt
412953,Wouter Burger,25.0,Midfield,Defensive Midfield,Turn- und Sportgemeinschaft 1899 Hoffenheim Fußball-Spielbetriebs,Bundesliga,20000000.0,20.0,5.0,9.0,14.0,2580.0,32.0,0.7,10-20jt
413039,Bryan Mbeumo,27.0,Attack,Right Winger,Manchester United Football Club,Premier League,75000000.0,75.0,32.0,12.0,44.0,6519.0,78.0,0.5866666666666667,>40jt
413112,Aurélien Tchouaméni,26.0,Midfield,Defensive Midfield,Real Madrid Club de Fútbol,LaLiga,70000000.0,70.0,4.0,3.0,7.0,8717.0,106.0,0.1,>40jt
413220,James Justin,28.0,Defender,Right-Back,Leeds United Association Football Club,Premier League,12000000.0,12.0,7.0,3.0,10.0,5372.0,72.0,0.8333333333333334,10-20jt
413262,Dani Raba,31.0,Attack,Second Striker,Valencia Club de Fútbol S. A. D.,LaLiga,1200000.0,1.2,11.0,6.0,17.0,2549.0,49.0,14.166666666666668,<5jt
413403,Ezri Konsa,29.0,Defender,Centre-Back,Aston Villa Football Club,Premier League,40000000.0,40.0,5.0,1.0,6.0,8394.0,97.0,0.15,20-40jt
413507,Nikola Milenković,29.0,Defender,Centre-Back,Nottingham Forest Football Club,Premier League,28000000.0,28.0,6.0,3.0,9.0,8066.0,93.0,0.32142857142857145,20-40jt
413565,Jhon Lucumí,28.0,Defender,Centre-Back,Bologna Football Club 1909,Serie A,22000000.0,22.0,2.0,2.0,4.0,7193.0,88.0,0.18181818181818182,20-40jt
413605,David Okereke,29.0,Attack,Centre-Forward,Unione Sportiva Cremonese S.p.A.,Serie A,1400000.0,1.4,11.0,3.0,14.0,2514.0,41.0,10.0,<5jt
413843,Keven Schlotterbeck,29.0,Defender,Centre-Back,Fußball-Club Augsburg 1907,Bundesliga,6000000.0,6.0,3.0,3.0,6.0,3780.0,48.0,1.0,5-10jt
414908,Marshall Munetsi,30.0,Midfield,Central Midfield,Paris Football Club,Ligue 1,15000000.0,15.0,12.0,6.0,18.0,4823.0,65.0,1.2,10-20jt
415035,Koki Machida,29.0,Defender,Centre-Back,Turn- und Sportgemeinschaft 1899 Hoffenheim Fußball-Spielbetriebs,Bundesliga,6000000.0,6.0,0.0,0.0,0.0,2947.0,38.0,0.0,5-10jt
415194,Bakery Jatta,28.0,Attack,Right Winger,Hamburger Sport Verein,Bundesliga,1000000.0,1.0,2.0,1.0,3.0,939.0,16.0,3.0,<5jt
415381,Mats Wieffer,27.0,Defender,Right-Back,Brighton and Hove Albion Football Club,Premier League,25000000.0,25.0,3.0,8.0,11.0,2988.0,54.0,0.44,20-40jt
415383,Hervé Koffi,30.0,Goalkeeper,Goalkeeper,Angers Sporting Club de l'Ouest,Ligue 1,6000000.0,6.0,0.0,0.0,0.0,3424.0,39.0,0.0,5-10jt
415912,Konstantinos Mavropanos,29.0,Defender,Centre-Back,West Ham United Football Club,Premier League,18000000.0,18.0,3.0,0.0,3.0,5074.0,70.0,0.16666666666666666,10-20jt
415970,Joe Worrall,29.0,Defender,Centre-Back,Burnley Football Club,Premier League,2000000.0,2.0,0.0,0.0,0.0,677.0,13.0,0.0,<5jt
416380,Ragnar Ache,28.0,Attack,Centre-Forward,1. Fußball-Club Köln,Bundesliga,9000000.0,9.0,8.0,7.0,15.0,1831.0,31.0,1.6666666666666667,5-10jt
416386,Abdou Harroui,28.0,Midfield,Central Midfield,Verona Hellas Football Club,Serie A,1600000.0,1.6,2.0,2.0,4.0,1508.0,35.0,2.5,<5jt
417278,Arnaud Bodart,28.0,Goalkeeper,Goalkeeper,Lille Olympique Sporting Club,Ligue 1,1500000.0,1.5,0.0,0.0,0.0,405.0,5.0,0.0,<5jt
417346,Jack Harrison,30.0,Attack,Left Winger,Associazione Calcio Fiorentina,Serie A,6500000.0,6.5,2.0,4.0,6.0,3664.0,66.0,0.9230769230769231,5-10jt
417913,Álvaro Valles,29.0,Goalkeeper,Goalkeeper,Real Betis Balompié S.A.D.,LaLiga,7000000.0,7.0,0.0,0.0,0.0,3060.0,34.0,0.0,5-10jt
418560,Erling Haaland,26.0,Attack,Centre-Forward,Manchester City Football Club,Premier League,200000000.0,200.0,72.0,13.0,85.0,8187.0,100.0,0.425,>40jt
418571,Hamza Rafia,27.0,Midfield,Central Midfield,Unione Sportiva Lecce,Serie A,1700000.0,1.7,0.0,0.0,0.0,1227.0,21.0,0.0,<5jt
418659,Amine Gouiri,26.0,Attack,Centre-Forward,Olympique de Marseille,Ligue 1,28000000.0,28.0,21.0,8.0,29.0,3652.0,59.0,1.0357142857142858,20-40jt
419067,Giorgi Tsitaishvili,26.0,Attack,Left Winger,Football Club de Metz,Ligue 1,3000000.0,3.0,3.0,2.0,5.0,2459.0,33.0,1.6666666666666667,<5jt
419648,Veljko Birmancevic,28.0,Attack,Left Winger,Getafe Club de Fútbol S. A. D. Team Dubai,LaLiga,3500000.0,3.5,6.0,3.0,9.0,1410.0,22.0,2.5714285714285716,<5jt
420002,Jean-Philippe Mateta,29.0,Attack,Centre-Forward,Crystal Palace Football Club,Premier League,30000000.0,30.0,30.0,4.0,34.0,5796.0,81.0,1.1333333333333333,20-40jt
420064,Caio Henrique,29.0,Defender,Left-Back,Association sportive de Monaco Football Club,Ligue 1,12000000.0,12.0,0.0,8.0,8.0,4808.0,67.0,0.6666666666666666,10-20jt
420210,Lutsharel Geertruida,26.0,Defender,Right-Back,Sunderland Association Football Club,Premier League,20000000.0,20.0,1.0,1.0,2.0,4673.0,69.0,0.1,10-20jt
420213,Quinten Timber,25.0,Midfield,Central Midfield,Olympique de Marseille,Ligue 1,25000000.0,25.0,10.0,5.0,15.0,4963.0,65.0,0.6,20-40jt
420243,Jurriën Timber,25.0,Defender,Right-Back,Arsenal Football Club,Premier League,70000000.0,70.0,6.0,11.0,17.0,6686.0,87.0,0.24285714285714285,>40jt
420808,George Hirst,27.0,Attack,Centre-Forward,Ipswich Town,Premier League,10000000.0,10.0,5.0,2.0,7.0,942.0,31.0,0.7,5-10jt
421637,Frank Onyeka,28.0,Midfield,Central Midfield,Brentford Football Club,Premier League,8000000.0,8.0,0.0,4.0,4.0,3601.0,50.0,0.5,5-10jt
421873,Elia Caprile,25.0,Goalkeeper,Goalkeeper,Cagliari Calcio,Serie A,15000000.0,15.0,0.0,0.0,0.0,5814.0,65.0,0.0,10-20jt
422051,Nikola Katic,30.0,Defender,Centre-Back,FC Schalke 04,Bundesliga,1800000.0,1.8,0.0,1.0,1.0,723.0,8.0,0.5555555555555556,<5jt
422460,Dani Gómez,28.0,Attack,Centre-Forward,Valencia Club de Fútbol S. A. D.,LaLiga,1200000.0,1.2,3.0,0.0,3.0,668.0,16.0,2.5,<5jt
422721,Stefán Teitur Thórdarson,28.0,Midfield,Central Midfield,Hannover 96,Bundesliga,1200000.0,1.2,0.0,0.0,0.0,180.0,2.0,0.0,<5jt
422951,Victor Nelsson,28.0,Defender,Centre-Back,Verona Hellas Football Club,Serie A,6000000.0,6.0,0.0,0.0,0.0,4041.0,60.0,0.0,5-10jt
423440,Martín Zubimendi,27.0,Midfield,Defensive Midfield,Arsenal Football Club,Premier League,75000000.0,75.0,8.0,5.0,13.0,8224.0,104.0,0.17333333333333334,>40jt
423444,Fran Beltrán,27.0,Midfield,Central Midfield,Girona Fútbol Club S. A. D.,LaLiga,4000000.0,4.0,3.0,1.0,4.0,4728.0,70.0,1.0,<5jt
423744,Billy Gilmour,25.0,Midfield,Defensive Midfield,Società Sportiva Calcio Napoli,Serie A,20000000.0,20.0,1.0,1.0,2.0,2339.0,50.0,0.1,10-20jt
424015,Nathan Patterson,25.0,Defender,Right-Back,Everton Football Club,Premier League,10000000.0,10.0,0.0,1.0,1.0,774.0,19.0,0.1,5-10jt
424042,Nahuel Molina,28.0,Defender,Right-Back,Club Atlético de Madrid S.A.D.,LaLiga,15000000.0,15.0,3.0,7.0,10.0,4797.0,92.0,0.6666666666666666,10-20jt
424072,Mathias Pereira Lage,30.0,Attack,Left Winger,Fußball-Club St. Pauli von 1910,Bundesliga,2500000.0,2.5,6.0,9.0,15.0,4238.0,70.0,6.0,<5jt
424204,Alphonso Davies,26.0,Defender,Left-Back,FC Bayern München,Bundesliga,40000000.0,40.0,4.0,9.0,13.0,3257.0,54.0,0.325,20-40jt
425334,Matty Cash,29.0,Defender,Right-Back,Aston Villa Football Club,Premier League,22000000.0,22.0,4.0,7.0,11.0,6767.0,86.0,0.5,20-40jt
425400,Farid El Melali,29.0,Attack,Left Winger,Angers Sporting Club de l'Ouest,Ligue 1,800000.0,0.8,2.0,7.0,9.0,1903.0,32.0,11.25,<5jt
425902,Ryan Yates,29.0,Midfield,Central Midfield,Nottingham Forest Football Club,Premier League,7000000.0,7.0,6.0,5.0,11.0,3672.0,74.0,1.5714285714285714,5-10jt
426192,Ben Brereton Díaz,27.0,Attack,Centre-Forward,Southampton FC,Premier League,5000000.0,5.0,1.0,0.0,1.0,637.0,13.0,0.2,<5jt
427568,Aaron Ramsdale,28.0,Goalkeeper,Goalkeeper,Newcastle United Football Club,Premier League,12000000.0,12.0,0.0,0.0,0.0,4813.0,54.0,0.0,10-20jt
427572,Zuriko Davitashvili,25.0,Attack,Left Winger,AS Saint-Étienne,Ligue 1,12000000.0,12.0,9.0,8.0,17.0,2763.0,33.0,1.4166666666666667,10-20jt
428016,Brandon Austin,27.0,Goalkeeper,Goalkeeper,Tottenham Hotspur Football Club,Premier League,500000.0,0.5,0.0,0.0,0.0,270.0,3.0,0.0,<5jt
428563,Lewis Ferguson,27.0,Midfield,Central Midfield,Bologna Football Club 1909,Serie A,14000000.0,14.0,2.0,1.0,3.0,4435.0,69.0,0.21428571428571427,10-20jt
429014,Morgan Gibbs-White,26.0,Midfield,Attacking Midfield,Nottingham Forest Football Club,Premier League,70000000.0,70.0,25.0,17.0,42.0,7294.0,91.0,0.6,>40jt
429259,Mark McKenzie,27.0,Defender,Centre-Back,Toulouse Football Club,Ligue 1,7000000.0,7.0,1.0,3.0,4.0,4903.0,60.0,0.5714285714285714,5-10jt
429790,Luka Ilic,27.0,Midfield,Attacking Midfield,Real Oviedo S.A.D.,LaLiga,1400000.0,1.4,2.0,0.0,2.0,957.0,27.0,1.4285714285714286,<5jt
429874,Ansgar Knauff,24.0,Attack,Right Winger,Eintracht Frankfurt Fußball AG,Bundesliga,15000000.0,15.0,13.0,12.0,25.0,4287.0,82.0,1.6666666666666667,10-20jt
429901,Paul Akouokou,29.0,Midfield,Defensive Midfield,Olympique Lyonnais,Ligue 1,1500000.0,1.5,0.0,0.0,0.0,125.0,5.0,0.0,<5jt
429915,Maxim De Cuyper,26.0,Defender,Left-Back,Brighton and Hove Albion Football Club,Premier League,22000000.0,22.0,5.0,8.0,13.0,4773.0,70.0,0.5909090909090909,20-40jt
429983,Jørgen Strand Larsen,26.0,Attack,Centre-Forward,Crystal Palace Football Club,Premier League,40000000.0,40.0,23.0,6.0,29.0,5335.0,78.0,0.725,20-40jt
430280,Hans Nicolussi Caviglia,26.0,Midfield,Defensive Midfield,Parma Calcio 1913,Serie A,6000000.0,6.0,4.0,7.0,11.0,4339.0,62.0,1.8333333333333333,5-10jt
431190,Carlos Protesoni,28.0,Midfield,Defensive Midfield,Deportivo Alavés S. A. D.,LaLiga,1000000.0,1.0,1.0,1.0,2.0,1214.0,37.0,2.0,<5jt
431755,Dejan Kulusevski,26.0,Midfield,Attacking Midfield,Tottenham Hotspur Football Club,Premier League,17000000.0,17.0,9.0,8.0,17.0,3073.0,45.0,1.0,10-20jt
432090,Nicolò Fagioli,25.0,Midfield,Central Midfield,Associazione Calcio Fiorentina,Serie A,16000000.0,16.0,3.0,7.0,10.0,4586.0,74.0,0.625,10-20jt
432092,Roberto Piccoli,25.0,Attack,Centre-Forward,Associazione Calcio Fiorentina,Serie A,14000000.0,14.0,18.0,4.0,22.0,5098.0,75.0,1.5714285714285714,10-20jt
432164,Igor Jesus,25.0,Attack,Centre-Forward,Nottingham Forest Football Club,Premier League,25000000.0,25.0,18.0,5.0,23.0,3661.0,56.0,0.92,20-40jt
432281,Márton Dárdai,24.0,Defender,Centre-Back,Hertha BSC,Bundesliga,2500000.0,2.5,0.0,2.0,2.0,345.0,4.0,0.8,<5jt
432298,Zion Suzuki,24.0,Goalkeeper,Goalkeeper,Parma Calcio 1913,Serie A,20000000.0,20.0,0.0,0.0,0.0,5295.0,59.0,0.0,10-20jt
432671,Luca Philipp,26.0,Goalkeeper,Goalkeeper,Turn- und Sportgemeinschaft 1899 Hoffenheim Fußball-Spielbetriebs,Bundesliga,750000.0,0.75,0.0,0.0,0.0,750.0,8.0,0.0,<5jt
432772,Samuel Grandsir,30.0,Attack,Right Winger,Le Havre Athletic Club,Ligue 1,1500000.0,1.5,0.0,0.0,0.0,78.0,6.0,0.0,<5jt
432914,John Victor,30.0,Goalkeeper,Goalkeeper,Nottingham Forest Football Club,Premier League,5000000.0,5.0,0.0,0.0,0.0,1188.0,13.0,0.0,<5jt
433177,Bukayo Saka,25.0,Attack,Right Winger,Arsenal Football Club,Premier League,110000000.0,110.0,23.0,22.0,45.0,5673.0,82.0,0.4090909090909091,>40jt
433181,Tino Anjorin,25.0,Midfield,Attacking Midfield,Torino Calcio,Serie A,4000000.0,4.0,2.0,3.0,5.0,1467.0,39.0,1.25,<5jt
433183,Tommy Doyle,25.0,Midfield,Central Midfield,Wolverhampton Wanderers Football Club,Premier League,7000000.0,7.0,0.0,2.0,2.0,920.0,29.0,0.2857142857142857,5-10jt
433188,Curtis Jones,25.0,Midfield,Central Midfield,Liverpool Football Club,Premier League,35000000.0,35.0,6.0,9.0,15.0,4912.0,90.0,0.42857142857142855,20-40jt
433329,Corrie Ndaba,27.0,Defender,Left-Back,Unione Sportiva Lecce,Serie A,900000.0,0.9,1.0,0.0,1.0,3385.0,48.0,1.1111111111111112,<5jt
433584,Alessio Zerbin,27.0,Midfield,Right Midfield,Unione Sportiva Cremonese S.p.A.,Serie A,2000000.0,2.0,1.0,5.0,6.0,3369.0,56.0,3.0,<5jt
433887,Tuomas Ollila,26.0,Defender,Left-Back,Paris Football Club,Ligue 1,400000.0,0.4,0.0,0.0,0.0,305.0,10.0,0.0,<5jt
433984,Sam Beukema,28.0,Defender,Centre-Back,Società Sportiva Calcio Napoli,Serie A,22000000.0,22.0,2.0,2.0,4.0,6323.0,80.0,0.18181818181818182,20-40jt
433991,Ethan Galbraith,25.0,Midfield,Central Midfield,Swansea City,Premier League,2500000.0,2.5,1.0,0.0,1.0,418.0,5.0,0.4,<5jt
434116,Alexander Prass,25.0,Midfield,Left Midfield,Turn- und Sportgemeinschaft 1899 Hoffenheim Fußball-Spielbetriebs,Bundesliga,9000000.0,9.0,3.0,4.0,7.0,3441.0,65.0,0.7777777777777778,5-10jt
434223,Adam Idah,25.0,Attack,Centre-Forward,Swansea City,Premier League,4500000.0,4.5,14.0,1.0,15.0,2299.0,51.0,3.3333333333333335,<5jt
434224,Maxence Lacroix,26.0,Defender,Centre-Back,Crystal Palace Football Club,Premier League,50000000.0,50.0,2.0,3.0,5.0,7241.0,82.0,0.1,>40jt
434433,Nikola Krstović,26.0,Attack,Centre-Forward,Atalanta Bergamasca Calcio S.p.a.,Serie A,30000000.0,30.0,24.0,13.0,37.0,5839.0,88.0,1.2333333333333334,20-40jt
434551,Michele Collocolo,27.0,Midfield,Central Midfield,Unione Sportiva Cremonese S.p.A.,Serie A,2400000.0,2.4,0.0,0.0,0.0,453.0,9.0,0.0,<5jt
434602,Aritz Arambarri,28.0,Defender,Centre-Back,CD Leganés,LaLiga,600000.0,0.6,0.0,0.0,0.0,224.0,3.0,0.0,<5jt
434675,Cody Gakpo,27.0,Attack,Left Winger,Liverpool Football Club,Premier League,60000000.0,60.0,22.0,12.0,34.0,5903.0,95.0,0.5666666666666667,>40jt
434990,Álex Sola,27.0,Attack,Right Winger,Getafe Club de Fútbol S. A. D. Team Dubai,LaLiga,2000000.0,2.0,0.0,1.0,1.0,1354.0,25.0,0.5,<5jt
435062,Callum Styles,26.0,Defender,Left-Back,West Bromwich Albion,Premier League,3000000.0,3.0,0.0,0.0,0.0,210.0,2.0,0.0,<5jt
435228,Ardian Ismajli,30.0,Defender,Centre-Back,Torino Calcio,Serie A,5000000.0,5.0,0.0,1.0,1.0,4775.0,59.0,0.2,<5jt
435338,Gabriel,29.0,Defender,Centre-Back,Arsenal Football Club,Premier League,75000000.0,75.0,9.0,8.0,17.0,7379.0,88.0,0.22666666666666666,>40jt
435492,Alimami Gory,30.0,Attack,Left Winger,Paris Football Club,Ligue 1,1500000.0,1.5,5.0,2.0,7.0,978.0,24.0,4.666666666666667,<5jt
435648,Joshua Zirkzee,25.0,Attack,Centre-Forward,Manchester United Football Club,Premier League,20000000.0,20.0,8.0,4.0,12.0,2755.0,72.0,0.6,10-20jt
435772,Charles De Ketelaere,25.0,Midfield,Attacking Midfield,Atalanta Bergamasca Calcio S.p.a.,Serie A,30000000.0,30.0,18.0,22.0,40.0,6184.0,94.0,1.3333333333333333,20-40jt
435796,Kilian Fischer,26.0,Defender,Right-Back,Verein für Leibesübungen Wolfsburg,Bundesliga,4000000.0,4.0,1.0,1.0,2.0,3542.0,48.0,0.5,<5jt
436064,Ramon Hendriks,25.0,Defender,Centre-Back,Verein für Bewegungsspiele Stuttgart 1893,Bundesliga,25000000.0,25.0,0.0,5.0,5.0,4773.0,79.0,0.2,20-40jt
438001,Santiago Bueno,28.0,Defender,Centre-Back,Wolverhampton Wanderers Football Club,Premier League,10000000.0,10.0,4.0,3.0,7.0,5030.0,67.0,0.7,5-10jt
438961,Michael Svoboda,28.0,Defender,Centre-Back,Venezia FC,Serie A,900000.0,0.9,1.0,0.0,1.0,1404.0,17.0,1.1111111111111112,<5jt
439022,Marcão,30.0,Defender,Centre-Back,Sevilla Fútbol Club S.A.D.,LaLiga,2500000.0,2.5,1.0,0.0,1.0,1759.0,29.0,0.4,<5jt
439914,John Yeboah,26.0,Attack,Second Striker,Venezia FC,Serie A,5500000.0,5.5,3.0,3.0,6.0,1309.0,35.0,1.0909090909090908,5-10jt
441170,Valentin Rosier,30.0,Defender,Right-Back,Club Atlético Osasuna,LaLiga,3000000.0,3.0,2.0,3.0,5.0,5470.0,68.0,1.6666666666666667,<5jt
441515,Daniel Boloca,28.0,Midfield,Defensive Midfield,Unione Sportiva Sassuolo Calcio,Serie A,4000000.0,4.0,0.0,0.0,0.0,293.0,4.0,0.0,<5jt
441986,Yann Bisseck,26.0,Defender,Centre-Back,Football Club Internazionale Milano S.p.A.,Serie A,50000000.0,50.0,6.0,7.0,13.0,5719.0,82.0,0.26,>40jt
442248,Ethan Pinnock,33.0,Defender,Centre-Back,Brentford Football Club,Premier League,3000000.0,3.0,2.0,0.0,2.0,2564.0,30.0,0.6666666666666666,<5jt
442703,Ylber Ramadani,30.0,Midfield,Defensive Midfield,Unione Sportiva Lecce,Serie A,1800000.0,1.8,2.0,1.0,3.0,5243.0,69.0,1.6666666666666665,<5jt
442891,Martin Terrier,29.0,Attack,Left Winger,Bayer 04 Leverkusen Fußball,Bundesliga,8000000.0,8.0,7.0,3.0,10.0,1729.0,44.0,1.25,5-10jt
443222,Marc Cardona,31.0,Attack,Centre-Forward,UD Las Palmas,LaLiga,1400000.0,1.4,2.0,1.0,3.0,305.0,15.0,2.142857142857143,<5jt
443331,Patrick Osterhage,26.0,Midfield,Defensive Midfield,Sport-Club Freiburg,Bundesliga,12000000.0,12.0,3.0,1.0,4.0,4355.0,64.0,0.3333333333333333,10-20jt
443710,Angelo Stiller,25.0,Midfield,Defensive Midfield,Verein für Bewegungsspiele Stuttgart 1893,Bundesliga,45000000.0,45.0,6.0,21.0,27.0,8113.0,98.0,0.6,>40jt
444208,Michael Obafemi,26.0,Attack,Centre-Forward,Burnley Football Club,Premier League,600000.0,0.6,0.0,0.0,0.0,10.0,1.0,0.0,<5jt
445126,Emanuele Valeri,28.0,Defender,Left-Back,Parma Calcio 1913,Serie A,3000000.0,3.0,2.0,10.0,12.0,5772.0,72.0,4.0,<5jt
445939,Omar Marmoush,27.0,Attack,Centre-Forward,Manchester City Football Club,Premier League,50000000.0,50.0,38.0,20.0,58.0,5579.0,92.0,1.16,>40jt
447661,Douglas Luiz,28.0,Midfield,Central Midfield,Aston Villa Football Club,Premier League,18000000.0,18.0,1.0,2.0,3.0,2466.0,60.0,0.16666666666666666,10-20jt
447995,Ross Stewart,30.0,Attack,Centre-Forward,Southampton FC,Premier League,2800000.0,2.8,1.0,0.0,1.0,385.0,12.0,0.35714285714285715,<5jt
448258,Josha Vagnoman,26.0,Defender,Right-Back,Verein für Bewegungsspiele Stuttgart 1893,Bundesliga,10000000.0,10.0,4.0,7.0,11.0,4530.0,75.0,1.1,5-10jt
448628,Javi Galán,32.0,Defender,Left-Back,Club Atlético Osasuna,LaLiga,1800000.0,1.8,0.0,7.0,7.0,4905.0,68.0,3.888888888888889,<5jt
448632,Yehvann Diouf,27.0,Goalkeeper,Goalkeeper,Olympique Gymnaste Club Nice Côte d'Azur,Ligue 1,7000000.0,7.0,0.0,0.0,0.0,6120.0,68.0,0.0,5-10jt
448705,Diant Ramaj,25.0,Goalkeeper,Goalkeeper,1. Fußballclub Heidenheim 1846,Bundesliga,7000000.0,7.0,0.0,1.0,1.0,3780.0,42.0,0.14285714285714285,5-10jt
449151,Junior Messias,35.0,Attack,Right Winger,Genoa Cricket and Football Club,Serie A,1100000.0,1.1,5.0,2.0,7.0,1685.0,40.0,6.363636363636363,<5jt
449496,Álvaro Aguado,30.0,Midfield,Central Midfield,Reial Club Deportiu Espanyol de Barcelona S.A.D.,LaLiga,3000000.0,3.0,0.0,1.0,1.0,599.0,18.0,0.3333333333333333,<5jt
449592,Cameron Puertas,28.0,Midfield,Central Midfield,Sportverein Werder Bremen von 1899,Bundesliga,7000000.0,7.0,3.0,2.0,5.0,2302.0,34.0,0.7142857142857143,5-10jt
449597,Isaac Schmidt,27.0,Defender,Left-Back,Sportverein Werder Bremen von 1899,Bundesliga,2200000.0,2.2,2.0,1.0,3.0,1125.0,26.0,1.3636363636363635,<5jt
449796,Alejandro Catena,32.0,Defender,Centre-Back,Club Atlético Osasuna,LaLiga,2600000.0,2.6,4.0,5.0,9.0,6529.0,76.0,3.4615384615384612,<5jt
450050,Jean-Ricner Bellegarde,28.0,Midfield,Central Midfield,Wolverhampton Wanderers Football Club,Premier League,16000000.0,16.0,3.0,8.0,11.0,3382.0,70.0,0.6875,10-20jt
450936,Tanguy Ndombélé,30.0,Midfield,Central Midfield,Olympique Gymnaste Club Nice Côte d'Azur,Ligue 1,2500000.0,2.5,1.0,3.0,4.0,1733.0,33.0,1.6,<5jt
451276,Dominik Szoboszlai,26.0,Midfield,Attacking Midfield,Liverpool Football Club,Premier League,100000000.0,100.0,20.0,21.0,41.0,7915.0,99.0,0.41,>40jt
451801,Abdul Mumin,28.0,Defender,Centre-Back,Rayo Vallecano de Madrid S. A. D.,LaLiga,3000000.0,3.0,2.0,1.0,3.0,2188.0,28.0,1.0,<5jt
451906,David Nemeth,25.0,Defender,Centre-Back,Fußball-Club St. Pauli von 1910,Bundesliga,2500000.0,2.5,0.0,1.0,1.0,2262.0,25.0,0.4,<5jt
452068,Ayman Azhil,25.0,Midfield,Defensive Midfield,Borussia Dortmund,Bundesliga,400000.0,0.4,0.0,0.0,0.0,24.0,2.0,0.0,<5jt
452483,David Affengruber,25.0,Defender,Centre-Back,Elche Club de Fútbol S.A.D.,LaLiga,20000000.0,20.0,1.0,2.0,3.0,3096.0,39.0,0.15,10-20jt
452877,Mehdi Merghem,29.0,Attack,Right Winger,SC Bastia,Ligue 1,400000.0,0.4,0.0,0.0,0.0,457.0,12.0,0.0,<5jt
453016,Anthony Caci,29.0,Defender,Right-Back,1. Fußball- und Sportverein Mainz 05,Bundesliga,7000000.0,7.0,1.0,8.0,9.0,3553.0,47.0,1.2857142857142858,5-10jt
453376,Joseph Okumu,29.0,Defender,Centre-Back,Stade Reims,Ligue 1,9000000.0,9.0,1.0,0.0,1.0,1699.0,22.0,0.1111111111111111,5-10jt
453704,Álvaro Fernández,28.0,Goalkeeper,Goalkeeper,Sevilla Fútbol Club S.A.D.,LaLiga,2500000.0,2.5,0.0,0.0,0.0,926.0,11.0,0.0,<5jt
453742,Ben Voll,26.0,Goalkeeper,Goalkeeper,Fußball-Club St. Pauli von 1910,Bundesliga,500000.0,0.5,0.0,0.0,0.0,301.0,4.0,0.0,<5jt
453870,Benedict Hollerbach,25.0,Attack,Centre-Forward,1. Fußball- und Sportverein Mainz 05,Bundesliga,8000000.0,8.0,10.0,8.0,18.0,3704.0,53.0,2.25,5-10jt
454576,Róbert Boženík,27.0,Attack,Centre-Forward,Stoke City,Premier League,2500000.0,2.5,5.0,2.0,7.0,2935.0,35.0,2.8,<5jt
454863,András Schäfer,27.0,Midfield,Central Midfield,1. Fußballclub Union Berlin,Bundesliga,4500000.0,4.5,3.0,2.0,5.0,3299.0,59.0,1.1111111111111112,<5jt
455181,Jorge de Frutos,29.0,Attack,Right Winger,Rayo Vallecano de Madrid S. A. D.,LaLiga,12000000.0,12.0,19.0,7.0,26.0,5402.0,81.0,2.1666666666666665,10-20jt
455661,Nick Woltemade,24.0,Attack,Centre-Forward,Newcastle United Football Club,Premier League,55000000.0,55.0,29.0,8.0,37.0,5294.0,87.0,0.6727272727272727,>40jt
456292,Ellery Balcombe,27.0,Goalkeeper,Goalkeeper,Brentford Football Club,Premier League,400000.0,0.4,0.0,2.0,2.0,3150.0,35.0,5.0,<5jt
456492,Faride Alidou,25.0,Attack,Left Winger,Verona Hellas Football Club,Serie A,1000000.0,1.0,0.0,0.0,0.0,68.0,3.0,0.0,<5jt
457673,Gabriel Strefezza,29.0,Attack,Right Winger,Parma Calcio 1913,Serie A,6500000.0,6.5,9.0,12.0,21.0,4573.0,72.0,3.230769230769231,5-10jt
457736,Tijjani Noslin,27.0,Attack,Right Winger,Società Sportiva Lazio S.p.A.,Serie A,8000000.0,8.0,12.0,7.0,19.0,2723.0,73.0,2.375,5-10jt
457931,Luiz Felipe,29.0,Defender,Centre-Back,Rayo Vallecano de Madrid S. A. D.,LaLiga,2000000.0,2.0,0.0,0.0,0.0,711.0,15.0,0.0,<5jt
458178,Jack Taylor,28.0,Midfield,Central Midfield,Ipswich Town,Premier League,3000000.0,3.0,2.0,0.0,2.0,1261.0,39.0,0.6666666666666666,<5jt
459128,Marco Brescianini,26.0,Midfield,Central Midfield,Associazione Calcio Fiorentina,Serie A,9000000.0,9.0,8.0,3.0,11.0,2517.0,69.0,1.2222222222222223,5-10jt
459151,Nicolò Cambiaghi,26.0,Attack,Left Winger,Bologna Football Club 1909,Serie A,14000000.0,14.0,5.0,10.0,15.0,2878.0,63.0,1.0714285714285714,10-20jt
459463,Cucho Hernández,27.0,Attack,Centre-Forward,Real Betis Balompié S.A.D.,LaLiga,18000000.0,18.0,20.0,4.0,24.0,4280.0,55.0,1.3333333333333333,10-20jt
459658,Andrea Cambiaso,26.0,Defender,Left-Back,Juventus Football Club,Serie A,20000000.0,20.0,5.0,11.0,16.0,6763.0,93.0,0.8,10-20jt
459665,Patrizio Masini,25.0,Midfield,Central Midfield,Genoa Cricket and Football Club,Serie A,4200000.0,4.2,1.0,1.0,2.0,3137.0,57.0,0.47619047619047616,<5jt
459763,Marco Carnesecchi,26.0,Goalkeeper,Goalkeeper,Atalanta Bergamasca Calcio S.p.a.,Serie A,30000000.0,30.0,0.0,0.0,0.0,8666.0,96.0,0.0,20-40jt
459945,Nunzio Lella,26.0,Midfield,Central Midfield,Venezia FC,Serie A,650000.0,0.65,0.0,0.0,0.0,31.0,2.0,0.0,<5jt
459988,Gennaro Borrelli,26.0,Attack,Centre-Forward,Cagliari Calcio,Serie A,3000000.0,3.0,6.0,2.0,8.0,1397.0,29.0,2.6666666666666665,<5jt
460245,Moritz Jenz,27.0,Defender,Centre-Back,Verein für Leibesübungen Wolfsburg,Bundesliga,5000000.0,5.0,2.0,0.0,2.0,3515.0,43.0,0.4,<5jt
460939,Tijjani Reijnders,28.0,Midfield,Central Midfield,Manchester City Football Club,Premier League,50000000.0,50.0,22.0,13.0,35.0,7762.0,105.0,0.7,>40jt
461019,Samuele Birindelli,27.0,Defender,Right-Back,AC Monza,Serie A,2500000.0,2.5,3.0,0.0,3.0,1700.0,24.0,1.2,<5jt
461607,Estéban Lepaul,26.0,Attack,Centre-Forward,Stade Rennais Football Club,Ligue 1,35000000.0,35.0,30.0,5.0,35.0,4336.0,62.0,1.0,20-40jt
461617,Rodrigo Riquelme,26.0,Attack,Left Winger,Real Betis Balompié S.A.D.,LaLiga,4000000.0,4.0,8.0,2.0,10.0,2310.0,65.0,2.5,<5jt
461833,Caleb Okoli,25.0,Defender,Centre-Back,Leicester City,Premier League,8000000.0,8.0,1.0,0.0,1.0,1394.0,22.0,0.125,5-10jt
461883,Calvin Bassey,26.0,Defender,Centre-Back,Fulham Football Club,Premier League,28000000.0,28.0,3.0,1.0,4.0,6457.0,75.0,0.14285714285714285,20-40jt
462070,Nicolás Fonseca,28.0,Midfield,Defensive Midfield,Real Oviedo S.A.D.,LaLiga,3000000.0,3.0,0.0,0.0,0.0,1020.0,19.0,0.0,<5jt
462348,Mostafa Mohamed,29.0,Attack,Centre-Forward,Football Club de Nantes,Ligue 1,3500000.0,3.5,9.0,2.0,11.0,2580.0,60.0,3.142857142857143,<5jt
462823,Gustav Isaksen,25.0,Attack,Right Winger,Società Sportiva Lazio S.p.A.,Serie A,15000000.0,15.0,11.0,7.0,18.0,4750.0,83.0,1.2,10-20jt
463600,Lucas Chevalier,25.0,Goalkeeper,Goalkeeper,Paris Saint-Germain Football Club,Ligue 1,25000000.0,25.0,0.0,0.0,0.0,6600.0,73.0,0.0,20-40jt
463603,Benoît Badiashile,25.0,Defender,Centre-Back,Chelsea Football Club,Premier League,15000000.0,15.0,0.0,0.0,0.0,1743.0,25.0,0.0,10-20jt
463605,Bafodé Diakité,25.0,Defender,Centre-Back,Association Football Club Bournemouth,Premier League,25000000.0,25.0,4.0,1.0,5.0,5452.0,65.0,0.2,20-40jt
463613,Yann Gboho,25.0,Attack,Left Winger,Toulouse Football Club,Ligue 1,18000000.0,18.0,13.0,7.0,20.0,4952.0,62.0,1.1111111111111112,10-20jt
463618,Khéphren Thuram,25.0,Midfield,Central Midfield,Juventus Football Club,Serie A,38000000.0,38.0,9.0,13.0,22.0,6468.0,96.0,0.5789473684210527,20-40jt
463620,Willem Geubbels,25.0,Attack,Centre-Forward,Paris Football Club,Ligue 1,5000000.0,5.0,7.0,0.0,7.0,1456.0,30.0,1.4,<5jt
463665,Oumar Solet,26.0,Defender,Centre-Back,Udinese Calcio,Serie A,23000000.0,23.0,4.0,3.0,7.0,4896.0,57.0,0.30434782608695654,20-40jt
464195,Filip Stojilkovic,26.0,Attack,Centre-Forward,Pisa Sporting Club,Serie A,2500000.0,2.5,0.0,0.0,0.0,659.0,13.0,0.0,<5jt
464469,Torbjørn Heggem,27.0,Defender,Centre-Back,Bologna Football Club 1909,Serie A,13000000.0,13.0,0.0,0.0,0.0,2871.0,38.0,0.0,10-20jt
465555,Djordje Petrovic,27.0,Goalkeeper,Goalkeeper,Association Football Club Bournemouth,Premier League,28000000.0,28.0,0.0,0.0,0.0,6420.0,71.0,0.0,20-40jt
465717,Jayden Bogle,26.0,Defender,Right-Back,Leeds United Association Football Club,Premier League,15000000.0,15.0,2.0,4.0,6.0,3077.0,39.0,0.4,10-20jt
465967,Ander Guevara,29.0,Midfield,Central Midfield,Deportivo Alavés S. A. D.,LaLiga,2500000.0,2.5,1.0,2.0,3.0,3102.0,66.0,1.2,<5jt
466783,Arnau Tenas,25.0,Goalkeeper,Goalkeeper,Villarreal Club de Fútbol S.A.D.,LaLiga,4000000.0,4.0,0.0,1.0,1.0,1470.0,16.0,0.25,<5jt
466794,Eric García,25.0,Defender,Centre-Back,Futbol Club Barcelona,LaLiga,40000000.0,40.0,7.0,5.0,12.0,6148.0,97.0,0.3,20-40jt
466801,Sergi Altimira,25.0,Midfield,Central Midfield,Real Betis Balompié S.A.D.,LaLiga,20000000.0,20.0,3.0,4.0,7.0,4521.0,79.0,0.35,10-20jt
466802,Adrián Bernabé,25.0,Midfield,Central Midfield,Parma Calcio 1913,Serie A,15000000.0,15.0,4.0,3.0,7.0,4027.0,55.0,0.4666666666666667,10-20jt
466805,Nico González,24.0,Midfield,Defensive Midfield,Manchester City Football Club,Premier League,40000000.0,40.0,11.0,6.0,17.0,5781.0,85.0,0.425,20-40jt
466807,Adrià Altimira,25.0,Defender,Right-Back,CD Leganés,LaLiga,2000000.0,2.0,1.0,1.0,2.0,1939.0,26.0,1.0,<5jt
466810,Ansu Fati,24.0,Attack,Left Winger,Association sportive de Monaco Football Club,Ligue 1,15000000.0,15.0,12.0,0.0,12.0,1618.0,41.0,0.8,10-20jt
467434,Rocco Reitz,24.0,Midfield,Central Midfield,Borussia Verein für Leibesübungen 1900 Mönchengladbach,Bundesliga,20000000.0,20.0,2.0,6.0,8.0,4754.0,62.0,0.4,10-20jt
467437,Malik Tillman,24.0,Midfield,Attacking Midfield,Bayer 04 Leverkusen Fußball,Bundesliga,30000000.0,30.0,24.0,6.0,30.0,4938.0,76.0,1.0,20-40jt
467563,Armel Bella-Kotchap,25.0,Defender,Centre-Back,Verona Hellas Football Club,Serie A,7000000.0,7.0,0.0,0.0,0.0,1792.0,25.0,0.0,5-10jt
467623,Lyle Foster,26.0,Attack,Centre-Forward,Burnley Football Club,Premier League,8000000.0,8.0,3.0,3.0,6.0,1462.0,27.0,0.75,5-10jt
467632,Cristian Cásseres Jr.,26.0,Midfield,Central Midfield,Toulouse Football Club,Ligue 1,9000000.0,9.0,3.0,7.0,10.0,5204.0,62.0,1.1111111111111112,5-10jt
467992,Samuele Ricci,25.0,Midfield,Defensive Midfield,Associazione Calcio Milan,Serie A,22000000.0,22.0,2.0,6.0,8.0,4547.0,71.0,0.36363636363636365,20-40jt
467994,Luca Belardinelli,25.0,Midfield,Central Midfield,FC Empoli,Serie A,700000.0,0.7,0.0,0.0,0.0,63.0,1.0,0.0,<5jt
468002,Ben Johnson,26.0,Defender,Right-Back,Ipswich Town,Premier League,7000000.0,7.0,1.0,3.0,4.0,1615.0,27.0,0.5714285714285714,5-10jt
468066,Jens Cajuste,27.0,Midfield,Defensive Midfield,Ipswich Town,Premier League,8000000.0,8.0,1.0,1.0,2.0,2173.0,34.0,0.25,5-10jt
468198,Joe Aribo,30.0,Midfield,Central Midfield,Southampton FC,Premier League,1800000.0,1.8,3.0,0.0,3.0,2196.0,34.0,1.6666666666666665,<5jt
468539,Daniel Peretz,26.0,Goalkeeper,Goalkeeper,Southampton FC,Premier League,4000000.0,4.0,0.0,0.0,0.0,1001.0,11.0,0.0,<5jt
469050,Nathan Collins,25.0,Defender,Centre-Back,Brentford Football Club,Premier League,30000000.0,30.0,4.0,8.0,12.0,6826.0,81.0,0.4,20-40jt
469709,David Zec,26.0,Defender,Centre-Back,Holstein Kiel,Bundesliga,2500000.0,2.5,2.0,1.0,3.0,2595.0,29.0,1.2,<5jt
469781,Marcos Senesi,29.0,Defender,Centre-Back,Association Football Club Bournemouth,Premier League,25000000.0,25.0,0.0,5.0,5.0,4647.0,58.0,0.2,20-40jt
469822,David Neres,29.0,Attack,Right Winger,Società Sportiva Calcio Napoli,Serie A,23000000.0,23.0,9.0,12.0,21.0,2813.0,55.0,0.9130434782608695,20-40jt
470038,Ransford Königsdörffer,25.0,Attack,Centre-Forward,Hamburger Sport Verein,Bundesliga,5000000.0,5.0,6.0,0.0,6.0,2630.0,36.0,1.2,<5jt
470394,Kenneth Taylor,24.0,Midfield,Central Midfield,Società Sportiva Lazio S.p.A.,Serie A,25000000.0,25.0,20.0,14.0,34.0,7018.0,91.0,1.36,20-40jt
470596,Paris Maghoma,25.0,Midfield,Central Midfield,Brentford Football Club,Premier League,350000.0,0.35,0.0,0.0,0.0,183.0,9.0,0.0,<5jt
470607,Brennan Johnson,25.0,Attack,Right Winger,Crystal Palace Football Club,Premier League,30000000.0,30.0,21.0,8.0,29.0,5175.0,88.0,0.9666666666666667,20-40jt
470794,Ivan Ilić,25.0,Midfield,Central Midfield,Torino Calcio,Serie A,7000000.0,7.0,1.0,1.0,2.0,1503.0,29.0,0.2857142857142857,5-10jt
471055,Marvin Pieringer,27.0,Attack,Centre-Forward,1. Fußballclub Heidenheim 1846,Bundesliga,3000000.0,3.0,12.0,7.0,19.0,4050.0,61.0,6.333333333333333,<5jt
471474,Javi Martínez,27.0,Midfield,Attacking Midfield,Club Atlético Osasuna,LaLiga,800000.0,0.8,0.0,1.0,1.0,26.0,2.0,1.25,<5jt
471890,Max Geschwill,25.0,Defender,Centre-Back,Holstein Kiel,Bundesliga,1200000.0,1.2,1.0,2.0,3.0,1375.0,20.0,2.5,<5jt
471936,Oliver Christensen,27.0,Goalkeeper,Goalkeeper,Associazione Calcio Fiorentina,Serie A,1400000.0,1.4,0.0,0.0,0.0,807.0,9.0,0.0,<5jt
472249,Jan Thielmann,24.0,Attack,Right Winger,1. Fußball-Club Köln,Bundesliga,5000000.0,5.0,3.0,1.0,4.0,1570.0,27.0,0.8,<5jt
472423,Reece James,27.0,Defender,Right-Back,Chelsea Football Club,Premier League,60000000.0,60.0,4.0,9.0,13.0,3980.0,63.0,0.21666666666666667,>40jt
473050,Kevin Schade,25.0,Attack,Left Winger,Brentford Football Club,Premier League,35000000.0,35.0,19.0,7.0,26.0,5504.0,79.0,0.7428571428571429,20-40jt
473169,Brian Brobbey,24.0,Attack,Centre-Forward,Sunderland Association Football Club,Premier League,30000000.0,30.0,14.0,7.0,21.0,4292.0,76.0,0.7,20-40jt
474662,Hugo Magnetti,28.0,Midfield,Central Midfield,Stade brestois 29,Ligue 1,6000000.0,6.0,3.0,3.0,6.0,5725.0,75.0,1.0,5-10jt
474701,Crysencio Summerville,25.0,Attack,Left Winger,West Ham United Football Club,Premier League,35000000.0,35.0,8.0,7.0,15.0,3614.0,55.0,0.42857142857142855,20-40jt
474800,Facundo Medina,27.0,Defender,Centre-Back,Olympique de Marseille,Ligue 1,18000000.0,18.0,0.0,2.0,2.0,4331.0,52.0,0.1111111111111111,10-20jt
475188,Kiernan Dewsbury-Hall,28.0,Midfield,Central Midfield,Everton Football Club,Premier League,35000000.0,35.0,9.0,7.0,16.0,3329.0,53.0,0.45714285714285713,20-40jt
475410,Matteo Tramoni,26.0,Midfield,Attacking Midfield,Pisa Sporting Club,Serie A,4500000.0,4.5,2.0,2.0,4.0,1704.0,29.0,0.8888888888888888,<5jt
475411,Wesley Fofana,26.0,Defender,Centre-Back,Chelsea Football Club,Premier League,28000000.0,28.0,0.0,2.0,2.0,3809.0,51.0,0.07142857142857142,20-40jt
475416,Sorba Thomas,27.0,Attack,Left Winger,Stoke City,Premier League,14000000.0,14.0,1.0,3.0,4.0,1430.0,27.0,0.2857142857142857,10-20jt
475959,Josko Gvardiol,24.0,Defender,Centre-Back,Manchester City Football Club,Premier League,70000000.0,70.0,8.0,7.0,15.0,6536.0,79.0,0.21428571428571427,>40jt
476701,Manuel Ugarte,25.0,Midfield,Defensive Midfield,Manchester United Football Club,Premier League,25000000.0,25.0,2.0,6.0,8.0,3676.0,66.0,0.32,20-40jt
476836,Aron Dønnum,28.0,Midfield,Right Midfield,Toulouse Football Club,Ligue 1,5000000.0,5.0,6.0,7.0,13.0,5123.0,60.0,2.6,<5jt
477758,Aaron Wan-Bissaka,29.0,Defender,Right-Back,West Ham United Football Club,Premier League,15000000.0,15.0,2.0,8.0,10.0,5929.0,69.0,0.6666666666666666,10-20jt
478573,Ryan Gravenberch,24.0,Midfield,Defensive Midfield,Liverpool Football Club,Premier League,80000000.0,80.0,6.0,10.0,16.0,8084.0,96.0,0.2,>40jt
479638,Tiago Gouveia,25.0,Attack,Right Winger,Olympique Gymnaste Club Nice Côte d'Azur,Ligue 1,3500000.0,3.5,3.0,2.0,5.0,1080.0,32.0,1.4285714285714286,<5jt
479648,Félix Correia,25.0,Attack,Left Winger,Lille Olympique Sporting Club,Ligue 1,10000000.0,10.0,14.0,10.0,24.0,5719.0,79.0,2.4,5-10jt
479999,Eberechi Eze,28.0,Midfield,Attacking Midfield,Arsenal Football Club,Premier League,65000000.0,65.0,22.0,16.0,38.0,6397.0,93.0,0.5846153846153846,>40jt
480116,Lloyd Kelly,28.0,Defender,Centre-Back,Juventus Football Club,Serie A,23000000.0,23.0,2.0,3.0,5.0,5946.0,76.0,0.21739130434782608,20-40jt
480267,Ronald Araujo,27.0,Defender,Centre-Back,Futbol Club Barcelona,LaLiga,20000000.0,20.0,6.0,2.0,8.0,3175.0,63.0,0.4,10-20jt
480692,Luis Díaz,29.0,Attack,Left Winger,FC Bayern München,Bundesliga,70000000.0,70.0,42.0,30.0,72.0,7104.0,96.0,1.0285714285714285,>40jt
480723,Finn Azaz,26.0,Midfield,Attacking Midfield,Southampton FC,Premier League,20000000.0,20.0,1.0,1.0,2.0,315.0,4.0,0.1,10-20jt
480762,Lisandro Martínez,28.0,Defender,Centre-Back,Manchester United Football Club,Premier League,40000000.0,40.0,2.0,2.0,4.0,3941.0,50.0,0.1,20-40jt
480763,Juan Foyth,28.0,Defender,Centre-Back,Villarreal Club de Fútbol S.A.D.,LaLiga,8000000.0,8.0,1.0,0.0,1.0,2831.0,37.0,0.125,5-10jt
480883,Miguel de la Fuente,27.0,Attack,Centre-Forward,CD Leganés,LaLiga,2000000.0,2.0,2.0,3.0,5.0,1805.0,38.0,2.5,<5jt
480987,Chris Mepham,29.0,Defender,Centre-Back,West Bromwich Albion,Premier League,3000000.0,3.0,0.0,0.0,0.0,120.0,1.0,0.0,<5jt
481084,Marcos André,30.0,Attack,Centre-Forward,Real Valladolid CF,LaLiga,800000.0,0.8,3.0,2.0,5.0,1307.0,24.0,6.25,<5jt
481513,Koffi Kouao,28.0,Defender,Right-Back,Football Club de Metz,Ligue 1,2500000.0,2.5,2.0,2.0,4.0,2274.0,27.0,1.6,<5jt
481675,Christos Mandas,25.0,Goalkeeper,Goalkeeper,Association Football Club Bournemouth,Premier League,8000000.0,8.0,0.0,0.0,0.0,1920.0,21.0,0.0,5-10jt
481688,Sotiris Alexandropoulos,25.0,Midfield,Central Midfield,Fortuna Düsseldorf,Bundesliga,1200000.0,1.2,0.0,0.0,0.0,763.0,27.0,0.0,<5jt
481834,Andrea Carboni,25.0,Defender,Centre-Back,AC Monza,Serie A,2500000.0,2.5,0.0,1.0,1.0,2267.0,28.0,0.4,<5jt
482836,David Strelec,25.0,Attack,Centre-Forward,Middlesbrough FC,Premier League,8000000.0,8.0,4.0,1.0,5.0,479.0,6.0,0.625,5-10jt
483046,Josip Stanisic,26.0,Defender,Right-Back,FC Bayern München,Bundesliga,40000000.0,40.0,3.0,9.0,12.0,4878.0,69.0,0.3,20-40jt
483348,Djed Spence,26.0,Defender,Left-Back,Tottenham Hotspur Football Club,Premier League,30000000.0,30.0,1.0,2.0,3.0,5154.0,76.0,0.1,20-40jt
484547,Jeremie Frimpong,26.0,Defender,Right-Back,Liverpool Football Club,Premier League,35000000.0,35.0,7.0,14.0,21.0,5341.0,84.0,0.6,20-40jt
484743,Gabriel Barès,26.0,Midfield,Defensive Midfield,Montpellier HSC,Ligue 1,400000.0,0.4,0.0,0.0,0.0,50.0,6.0,0.0,<5jt
484988,Logan Costa,25.0,Defender,Centre-Back,Villarreal Club de Fútbol S.A.D.,LaLiga,15000000.0,15.0,2.0,1.0,3.0,2839.0,37.0,0.2,10-20jt
484992,Aïmen Moueffek,25.0,Midfield,Central Midfield,AS Saint-Étienne,Ligue 1,1000000.0,1.0,0.0,1.0,1.0,1041.0,22.0,1.0,<5jt
485583,Ki-Jana Hoever,24.0,Defender,Right-Back,Wolverhampton Wanderers Football Club,Premier League,3500000.0,3.5,1.0,2.0,3.0,2624.0,39.0,0.8571428571428571,<5jt
485585,Ian Maatsen,24.0,Defender,Left-Back,Aston Villa Football Club,Premier League,30000000.0,30.0,3.0,4.0,7.0,4129.0,87.0,0.23333333333333334,20-40jt
485706,Amadou Onana,25.0,Midfield,Defensive Midfield,Aston Villa Football Club,Premier League,45000000.0,45.0,7.0,0.0,7.0,4593.0,70.0,0.15555555555555556,>40jt
485747,Thomas Keller,27.0,Defender,Centre-Back,1. Fußballclub Heidenheim 1846,Bundesliga,600000.0,0.6,0.0,0.0,0.0,146.0,6.0,0.0,<5jt
485960,Lilian Brassier,27.0,Defender,Centre-Back,Stade Rennais Football Club,Ligue 1,12000000.0,12.0,1.0,2.0,3.0,4268.0,53.0,0.25,10-20jt
485963,Pape Gueye,27.0,Midfield,Central Midfield,Villarreal Club de Fútbol S.A.D.,LaLiga,40000000.0,40.0,12.0,2.0,14.0,5677.0,81.0,0.35,20-40jt
485965,Nicolas Cozza,27.0,Defender,Centre-Back,Football Club de Nantes,Ligue 1,2500000.0,2.5,1.0,2.0,3.0,4354.0,56.0,1.2,<5jt
486031,Nico González,28.0,Attack,Left Winger,Club Atlético de Madrid S.A.D.,LaLiga,22000000.0,22.0,11.0,4.0,15.0,4395.0,78.0,0.6818181818181818,20-40jt
486046,Maarten Vandevoordt,24.0,Goalkeeper,Goalkeeper,RasenBallsport Leipzig,Bundesliga,15000000.0,15.0,0.0,0.0,0.0,2379.0,28.0,0.0,10-20jt
486049,Jérémy Doku,24.0,Attack,Left Winger,Manchester City Football Club,Premier League,75000000.0,75.0,16.0,23.0,39.0,5103.0,87.0,0.52,>40jt
486144,Jakub Stolarczyk,26.0,Goalkeeper,Goalkeeper,Leicester City,Premier League,300000.0,0.3,0.0,0.0,0.0,990.0,11.0,0.0,<5jt
487417,Liam Millar,27.0,Attack,Left Winger,Hull City,Premier League,3000000.0,3.0,0.0,0.0,0.0,154.0,2.0,0.0,<5jt
487465,Pedro Neto,26.0,Attack,Right Winger,Chelsea Football Club,Premier League,60000000.0,60.0,17.0,16.0,33.0,6728.0,95.0,0.55,>40jt
487469,Vitinha,26.0,Midfield,Defensive Midfield,Paris Saint-Germain Football Club,Ligue 1,140000000.0,140.0,15.0,15.0,30.0,7944.0,101.0,0.21428571428571427,>40jt
487474,Francisco Conceição,24.0,Attack,Right Winger,Juventus Football Club,Serie A,30000000.0,30.0,11.0,11.0,22.0,4969.0,82.0,0.7333333333333333,20-40jt
487843,Lorenzo Colombo,24.0,Attack,Centre-Forward,Genoa Cricket and Football Club,Serie A,10000000.0,10.0,14.0,5.0,19.0,5024.0,83.0,1.9,5-10jt
487850,Oladapo Afolayan,29.0,Attack,Right Winger,Fußball-Club St. Pauli von 1910,Bundesliga,1000000.0,1.0,3.0,2.0,5.0,1766.0,34.0,5.0,<5jt
487969,Randal Kolo Muani,28.0,Attack,Centre-Forward,Tottenham Hotspur Football Club,Premier League,20000000.0,20.0,17.0,8.0,25.0,4309.0,77.0,1.25,10-20jt
488052,Matthias Braunöder,24.0,Midfield,Central Midfield,Calcio Como,Serie A,1200000.0,1.2,0.0,0.0,0.0,355.0,9.0,0.0,<5jt
488362,Conor Gallagher,26.0,Midfield,Central Midfield,Tottenham Hotspur Football Club,Premier League,32000000.0,32.0,8.0,8.0,16.0,4851.0,95.0,0.5,20-40jt
488626,Jesús Areso,27.0,Defender,Right-Back,Athletic Club Bilbao,LaLiga,5000000.0,5.0,0.0,5.0,5.0,5418.0,76.0,1.0,<5jt
488785,Martin Frese,28.0,Defender,Left-Back,Verona Hellas Football Club,Serie A,2500000.0,2.5,2.0,0.0,2.0,3047.0,43.0,0.8,<5jt
488935,Hákon Valdimarsson,25.0,Goalkeeper,Goalkeeper,Brentford Football Club,Premier League,2500000.0,2.5,0.0,0.0,0.0,954.0,11.0,0.0,<5jt
488996,Thórir Jóhann Helgason,26.0,Midfield,Central Midfield,Unione Sportiva Lecce,Serie A,1800000.0,1.8,0.0,4.0,4.0,1398.0,31.0,2.2222222222222223,<5jt
489359,Ao Tanaka,28.0,Midfield,Central Midfield,Leeds United Association Football Club,Premier League,13000000.0,13.0,4.0,0.0,4.0,1699.0,33.0,0.3076923076923077,10-20jt
490384,Koni De Winter,24.0,Defender,Centre-Back,Associazione Calcio Milan,Serie A,23000000.0,23.0,4.0,1.0,5.0,4270.0,55.0,0.21739130434782608,20-40jt
490417,Ibrahima Niane,27.0,Attack,Centre-Forward,Angers Sporting Club de l'Ouest,Ligue 1,2000000.0,2.0,3.0,1.0,4.0,934.0,24.0,2.0,<5jt
490423,Ignace Van der Brempt,24.0,Defender,Right-Back,Calcio Como,Serie A,3000000.0,3.0,0.0,4.0,4.0,2488.0,46.0,1.3333333333333333,<5jt
490426,Krépin Diatta,27.0,Midfield,Right Midfield,Association sportive de Monaco Football Club,Ligue 1,6000000.0,6.0,0.0,3.0,3.0,2437.0,50.0,0.5,5-10jt
490573,Seid Korac,25.0,Defender,Centre-Back,Venezia FC,Serie A,1300000.0,1.3,0.0,0.0,0.0,191.0,3.0,0.0,<5jt
490606,Lucas Bergström,24.0,Goalkeeper,Goalkeeper,Real Club Deportivo Mallorca S.A.D.,LaLiga,1400000.0,1.4,0.0,0.0,0.0,630.0,7.0,0.0,<5jt
490609,Lasse Rieß,25.0,Goalkeeper,Goalkeeper,1. Fußball- und Sportverein Mainz 05,Bundesliga,500000.0,0.5,0.0,0.0,0.0,471.0,6.0,0.0,<5jt
492319,Franco Israel,26.0,Goalkeeper,Goalkeeper,Torino Calcio,Serie A,2500000.0,2.5,0.0,0.0,0.0,2790.0,31.0,0.0,<5jt
493003,Daniel Muñoz,30.0,Defender,Right-Back,Crystal Palace Football Club,Premier League,22000000.0,22.0,10.0,10.0,20.0,6686.0,78.0,0.9090909090909091,20-40jt
493513,Karl Hein,24.0,Goalkeeper,Goalkeeper,Sportverein Werder Bremen von 1899,Bundesliga,3000000.0,3.0,0.0,0.0,0.0,3015.0,34.0,0.0,<5jt
493702,Mattia Viti,24.0,Defender,Centre-Back,FC Empoli,Serie A,5000000.0,5.0,2.0,0.0,2.0,2799.0,34.0,0.4,<5jt
494237,Wilson Isidor,26.0,Attack,Centre-Forward,Sunderland Association Football Club,Premier League,18000000.0,18.0,8.0,0.0,8.0,1453.0,42.0,0.4444444444444444,10-20jt
494586,Mickaël Nadé,27.0,Defender,Centre-Back,AS Saint-Étienne,Ligue 1,2000000.0,2.0,1.0,3.0,4.0,2278.0,26.0,2.0,<5jt
494880,Jorge Cuenca,27.0,Defender,Centre-Back,Fulham Football Club,Premier League,8000000.0,8.0,0.0,0.0,0.0,2206.0,34.0,0.0,5-10jt
495621,Antonio Blanco,26.0,Midfield,Defensive Midfield,Deportivo Alavés S. A. D.,LaLiga,10000000.0,10.0,2.0,4.0,6.0,6080.0,76.0,0.6,5-10jt
495625,Víctor Chust,26.0,Defender,Centre-Back,Elche Club de Fútbol S.A.D.,LaLiga,3500000.0,3.5,1.0,0.0,1.0,2301.0,33.0,0.2857142857142857,<5jt
495666,William Saliba,25.0,Defender,Centre-Back,Arsenal Football Club,Premier League,100000000.0,100.0,3.0,1.0,4.0,8285.0,96.0,0.04,>40jt
495667,Lucas Da Cunha,25.0,Midfield,Central Midfield,Calcio Como,Serie A,20000000.0,20.0,11.0,7.0,18.0,5908.0,79.0,0.9,10-20jt
495752,Taichi Hara,27.0,Attack,Centre-Forward,Fußball-Club St. Pauli von 1910,Bundesliga,1000000.0,1.0,0.0,0.0,0.0,35.0,5.0,0.0,<5jt
495839,Andrias Edmundsson,26.0,Defender,Centre-Back,Verona Hellas Football Club,Serie A,3000000.0,3.0,0.0,0.0,0.0,1320.0,15.0,0.0,<5jt
496094,Karim Adeyemi,24.0,Attack,Right Winger,Borussia Dortmund,Bundesliga,40000000.0,40.0,22.0,17.0,39.0,4342.0,81.0,0.975,20-40jt
496659,Ben Cabango,26.0,Defender,Centre-Back,Swansea City,Premier League,9000000.0,9.0,0.0,0.0,0.0,148.0,2.0,0.0,5-10jt
496706,Montassar Talbi,28.0,Defender,Centre-Back,Football Club Lorient-Bretagne Sud,Ligue 1,8000000.0,8.0,0.0,1.0,1.0,2610.0,29.0,0.125,5-10jt
496745,Emil Holm,26.0,Defender,Right-Back,Juventus Football Club,Serie A,10000000.0,10.0,2.0,6.0,8.0,3236.0,58.0,0.8,5-10jt
496857,Edon Zhegrova,27.0,Attack,Right Winger,Juventus Football Club,Serie A,10000000.0,10.0,8.0,2.0,10.0,2116.0,48.0,1.0,5-10jt
497291,Nicolás Domínguez,28.0,Midfield,Central Midfield,Nottingham Forest Football Club,Premier League,15000000.0,15.0,2.0,2.0,4.0,4526.0,80.0,0.26666666666666666,10-20jt
498237,David Carmo,27.0,Defender,Centre-Back,Real Oviedo S.A.D.,LaLiga,5000000.0,5.0,2.0,0.0,2.0,4311.0,56.0,0.4,<5jt
500053,Pavel Sulc,26.0,Midfield,Attacking Midfield,Olympique Lyonnais,Ligue 1,20000000.0,20.0,16.0,11.0,27.0,3666.0,53.0,1.35,10-20jt
500067,Chidera Ejuke,28.0,Attack,Left Winger,Sevilla Fútbol Club S.A.D.,LaLiga,4000000.0,4.0,3.0,2.0,5.0,1985.0,56.0,1.25,<5jt
500689,Evann Guessand,25.0,Attack,Right Winger,Crystal Palace Football Club,Premier League,25000000.0,25.0,17.0,10.0,27.0,4641.0,73.0,1.08,20-40jt
501418,Adrià Pedrosa,28.0,Defender,Left-Back,Elche Club de Fútbol S.A.D.,LaLiga,2800000.0,2.8,2.0,3.0,5.0,3808.0,66.0,1.7857142857142858,<5jt
501743,Koki Saito,25.0,Attack,Left Winger,Queens Park Rangers,Premier League,3200000.0,3.2,0.0,0.0,0.0,18.0,1.0,0.0,<5jt
502670,Khvicha Kvaratskhelia,25.0,Attack,Left Winger,Paris Saint-Germain Football Club,Ligue 1,140000000.0,140.0,31.0,20.0,51.0,6225.0,95.0,0.36428571428571427,>40jt
502676,Giorgi Mamardashvili,26.0,Goalkeeper,Goalkeeper,Liverpool Football Club,Premier League,28000000.0,28.0,0.0,0.0,0.0,4862.0,55.0,0.0,20-40jt
502722,Luka Sucic,24.0,Midfield,Central Midfield,Real Sociedad de Fútbol S.A.D.,LaLiga,10000000.0,10.0,7.0,5.0,12.0,3839.0,68.0,1.2,5-10jt
502821,Riccardo Calafiori,24.0,Defender,Left-Back,Arsenal Football Club,Premier League,55000000.0,55.0,4.0,5.0,9.0,3676.0,63.0,0.16363636363636364,>40jt
503075,Isak Hien,27.0,Defender,Centre-Back,Atalanta Bergamasca Calcio S.p.a.,Serie A,22000000.0,22.0,1.0,1.0,2.0,6342.0,83.0,0.09090909090909091,20-40jt
503160,Paul Nebel,24.0,Midfield,Attacking Midfield,1. Fußball- und Sportverein Mainz 05,Bundesliga,18000000.0,18.0,15.0,10.0,25.0,4914.0,67.0,1.3888888888888888,10-20jt
503482,Min-jae Kim,30.0,Defender,Centre-Back,FC Bayern München,Bundesliga,20000000.0,20.0,4.0,1.0,5.0,5644.0,80.0,0.25,10-20jt
503680,Neco Williams,25.0,Defender,Left-Back,Nottingham Forest Football Club,Premier League,28000000.0,28.0,3.0,7.0,10.0,7128.0,92.0,0.35714285714285715,20-40jt
503686,Dan Ballard,27.0,Defender,Centre-Back,Sunderland Association Football Club,Premier League,20000000.0,20.0,2.0,2.0,4.0,2287.0,31.0,0.2,10-20jt
503733,Anthony Gordon,25.0,Attack,Left Winger,Newcastle United Football Club,Premier League,65000000.0,65.0,24.0,11.0,35.0,5472.0,83.0,0.5384615384615384,>40jt
503743,Morgan Rogers,24.0,Midfield,Attacking Midfield,Aston Villa Football Club,Premier League,90000000.0,90.0,27.0,27.0,54.0,8970.0,108.0,0.6,>40jt
503749,Jacob Ramsey,25.0,Midfield,Central Midfield,Newcastle United Football Club,Premier League,35000000.0,35.0,6.0,10.0,16.0,4578.0,87.0,0.45714285714285713,20-40jt
503770,Folarin Balogun,25.0,Attack,Centre-Forward,Association sportive de Monaco Football Club,Ligue 1,40000000.0,40.0,22.0,6.0,28.0,3766.0,56.0,0.7,20-40jt
503866,Albert Grønbæk,25.0,Midfield,Attacking Midfield,Hamburger Sport Verein,Bundesliga,5000000.0,5.0,3.0,3.0,6.0,1681.0,34.0,1.2,<5jt
503871,Morten Frendrup,25.0,Midfield,Defensive Midfield,Genoa Cricket and Football Club,Serie A,15000000.0,15.0,4.0,0.0,4.0,6693.0,77.0,0.26666666666666666,10-20jt
503881,Aster Vranckx,24.0,Midfield,Central Midfield,Unione Sportiva Sassuolo Calcio,Serie A,5000000.0,5.0,0.0,0.0,0.0,1253.0,31.0,0.0,<5jt
503883,Senne Lammens,24.0,Goalkeeper,Goalkeeper,Manchester United Football Club,Premier League,35000000.0,35.0,0.0,0.0,0.0,6017.0,67.0,0.0,20-40jt
503977,Taylor Harwood-Bellis,24.0,Defender,Centre-Back,Southampton FC,Premier League,20000000.0,20.0,1.0,0.0,1.0,2918.0,35.0,0.05,10-20jt
503981,Tino Livramento,24.0,Defender,Right-Back,Newcastle United Football Club,Premier League,45000000.0,45.0,0.0,2.0,2.0,4891.0,66.0,0.044444444444444446,>40jt
503987,Noni Madueke,24.0,Attack,Right Winger,Arsenal Football Club,Premier League,50000000.0,50.0,16.0,8.0,24.0,4575.0,82.0,0.48,>40jt
503990,Nathan Wood,24.0,Defender,Centre-Back,Southampton FC,Premier League,4000000.0,4.0,0.0,0.0,0.0,879.0,13.0,0.0,<5jt
503991,Yunus Musah,24.0,Midfield,Central Midfield,Atalanta Bergamasca Calcio S.p.a.,Serie A,14000000.0,14.0,2.0,4.0,6.0,3176.0,69.0,0.42857142857142855,10-20jt
504153,Joe Scally,23.0,Defender,Right-Back,Borussia Verein für Leibesübungen 1900 Mönchengladbach,Bundesliga,7000000.0,7.0,2.0,3.0,5.0,5555.0,69.0,0.7142857142857143,5-10jt
504209,Gianluca Busio,24.0,Midfield,Central Midfield,Venezia FC,Serie A,5500000.0,5.5,2.0,0.0,2.0,2527.0,33.0,0.36363636363636365,5-10jt
504215,Giovanni Reyna,24.0,Midfield,Attacking Midfield,Borussia Verein für Leibesübungen 1900 Mönchengladbach,Bundesliga,4000000.0,4.0,3.0,2.0,5.0,1204.0,46.0,1.25,<5jt
504849,Kaoru Mitoma,29.0,Attack,Left Winger,Brighton and Hove Albion Football Club,Premier League,22000000.0,22.0,14.0,5.0,19.0,4713.0,67.0,0.8636363636363636,20-40jt
505194,Luke Thomas,25.0,Defender,Left-Back,Leicester City,Premier League,6000000.0,6.0,0.0,0.0,0.0,1261.0,16.0,0.0,5-10jt
505219,James Garner,25.0,Midfield,Defensive Midfield,Everton Football Club,Premier League,45000000.0,45.0,3.0,8.0,11.0,5450.0,64.0,0.24444444444444444,>40jt
505493,Diego Pampín,26.0,Defender,Left-Back,Levante Unión Deportiva S.A.D.,LaLiga,1000000.0,1.0,0.0,0.0,0.0,714.0,10.0,0.0,<5jt
505653,Fábio Silva,24.0,Attack,Centre-Forward,Borussia Dortmund,Bundesliga,22000000.0,22.0,13.0,10.0,23.0,3209.0,65.0,1.0454545454545454,20-40jt
505674,Sergio Camello,25.0,Attack,Centre-Forward,Rayo Vallecano de Madrid S. A. D.,LaLiga,3000000.0,3.0,10.0,5.0,15.0,2428.0,53.0,5.0,<5jt
506189,Flynn Downes,27.0,Midfield,Defensive Midfield,Southampton FC,Premier League,12000000.0,12.0,1.0,0.0,1.0,2155.0,27.0,0.08333333333333333,10-20jt
506248,Edu Expósito,30.0,Midfield,Central Midfield,Reial Club Deportiu Espanyol de Barcelona S.A.D.,LaLiga,5000000.0,5.0,1.0,8.0,9.0,3663.0,57.0,1.8,<5jt
506470,Josh Bowler,27.0,Attack,Right Winger,Nottingham Forest Football Club,Premier League,900000.0,0.9,0.0,0.0,0.0,60.0,1.0,0.0,<5jt
506942,Zan Vipotnik,24.0,Attack,Centre-Forward,Swansea City,Premier League,22000000.0,22.0,2.0,0.0,2.0,301.0,5.0,0.09090909090909091,20-40jt
507341,Fabian Rieder,24.0,Midfield,Attacking Midfield,Fußball-Club Augsburg 1907,Bundesliga,12000000.0,12.0,8.0,11.0,19.0,3884.0,69.0,1.5833333333333333,10-20jt
507345,Leonidas Stergiou,24.0,Defender,Right-Back,1. Fußballclub Heidenheim 1846,Bundesliga,2500000.0,2.5,1.0,2.0,3.0,1218.0,25.0,1.2,<5jt
507486,Simon Sohm,25.0,Midfield,Central Midfield,Bologna Football Club 1909,Serie A,8000000.0,8.0,4.0,1.0,5.0,4711.0,72.0,0.625,5-10jt
507496,Felix Mambimbi,25.0,Attack,Left Winger,Le Havre Athletic Club,Ligue 1,500000.0,0.5,1.0,1.0,2.0,660.0,20.0,4.0,<5jt
509022,Federico Gatti,28.0,Defender,Centre-Back,Juventus Football Club,Serie A,14000000.0,14.0,5.0,2.0,7.0,4928.0,74.0,0.5,10-20jt
510396,Álex Suárez,33.0,Defender,Centre-Back,UD Las Palmas,LaLiga,1200000.0,1.2,0.0,0.0,0.0,2534.0,31.0,0.0,<5jt
511021,Manu Fuster,29.0,Attack,Right Winger,UD Las Palmas,LaLiga,1500000.0,1.5,3.0,4.0,7.0,1186.0,31.0,4.666666666666667,<5jt
512352,Lasse Rosenboom,24.0,Defender,Right-Back,Holstein Kiel,Bundesliga,1200000.0,1.2,4.0,2.0,6.0,1794.0,28.0,5.0,<5jt
512354,Malcolm Ebiowei,23.0,Attack,Right Winger,Crystal Palace Football Club,Premier League,1000000.0,1.0,0.0,0.0,0.0,122.0,2.0,0.0,<5jt
513031,Antonio Sánchez,29.0,Midfield,Central Midfield,Real Club Deportivo Mallorca S.A.D.,LaLiga,2000000.0,2.0,0.0,0.0,0.0,2808.0,68.0,0.0,<5jt
513245,Jesper Lindstrøm,26.0,Attack,Right Winger,Verein für Leibesübungen Wolfsburg,Bundesliga,4000000.0,4.0,0.0,1.0,1.0,1748.0,41.0,0.25,<5jt
513968,Aidan Morris,25.0,Midfield,Central Midfield,Middlesbrough FC,Premier League,10000000.0,10.0,0.0,0.0,0.0,119.0,2.0,0.0,5-10jt
514285,Quilindschy Hartman,25.0,Defender,Left-Back,Burnley Football Club,Premier League,16000000.0,16.0,0.0,6.0,6.0,2654.0,35.0,0.375,10-20jt
514888,Oliver Sørensen,24.0,Midfield,Central Midfield,Parma Calcio 1913,Serie A,6500000.0,6.5,8.0,4.0,12.0,4956.0,73.0,1.8461538461538463,5-10jt
515544,Trai Hume,24.0,Defender,Right-Back,Sunderland Association Football Club,Premier League,22000000.0,22.0,2.0,1.0,3.0,3249.0,40.0,0.13636363636363635,20-40jt
515624,Henri Koudossou,27.0,Defender,Right-Back,Fußball-Club Augsburg 1907,Bundesliga,1200000.0,1.2,0.0,1.0,1.0,865.0,23.0,0.8333333333333334,<5jt
516716,Bremer,29.0,Defender,Centre-Back,Juventus Football Club,Serie A,35000000.0,35.0,4.0,3.0,7.0,3205.0,39.0,0.2,20-40jt
517753,Óscar Valentín,32.0,Midfield,Central Midfield,Rayo Vallecano de Madrid S. A. D.,LaLiga,2000000.0,2.0,1.0,0.0,1.0,4491.0,74.0,0.5,<5jt
517842,Aihen Muñoz,29.0,Defender,Left-Back,Real Sociedad de Fútbol S.A.D.,LaLiga,2500000.0,2.5,1.0,0.0,1.0,3379.0,62.0,0.4,<5jt
517894,Matheus Cunha,27.0,Attack,Centre-Forward,Manchester United Football Club,Premier League,75000000.0,75.0,27.0,10.0,37.0,5496.0,70.0,0.49333333333333335,>40jt
518505,Jamie Leweling,25.0,Attack,Right Winger,Verein für Bewegungsspiele Stuttgart 1893,Bundesliga,40000000.0,40.0,16.0,16.0,32.0,5737.0,86.0,0.8,20-40jt
518644,Largie Ramazani,25.0,Attack,Left Winger,Valencia Club de Fútbol S. A. D.,LaLiga,8000000.0,8.0,6.0,2.0,8.0,1465.0,31.0,1.0,5-10jt
519872,Livan Burcu,22.0,Attack,Left Winger,1. Fußballclub Union Berlin,Bundesliga,4000000.0,4.0,1.0,1.0,2.0,652.0,19.0,0.5,<5jt
520530,Fali Candé,28.0,Defender,Centre-Back,Unione Sportiva Sassuolo Calcio,Serie A,3000000.0,3.0,1.0,1.0,2.0,2127.0,30.0,0.6666666666666666,<5jt
520624,Bruno Guimarães,29.0,Midfield,Central Midfield,Newcastle United Football Club,Premier League,70000000.0,70.0,14.0,15.0,29.0,6838.0,83.0,0.4142857142857143,>40jt
520651,Jensen Weir,24.0,Midfield,Central Midfield,Brighton and Hove Albion Football Club,Premier League,375000.0,0.375,0.0,0.0,0.0,189.0,3.0,0.0,<5jt
520840,José Copete,27.0,Defender,Centre-Back,Valencia Club de Fútbol S. A. D.,LaLiga,5000000.0,5.0,0.0,0.0,0.0,3579.0,51.0,0.0,<5jt
521407,Walid Cheddira,28.0,Attack,Centre-Forward,Unione Sportiva Lecce,Serie A,2000000.0,2.0,5.0,2.0,7.0,2075.0,60.0,3.5,<5jt
521964,Malick Thiaw,25.0,Defender,Centre-Back,Newcastle United Football Club,Premier League,45000000.0,45.0,6.0,2.0,8.0,7083.0,85.0,0.17777777777777778,>40jt
522223,Connor Metcalfe,27.0,Midfield,Central Midfield,Fußball-Club St. Pauli von 1910,Bundesliga,1500000.0,1.5,0.0,2.0,2.0,1115.0,39.0,1.3333333333333333,<5jt
522681,Ben Lhassine Kone,26.0,Midfield,Central Midfield,Calcio Como,Serie A,500000.0,0.5,0.0,0.0,0.0,47.0,4.0,0.0,<5jt
522784,Taty Castellanos,28.0,Attack,Centre-Forward,West Ham United Football Club,Premier League,28000000.0,28.0,23.0,11.0,34.0,5613.0,75.0,1.2142857142857142,20-40jt
523318,Anastasios Douvikas,27.0,Attack,Centre-Forward,Calcio Como,Serie A,25000000.0,25.0,25.0,6.0,31.0,3953.0,79.0,1.24,20-40jt
524000,Dani Vivian,27.0,Defender,Centre-Back,Athletic Club Bilbao,LaLiga,20000000.0,20.0,5.0,0.0,5.0,7172.0,88.0,0.25,10-20jt
524010,Oier Zarraga,27.0,Midfield,Central Midfield,Udinese Calcio,Serie A,1500000.0,1.5,1.0,0.0,1.0,1514.0,50.0,0.6666666666666666,<5jt
524285,Luca Netz,23.0,Defender,Left-Back,Nottingham Forest Football Club,Premier League,8000000.0,8.0,1.0,4.0,5.0,2439.0,49.0,0.625,5-10jt
524290,Fisnik Asllani,24.0,Attack,Centre-Forward,Turn- und Sportgemeinschaft 1899 Hoffenheim Fußball-Spielbetriebs,Bundesliga,35000000.0,35.0,11.0,10.0,21.0,2522.0,35.0,0.6,20-40jt
524937,Álex Domínguez,28.0,Goalkeeper,Goalkeeper,Toulouse Football Club,Ligue 1,200000.0,0.2,0.0,0.0,0.0,18.0,1.0,0.0,<5jt
525140,Goduine Koyalipou,26.0,Attack,Centre-Forward,Angers Sporting Club de l'Ouest,Ligue 1,2500000.0,2.5,8.0,1.0,9.0,1948.0,42.0,3.6,<5jt
525155,Grégoire Coudert,27.0,Goalkeeper,Goalkeeper,Stade brestois 29,Ligue 1,4000000.0,4.0,0.0,0.0,0.0,2461.0,28.0,0.0,<5jt
525247,Maximilian Kilman,29.0,Defender,Centre-Back,West Ham United Football Club,Premier League,13000000.0,13.0,0.0,2.0,2.0,5467.0,65.0,0.15384615384615385,10-20jt
525299,Miguel Gutiérrez,25.0,Defender,Left-Back,Società Sportiva Calcio Napoli,Serie A,22000000.0,22.0,3.0,8.0,11.0,4947.0,73.0,0.5,20-40jt
525438,Horațiu Moldovan,28.0,Goalkeeper,Goalkeeper,Real Oviedo S.A.D.,LaLiga,1800000.0,1.8,0.0,0.0,0.0,300.0,3.0,0.0,<5jt
525578,Pathé Ciss,32.0,Midfield,Central Midfield,Rayo Vallecano de Madrid S. A. D.,LaLiga,1800000.0,1.8,6.0,4.0,10.0,4547.0,72.0,5.555555555555555,<5jt
525704,Nicolò Rovella,25.0,Midfield,Defensive Midfield,Società Sportiva Lazio S.p.A.,Serie A,23000000.0,23.0,0.0,5.0,5.0,4088.0,57.0,0.21739130434782608,20-40jt
526050,Kervin Arriaga,28.0,Midfield,Defensive Midfield,Levante Unión Deportiva S.A.D.,LaLiga,2000000.0,2.0,3.0,3.0,6.0,2010.0,33.0,3.0,<5jt
526466,Elias Saad,27.0,Attack,Left Winger,Hannover 96,Bundesliga,2000000.0,2.0,3.0,4.0,7.0,1569.0,32.0,3.5,<5jt
526845,Noah Atubolu,24.0,Goalkeeper,Goalkeeper,Sport-Club Freiburg,Bundesliga,25000000.0,25.0,0.0,0.0,0.0,6763.0,76.0,0.0,20-40jt
527425,Luke Woolfenden,28.0,Defender,Centre-Back,Ipswich Town,Premier League,2000000.0,2.0,0.0,0.0,0.0,1487.0,18.0,0.0,<5jt
527698,Kike Pérez,29.0,Midfield,Central Midfield,Venezia FC,Serie A,2200000.0,2.2,5.0,2.0,7.0,2539.0,39.0,3.1818181818181817,<5jt
527966,Andrei Rațiu,28.0,Defender,Right-Back,Rayo Vallecano de Madrid S. A. D.,LaLiga,18000000.0,18.0,2.0,7.0,9.0,6129.0,75.0,0.5,10-20jt
528181,Edoardo Corvi,25.0,Goalkeeper,Goalkeeper,Parma Calcio 1913,Serie A,1500000.0,1.5,0.0,0.0,0.0,1530.0,17.0,0.0,<5jt
528833,Lazar Samardžić,24.0,Midfield,Attacking Midfield,Atalanta Bergamasca Calcio S.p.a.,Serie A,16000000.0,16.0,11.0,6.0,17.0,3151.0,82.0,1.0625,10-20jt
528892,Harry Clarke,25.0,Defender,Right-Back,Ipswich Town,Premier League,4000000.0,4.0,0.0,0.0,0.0,395.0,8.0,0.0,<5jt
529895,Daniel Elfadli,29.0,Defender,Centre-Back,Hamburger Sport Verein,Bundesliga,3000000.0,3.0,0.0,0.0,0.0,1463.0,23.0,0.0,<5jt
530173,Julian Niehues,25.0,Midfield,Defensive Midfield,1. Fußballclub Heidenheim 1846,Bundesliga,1500000.0,1.5,3.0,0.0,3.0,1624.0,33.0,2.0,<5jt
530298,Christian Conteh,27.0,Attack,Right Winger,1. Fußballclub Heidenheim 1846,Bundesliga,1500000.0,1.5,1.0,0.0,1.0,462.0,10.0,0.6666666666666666,<5jt
530742,Fisayo Dele-Bashiru,25.0,Midfield,Central Midfield,Società Sportiva Lazio S.p.A.,Serie A,6000000.0,6.0,8.0,5.0,13.0,3284.0,64.0,2.1666666666666665,5-10jt
530813,Anis Mehmeti,25.0,Midfield,Attacking Midfield,Ipswich Town,Premier League,15000000.0,15.0,1.0,0.0,1.0,213.0,4.0,0.06666666666666667,10-20jt
531062,Fabio González,29.0,Midfield,Central Midfield,UD Las Palmas,LaLiga,450000.0,0.45,0.0,0.0,0.0,292.0,5.0,0.0,<5jt
531065,Oussama El Azzouzi,25.0,Midfield,Defensive Midfield,Association de la Jeunesse auxerroise,Ligue 1,1800000.0,1.8,1.0,0.0,1.0,929.0,15.0,0.5555555555555556,<5jt
531404,Marc Aguado,26.0,Midfield,Defensive Midfield,Elche Club de Fútbol S.A.D.,LaLiga,3500000.0,3.5,1.0,3.0,4.0,2640.0,39.0,1.1428571428571428,<5jt
531949,Ignatius Ganago,27.0,Attack,Centre-Forward,Football Club de Nantes,Ligue 1,2000000.0,2.0,3.0,1.0,4.0,1074.0,24.0,2.0,<5jt
532541,Luke Cundle,24.0,Midfield,Central Midfield,Wolverhampton Wanderers Football Club,Premier League,3200000.0,3.2,0.0,0.0,0.0,94.0,2.0,0.0,<5jt
532775,Melvin Bard,26.0,Defender,Left-Back,Olympique Gymnaste Club Nice Côte d'Azur,Ligue 1,10000000.0,10.0,4.0,2.0,6.0,5365.0,66.0,0.6,5-10jt
532776,Amine Adli,26.0,Attack,Left Winger,Association Football Club Bournemouth,Premier League,20000000.0,20.0,5.0,5.0,10.0,2522.0,63.0,0.5,10-20jt
532826,Mason Greenwood,25.0,Attack,Right Winger,Olympique de Marseille,Ligue 1,55000000.0,55.0,41.0,14.0,55.0,6140.0,76.0,1.0,>40jt
532937,Johan Vásquez,28.0,Defender,Centre-Back,Genoa Cricket and Football Club,Serie A,12000000.0,12.0,4.0,0.0,4.0,6708.0,77.0,0.3333333333333333,10-20jt
533295,Patrick Wimmer,25.0,Attack,Right Winger,Verein für Leibesübungen Wolfsburg,Bundesliga,12000000.0,12.0,8.0,10.0,18.0,3850.0,60.0,1.5,10-20jt
533354,Facundo Garcés,27.0,Defender,Centre-Back,Deportivo Alavés S. A. D.,LaLiga,1000000.0,1.0,0.0,0.0,0.0,1467.0,20.0,0.0,<5jt
533568,Nahuel Tenaglia,30.0,Defender,Right-Back,Deportivo Alavés S. A. D.,LaLiga,3000000.0,3.0,4.0,2.0,6.0,6517.0,74.0,2.0,<5jt
533662,Cameron Archer,25.0,Attack,Centre-Forward,Southampton FC,Premier League,10000000.0,10.0,4.0,0.0,4.0,1550.0,38.0,0.4,5-10jt
533738,Jonathan David,26.0,Attack,Centre-Forward,Juventus Football Club,Serie A,30000000.0,30.0,33.0,14.0,47.0,6000.0,92.0,1.5666666666666667,20-40jt
534033,Alexis Mac Allister,28.0,Midfield,Central Midfield,Liverpool Football Club,Premier League,70000000.0,70.0,12.0,12.0,24.0,7170.0,98.0,0.34285714285714286,>40jt
534379,Pejiño,30.0,Attack,Right Winger,UD Las Palmas,LaLiga,1200000.0,1.2,0.0,1.0,1.0,73.0,2.0,0.8333333333333334,<5jt
535740,Giuseppe Ciocci,24.0,Goalkeeper,Goalkeeper,Cagliari Calcio,Serie A,100000.0,0.1,0.0,0.0,0.0,98.0,2.0,0.0,<5jt
535820,Isak Jansson,24.0,Attack,Left Winger,Olympique Gymnaste Club Nice Côte d'Azur,Ligue 1,4000000.0,4.0,1.0,0.0,1.0,967.0,28.0,0.25,<5jt
535834,Eliot Matazo,24.0,Midfield,Central Midfield,Association sportive de Monaco Football Club,Ligue 1,2000000.0,2.0,0.0,0.0,0.0,92.0,6.0,0.0,<5jt
535955,Nuno Tavares,26.0,Defender,Left-Back,Società Sportiva Lazio S.p.A.,Serie A,12000000.0,12.0,0.0,10.0,10.0,3742.0,57.0,0.8333333333333334,10-20jt
536156,Pierre Cornud,30.0,Defender,Left-Back,AS Saint-Étienne,Ligue 1,800000.0,0.8,0.0,2.0,2.0,772.0,13.0,2.5,<5jt
536482,Junior Dina Ebimbe,26.0,Midfield,Right Midfield,Stade brestois 29,Ligue 1,6000000.0,6.0,7.0,2.0,9.0,1754.0,42.0,1.5,5-10jt
536508,Han-Noah Massengo,25.0,Midfield,Central Midfield,Fußball-Club Augsburg 1907,Bundesliga,8000000.0,8.0,2.0,1.0,3.0,3663.0,52.0,0.375,5-10jt
536835,Amad Diallo,24.0,Attack,Right Winger,Manchester United Football Club,Premier League,45000000.0,45.0,15.0,14.0,29.0,5471.0,78.0,0.6444444444444445,>40jt
537127,Théo Sainte-Luce,28.0,Defender,Left-Back,Montpellier HSC,Ligue 1,1000000.0,1.0,1.0,0.0,1.0,1018.0,16.0,1.0,<5jt
537171,Semuel Pizzignacco,25.0,Goalkeeper,Goalkeeper,AC Monza,Serie A,750000.0,0.75,0.0,0.0,0.0,1036.0,12.0,0.0,<5jt
537382,Bryan Gil,25.0,Attack,Left Winger,Girona Fútbol Club S. A. D.,LaLiga,8000000.0,8.0,4.0,6.0,10.0,3873.0,62.0,1.25,5-10jt
537598,Fábio Vieira,26.0,Midfield,Attacking Midfield,Hamburger Sport Verein,Bundesliga,18000000.0,18.0,12.0,12.0,24.0,4970.0,71.0,1.3333333333333333,10-20jt
537602,João Mário,26.0,Defender,Right-Back,Bologna Football Club 1909,Serie A,8000000.0,8.0,2.0,7.0,9.0,4295.0,69.0,1.125,5-10jt
537860,Mykhaylo Mudryk,25.0,Attack,Left Winger,Chelsea Football Club,Premier League,18000000.0,18.0,0.0,1.0,1.0,309.0,9.0,0.05555555555555555,10-20jt
538006,Kwasi Sibo,28.0,Midfield,Central Midfield,Real Oviedo S.A.D.,LaLiga,1400000.0,1.4,0.0,0.0,0.0,1806.0,27.0,0.0,<5jt
538079,Alessio Furlanetto,24.0,Goalkeeper,Goalkeeper,Società Sportiva Lazio S.p.A.,Serie A,350000.0,0.35,0.0,0.0,0.0,180.0,2.0,0.0,<5jt
538918,Sebastiano Esposito,24.0,Attack,Second Striker,Cagliari Calcio,Serie A,15000000.0,15.0,18.0,8.0,26.0,5477.0,80.0,1.7333333333333334,10-20jt
538964,Thijs Dallinga,26.0,Attack,Centre-Forward,Bologna Football Club 1909,Serie A,9000000.0,9.0,12.0,8.0,20.0,3161.0,80.0,2.2222222222222223,5-10jt
538971,Naouirou Ahamada,24.0,Midfield,Central Midfield,Association de la Jeunesse auxerroise,Ligue 1,3000000.0,3.0,0.0,1.0,1.0,734.0,18.0,0.3333333333333333,<5jt
538977,Georginio Rutter,24.0,Attack,Centre-Forward,Brighton and Hove Albion Football Club,Premier League,30000000.0,30.0,11.0,8.0,19.0,3955.0,68.0,0.6333333333333333,20-40jt
538994,Pierre Ekwah,24.0,Midfield,Defensive Midfield,AS Saint-Étienne,Ligue 1,500000.0,0.5,1.0,0.0,1.0,2643.0,30.0,2.0,<5jt
538996,Tanguy Nianzou,24.0,Defender,Centre-Back,Sevilla Fútbol Club S.A.D.,LaLiga,1200000.0,1.2,0.0,0.0,0.0,1166.0,18.0,0.0,<5jt
538998,Timothée Pembélé,24.0,Defender,Right-Back,Le Havre Athletic Club,Ligue 1,1800000.0,1.8,1.0,0.0,1.0,1482.0,34.0,0.5555555555555556,<5jt
539134,Daniel Maldini,25.0,Midfield,Attacking Midfield,Società Sportiva Lazio S.p.A.,Serie A,9000000.0,9.0,8.0,4.0,12.0,2868.0,57.0,1.3333333333333333,5-10jt
539232,Jessy Deminguet,28.0,Midfield,Central Midfield,Football Club de Metz,Ligue 1,2000000.0,2.0,2.0,1.0,3.0,2013.0,31.0,1.5,<5jt
539665,Fredrik Oppegård,24.0,Defender,Left-Back,Association de la Jeunesse auxerroise,Ligue 1,1500000.0,1.5,0.0,0.0,0.0,1991.0,41.0,0.0,<5jt
539795,Bryan Okoh,23.0,Defender,Centre-Back,Association de la Jeunesse auxerroise,Ligue 1,4000000.0,4.0,4.0,2.0,6.0,1546.0,19.0,1.5,<5jt
539798,Luca Jaquez,23.0,Defender,Centre-Back,Verein für Bewegungsspiele Stuttgart 1893,Bundesliga,10000000.0,10.0,1.0,1.0,2.0,1901.0,31.0,0.2,5-10jt
539965,Iuri Tabatadze,27.0,Attack,Right Winger,Cádiz CF,LaLiga,1200000.0,1.2,0.0,2.0,2.0,487.0,6.0,1.6666666666666667,<5jt
540056,Giorgi Gocholeishvili,25.0,Defender,Right-Back,Hamburger Sport Verein,Bundesliga,2000000.0,2.0,1.0,3.0,4.0,2716.0,52.0,2.0,<5jt
540333,Tomas Suslov,24.0,Midfield,Attacking Midfield,Verona Hellas Football Club,Serie A,4000000.0,4.0,1.0,2.0,3.0,2715.0,44.0,0.75,<5jt
540536,Carlos Vicente,27.0,Attack,Right Winger,Deportivo Alavés S. A. D.,LaLiga,4000000.0,4.0,6.0,6.0,12.0,3265.0,39.0,3.0,<5jt
540664,Dilane Bakwa,24.0,Attack,Right Winger,Nottingham Forest Football Club,Premier League,28000000.0,28.0,7.0,14.0,21.0,3640.0,59.0,0.75,20-40jt
540941,Mikkel Damsgaard,26.0,Midfield,Attacking Midfield,Brentford Football Club,Premier League,30000000.0,30.0,6.0,15.0,21.0,5430.0,77.0,0.7,20-40jt
541231,Sepp van den Berg,25.0,Defender,Centre-Back,Brentford Football Club,Premier League,32000000.0,32.0,0.0,3.0,3.0,5952.0,71.0,0.09375,20-40jt
541555,Enzo Boyomo,25.0,Defender,Centre-Back,Club Atlético Osasuna,LaLiga,15000000.0,15.0,3.0,2.0,5.0,6285.0,74.0,0.3333333333333333,10-20jt
542452,Jonathan Fischer,25.0,Goalkeeper,Goalkeeper,Football Club de Metz,Ligue 1,2000000.0,2.0,0.0,0.0,0.0,2353.0,27.0,0.0,<5jt
542588,Alessandro Sorrentino,24.0,Goalkeeper,Goalkeeper,AC Monza,Serie A,450000.0,0.45,0.0,0.0,0.0,90.0,1.0,0.0,<5jt
543164,Rhys Norrington-Davies,27.0,Defender,Left-Back,Queens Park Rangers,Premier League,2500000.0,2.5,0.0,0.0,0.0,83.0,1.0,0.0,<5jt
543387,Cheick Doucouré,26.0,Midfield,Defensive Midfield,Crystal Palace Football Club,Premier League,10000000.0,10.0,0.0,0.0,0.0,515.0,14.0,0.0,5-10jt
543499,Mohammed Kudus,26.0,Attack,Right Winger,Tottenham Hotspur Football Club,Premier League,50000000.0,50.0,8.0,10.0,18.0,4630.0,60.0,0.36,>40jt
543666,Stefano Turati,25.0,Goalkeeper,Goalkeeper,Unione Sportiva Sassuolo Calcio,Serie A,3000000.0,3.0,0.0,0.0,0.0,3390.0,38.0,0.0,<5jt
543822,Malthe Højholt,25.0,Midfield,Defensive Midfield,Pisa Sporting Club,Serie A,1200000.0,1.2,1.0,0.0,1.0,1283.0,23.0,0.8333333333333334,<5jt
545332,Mikkel Kaufmann,25.0,Attack,Centre-Forward,1. Fußballclub Heidenheim 1846,Bundesliga,1500000.0,1.5,2.0,3.0,5.0,1139.0,30.0,3.3333333333333335,<5jt
545538,Lameck Banda,25.0,Attack,Left Winger,Unione Sportiva Lecce,Serie A,3500000.0,3.5,5.0,6.0,11.0,2671.0,53.0,3.142857142857143,<5jt
545647,Sergio Carreira,26.0,Defender,Right-Back,Real Club Celta de Vigo S. A. D.,LaLiga,12000000.0,12.0,2.0,5.0,7.0,5372.0,72.0,0.5833333333333334,10-20jt
546213,Tuta,27.0,Defender,Centre-Back,Eintracht Frankfurt Fußball AG,Bundesliga,12000000.0,12.0,2.0,0.0,2.0,3472.0,44.0,0.16666666666666666,10-20jt
546712,Anis Ben Slimane,25.0,Midfield,Attacking Midfield,Norwich City,Premier League,4000000.0,4.0,0.0,4.0,4.0,138.0,4.0,1.0,<5jt
546926,Jay Idzes,26.0,Defender,Centre-Back,Unione Sportiva Sassuolo Calcio,Serie A,14000000.0,14.0,2.0,0.0,2.0,6282.0,71.0,0.14285714285714285,10-20jt
547039,Isaak Davies,25.0,Attack,Left Winger,Cardiff City,Premier League,1000000.0,1.0,1.0,1.0,2.0,308.0,6.0,2.0,<5jt
547985,Fabiano Parisi,26.0,Defender,Left-Back,Associazione Calcio Fiorentina,Serie A,6000000.0,6.0,3.0,3.0,6.0,2857.0,54.0,1.0,5-10jt
548111,Álex Baena,25.0,Attack,Left Winger,Club Atlético de Madrid S.A.D.,LaLiga,40000000.0,40.0,9.0,14.0,23.0,4996.0,80.0,0.575,20-40jt
548188,Germán Valera,24.0,Attack,Left Winger,Elche Club de Fútbol S.A.D.,LaLiga,6000000.0,6.0,4.0,5.0,9.0,3249.0,49.0,1.5,5-10jt
548254,Nathan Ngoy,23.0,Defender,Centre-Back,Lille Olympique Sporting Club,Ligue 1,25000000.0,25.0,2.0,2.0,4.0,3371.0,43.0,0.16,20-40jt
548347,Melvin Zinga,24.0,Goalkeeper,Goalkeeper,Angers Sporting Club de l'Ouest,Ligue 1,300000.0,0.3,0.0,0.0,0.0,311.0,4.0,0.0,<5jt
548729,Zeki Amdouni,26.0,Attack,Centre-Forward,Burnley Football Club,Premier League,7000000.0,7.0,8.0,3.0,11.0,1210.0,41.0,1.5714285714285714,5-10jt
549027,Martim Neto,23.0,Midfield,Central Midfield,Elche Club de Fútbol S.A.D.,LaLiga,4000000.0,4.0,5.0,6.0,11.0,2905.0,53.0,2.75,<5jt
549378,Sander Tangvik,24.0,Goalkeeper,Goalkeeper,Hamburger Sport Verein,Bundesliga,3000000.0,3.0,0.0,0.0,0.0,630.0,7.0,0.0,<5jt
550106,Matteo Cancellieri,24.0,Attack,Right Winger,Società Sportiva Lazio S.p.A.,Serie A,7000000.0,7.0,8.0,3.0,11.0,3360.0,62.0,1.5714285714285714,5-10jt
550108,Nicola Zalewski,24.0,Midfield,Left Midfield,Atalanta Bergamasca Calcio S.p.a.,Serie A,20000000.0,20.0,3.0,10.0,13.0,4001.0,77.0,0.65,10-20jt
550550,Gonçalo Ramos,25.0,Attack,Centre-Forward,Paris Saint-Germain Football Club,Ligue 1,30000000.0,30.0,24.0,5.0,29.0,2962.0,82.0,0.9666666666666667,20-40jt
550580,Shuto Machino,27.0,Attack,Centre-Forward,Borussia Verein für Leibesübungen 1900 Mönchengladbach,Bundesliga,4000000.0,4.0,16.0,4.0,20.0,3365.0,68.0,5.0,<5jt
551182,Fran Vieites,27.0,Goalkeeper,Goalkeeper,Real Betis Balompié S.A.D.,LaLiga,500000.0,0.5,0.0,0.0,0.0,810.0,9.0,0.0,<5jt
551505,Mousa Tamari,29.0,Attack,Right Winger,Stade Rennais Football Club,Ligue 1,10000000.0,10.0,9.0,10.0,19.0,3914.0,59.0,1.9,5-10jt
552057,Adam Hlozek,24.0,Attack,Centre-Forward,Turn- und Sportgemeinschaft 1899 Hoffenheim Fußball-Spielbetriebs,Bundesliga,10000000.0,10.0,11.0,3.0,14.0,2575.0,43.0,1.4,5-10jt
552223,Filip Stanković,24.0,Goalkeeper,Goalkeeper,Venezia FC,Serie A,5000000.0,5.0,0.0,0.0,0.0,1368.0,16.0,0.0,<5jt
552425,Jon Moncayola,28.0,Midfield,Central Midfield,Club Atlético Osasuna,LaLiga,7000000.0,7.0,1.0,4.0,5.0,5564.0,74.0,0.7142857142857143,5-10jt
552472,Nahuel Estévez,31.0,Midfield,Defensive Midfield,Parma Calcio 1913,Serie A,1400000.0,1.4,0.0,1.0,1.0,1914.0,50.0,0.7142857142857143,<5jt
552955,Santiago Gimenez,25.0,Attack,Centre-Forward,Associazione Calcio Milan,Serie A,18000000.0,18.0,23.0,9.0,32.0,3147.0,56.0,1.7777777777777777,10-20jt
553285,Tim Lemperle,24.0,Attack,Centre-Forward,Turn- und Sportgemeinschaft 1899 Hoffenheim Fußball-Spielbetriebs,Bundesliga,17000000.0,17.0,8.0,2.0,10.0,2112.0,31.0,0.5882352941176471,10-20jt
553875,Pedro Porro,27.0,Defender,Right-Back,Tottenham Hotspur Football Club,Premier League,35000000.0,35.0,6.0,15.0,21.0,7840.0,95.0,0.6,20-40jt
555076,Romain Faivre,28.0,Midfield,Attacking Midfield,Association de la Jeunesse auxerroise,Ligue 1,4000000.0,4.0,3.0,4.0,7.0,1790.0,38.0,1.75,<5jt
555106,Filip Marchwinski,24.0,Midfield,Attacking Midfield,Unione Sportiva Lecce,Serie A,1500000.0,1.5,0.0,0.0,0.0,106.0,3.0,0.0,<5jt
555143,Arsen Zakharyan,23.0,Midfield,Attacking Midfield,Real Sociedad de Fútbol S.A.D.,LaLiga,9000000.0,9.0,2.0,1.0,3.0,842.0,26.0,0.3333333333333333,5-10jt
555500,Jorge Herrando,25.0,Defender,Centre-Back,Club Atlético Osasuna,LaLiga,3500000.0,3.5,2.0,2.0,4.0,3712.0,56.0,1.1428571428571428,<5jt
555820,Martín Payero,28.0,Midfield,Central Midfield,Unione Sportiva Cremonese S.p.A.,Serie A,5000000.0,5.0,2.0,2.0,4.0,3041.0,53.0,0.8,<5jt
556385,Destiny Udogie,24.0,Defender,Left-Back,Tottenham Hotspur Football Club,Premier League,30000000.0,30.0,0.0,2.0,2.0,4369.0,62.0,0.06666666666666667,20-40jt
557057,Roger Brugué,30.0,Attack,Left Winger,Levante Unión Deportiva S.A.D.,LaLiga,2000000.0,2.0,1.0,2.0,3.0,1093.0,20.0,1.5,<5jt
557147,José Gragera,26.0,Midfield,Central Midfield,Reial Club Deportiu Espanyol de Barcelona S.A.D.,LaLiga,1500000.0,1.5,0.0,0.0,0.0,569.0,10.0,0.0,<5jt
557149,Kang-in Lee,25.0,Midfield,Attacking Midfield,Paris Saint-Germain Football Club,Ligue 1,28000000.0,28.0,11.0,11.0,22.0,4065.0,84.0,0.7857142857142857,20-40jt
557407,Devyne Rensch,23.0,Defender,Right-Back,Associazione Sportiva Roma,Serie A,8500000.0,8.5,2.0,7.0,9.0,4474.0,76.0,1.0588235294117647,5-10jt
557459,Micky van de Ven,25.0,Defender,Centre-Back,Tottenham Hotspur Football Club,Premier League,50000000.0,50.0,7.0,3.0,10.0,5607.0,66.0,0.2,>40jt
557612,Sékou Mara,24.0,Attack,Centre-Forward,Association de la Jeunesse auxerroise,Ligue 1,4000000.0,4.0,4.0,3.0,7.0,1988.0,52.0,1.75,<5jt
557613,Quentin Merlin,24.0,Defender,Left-Back,Stade Rennais Football Club,Ligue 1,15000000.0,15.0,2.0,9.0,11.0,4130.0,60.0,0.7333333333333333,10-20jt
559130,Harrison Ashby,25.0,Defender,Right-Back,Newcastle United Football Club,Premier League,1200000.0,1.2,0.0,0.0,0.0,90.0,1.0,0.0,<5jt
559263,Fábio Carvalho,24.0,Midfield,Attacking Midfield,Brentford Football Club,Premier League,8000000.0,8.0,5.0,2.0,7.0,989.0,30.0,0.875,5-10jt
559328,Emmanuel Emegha,23.0,Attack,Centre-Forward,Racing Club de Strasbourg Alsace,Ligue 1,25000000.0,25.0,20.0,5.0,25.0,2904.0,39.0,1.0,20-40jt
559794,Jack Clarke,26.0,Attack,Left Winger,Ipswich Town,Premier League,15000000.0,15.0,3.0,6.0,9.0,1481.0,36.0,0.6,10-20jt
559979,Abdel Abqar,27.0,Defender,Centre-Back,Getafe Club de Fútbol S. A. D. Team Dubai,LaLiga,3500000.0,3.5,0.0,3.0,3.0,3974.0,54.0,0.8571428571428571,<5jt
560417,Alemão,28.0,Attack,Centre-Forward,Rayo Vallecano de Madrid S. A. D.,LaLiga,4000000.0,4.0,4.0,0.0,4.0,1140.0,27.0,1.0,<5jt
560483,Randy Nteka,29.0,Midfield,Attacking Midfield,Rayo Vallecano de Madrid S. A. D.,LaLiga,1000000.0,1.0,6.0,0.0,6.0,1941.0,46.0,6.0,<5jt
560593,Hicham Boudaoui,27.0,Midfield,Central Midfield,Olympique Gymnaste Club Nice Côte d'Azur,Ligue 1,12000000.0,12.0,3.0,7.0,10.0,5034.0,67.0,0.8333333333333334,10-20jt
560705,Álex Sancris,29.0,Attack,Right Winger,Getafe Club de Fútbol S. A. D. Team Dubai,LaLiga,1500000.0,1.5,1.0,2.0,3.0,905.0,21.0,2.0,<5jt
561613,Joan García,25.0,Goalkeeper,Goalkeeper,Futbol Club Barcelona,LaLiga,45000000.0,45.0,0.0,0.0,0.0,7462.0,83.0,0.0,>40jt
562049,Edoardo Bove,24.0,Midfield,Central Midfield,Associazione Calcio Fiorentina,Serie A,5000000.0,5.0,1.0,3.0,4.0,946.0,13.0,0.8,<5jt
562742,Leo Román,26.0,Goalkeeper,Goalkeeper,Real Club Deportivo Mallorca S.A.D.,LaLiga,6000000.0,6.0,0.0,0.0,0.0,3690.0,41.0,0.0,5-10jt
563137,Robert Navarro,24.0,Attack,Right Winger,Athletic Club Bilbao,LaLiga,6000000.0,6.0,9.0,3.0,12.0,3521.0,70.0,2.0,5-10jt
563963,Mohammed Salisu,27.0,Defender,Centre-Back,Association sportive de Monaco Football Club,Ligue 1,10000000.0,10.0,3.0,0.0,3.0,3111.0,39.0,0.3,5-10jt
564305,Michel Adopo,26.0,Midfield,Central Midfield,Cagliari Calcio,Serie A,7000000.0,7.0,2.0,5.0,7.0,5805.0,79.0,1.0,5-10jt
564529,Victor Kristiansen,24.0,Defender,Left-Back,Leicester City,Premier League,9000000.0,9.0,0.0,1.0,1.0,2646.0,32.0,0.1111111111111111,5-10jt
564545,Edmond Tapsoba,27.0,Defender,Centre-Back,Bayer 04 Leverkusen Fußball,Bundesliga,35000000.0,35.0,6.0,5.0,11.0,7904.0,92.0,0.3142857142857143,20-40jt
564785,Kristian Thorstvedt,27.0,Midfield,Central Midfield,Unione Sportiva Sassuolo Calcio,Serie A,12000000.0,12.0,4.0,4.0,8.0,2569.0,34.0,0.6666666666666666,10-20jt
565093,Bart Verbruggen,24.0,Goalkeeper,Goalkeeper,Brighton and Hove Albion Football Club,Premier League,40000000.0,40.0,0.0,1.0,1.0,7080.0,78.0,0.025,20-40jt
565424,Johan Bakayoko,23.0,Attack,Right Winger,RasenBallsport Leipzig,Bundesliga,20000000.0,20.0,15.0,3.0,18.0,3648.0,68.0,0.9,10-20jt
565821,Mika Biereth,23.0,Attack,Centre-Forward,Association sportive de Monaco Football Club,Ligue 1,15000000.0,15.0,17.0,4.0,21.0,2982.0,64.0,1.4,10-20jt
565822,Harvey Elliott,23.0,Midfield,Attacking Midfield,Aston Villa Football Club,Premier League,20000000.0,20.0,5.0,2.0,7.0,991.0,36.0,0.35,10-20jt
566025,Mohamed Abdelmonem,27.0,Defender,Centre-Back,Olympique Gymnaste Club Nice Côte d'Azur,Ligue 1,2500000.0,2.5,0.0,0.0,0.0,1215.0,16.0,0.0,<5jt
566574,Kirian Rodríguez,30.0,Midfield,Attacking Midfield,UD Las Palmas,LaLiga,1000000.0,1.0,0.0,3.0,3.0,1922.0,23.0,3.0,<5jt
566613,Bjarki Bjarkason,26.0,Midfield,Left Midfield,Venezia FC,Serie A,700000.0,0.7,0.0,0.0,0.0,249.0,10.0,0.0,<5jt
566615,Mikael Egill Ellertsson,24.0,Midfield,Central Midfield,Genoa Cricket and Football Club,Serie A,6000000.0,6.0,3.0,4.0,7.0,5338.0,73.0,1.1666666666666667,5-10jt
566723,Michael Olise,25.0,Attack,Right Winger,FC Bayern München,Bundesliga,150000000.0,150.0,42.0,53.0,95.0,7767.0,106.0,0.6333333333333333,>40jt
566799,James Trafford,24.0,Goalkeeper,Goalkeeper,Manchester City Football Club,Premier League,25000000.0,25.0,0.0,0.0,0.0,1440.0,16.0,0.0,20-40jt
566931,Xavi Simons,23.0,Midfield,Attacking Midfield,Tottenham Hotspur Football Club,Premier League,40000000.0,40.0,17.0,15.0,32.0,5512.0,76.0,0.8,20-40jt
567129,Josh Doig,24.0,Defender,Left-Back,Unione Sportiva Sassuolo Calcio,Serie A,4500000.0,4.5,1.0,0.0,1.0,2084.0,32.0,0.2222222222222222,<5jt
567576,Elliot Anderson,24.0,Midfield,Central Midfield,Nottingham Forest Football Club,Premier League,75000000.0,75.0,6.0,11.0,17.0,7291.0,92.0,0.22666666666666666,>40jt
567597,Odeluga Offiah,24.0,Defender,Centre-Back,Brighton and Hove Albion Football Club,Premier League,1800000.0,1.8,0.0,0.0,0.0,168.0,3.0,0.0,<5jt
568005,Jeremy Sarmiento,24.0,Attack,Left Winger,Brighton and Hove Albion Football Club,Premier League,5000000.0,5.0,1.0,0.0,1.0,238.0,4.0,0.2,<5jt
568006,Dennis Cirkin,24.0,Defender,Left-Back,Sunderland Association Football Club,Premier League,6000000.0,6.0,0.0,1.0,1.0,530.0,10.0,0.16666666666666666,5-10jt
568157,Yéremy Pino,24.0,Attack,Right Winger,Crystal Palace Football Club,Premier League,30000000.0,30.0,8.0,14.0,22.0,4603.0,75.0,0.7333333333333333,20-40jt
568158,Javi López,24.0,Defender,Left-Back,Real Oviedo S.A.D.,LaLiga,5000000.0,5.0,0.0,1.0,1.0,4266.0,65.0,0.2,<5jt
568177,Cole Palmer,24.0,Midfield,Attacking Midfield,Chelsea Football Club,Premier League,100000000.0,100.0,29.0,14.0,43.0,6249.0,79.0,0.43,>40jt
568333,Adam Obert,24.0,Defender,Left-Back,Cagliari Calcio,Serie A,7000000.0,7.0,1.0,4.0,5.0,4134.0,60.0,0.7142857142857143,5-10jt
568559,Radu Drăgușin,24.0,Defender,Centre-Back,Tottenham Hotspur Football Club,Premier League,16000000.0,16.0,0.0,0.0,0.0,2402.0,35.0,0.0,10-20jt
568617,Răzvan Sava,24.0,Goalkeeper,Goalkeeper,Udinese Calcio,Serie A,2500000.0,2.5,0.0,0.0,0.0,2419.0,27.0,0.0,<5jt
568693,Pape Matar Sarr,24.0,Midfield,Central Midfield,Tottenham Hotspur Football Club,Premier League,30000000.0,30.0,7.0,7.0,14.0,4936.0,89.0,0.4666666666666667,20-40jt
568698,Issa Soumaré,26.0,Attack,Left Winger,Le Havre Athletic Club,Ligue 1,8000000.0,8.0,13.0,9.0,22.0,4853.0,63.0,2.75,5-10jt
568728,Pape Sy,29.0,Goalkeeper,Goalkeeper,Football Club de Metz,Ligue 1,600000.0,0.6,0.0,0.0,0.0,707.0,8.0,0.0,<5jt
568835,Pablo Martínez,28.0,Midfield,Central Midfield,Levante Unión Deportiva S.A.D.,LaLiga,3000000.0,3.0,1.0,5.0,6.0,1959.0,29.0,2.0,<5jt
569031,Umut Tohumcu,22.0,Midfield,Central Midfield,Turn- und Sportgemeinschaft 1899 Hoffenheim Fußball-Spielbetriebs,Bundesliga,5000000.0,5.0,1.0,2.0,3.0,719.0,18.0,0.6,<5jt
569033,Armindo Sieb,23.0,Attack,Second Striker,1. Fußball- und Sportverein Mainz 05,Bundesliga,2500000.0,2.5,4.0,3.0,7.0,1611.0,55.0,2.8,<5jt
569140,Lassine Sinayoko,27.0,Attack,Centre-Forward,Association de la Jeunesse auxerroise,Ligue 1,10000000.0,10.0,20.0,13.0,33.0,5539.0,71.0,3.3,5-10jt
569383,Chrislain Matsima,24.0,Defender,Centre-Back,Fußball-Club Augsburg 1907,Bundesliga,22000000.0,22.0,2.0,2.0,4.0,4511.0,53.0,0.18181818181818182,20-40jt
569384,Lucien Agoumé,24.0,Midfield,Defensive Midfield,Sevilla Fútbol Club S.A.D.,LaLiga,15000000.0,15.0,2.0,7.0,9.0,5175.0,74.0,0.6,10-20jt
569387,Valentin Gendrey,26.0,Defender,Right-Back,Turn- und Sportgemeinschaft 1899 Hoffenheim Fußball-Spielbetriebs,Bundesliga,6000000.0,6.0,3.0,4.0,7.0,2311.0,40.0,1.1666666666666667,5-10jt
569389,Sofiane Diop,26.0,Attack,Left Winger,Olympique Gymnaste Club Nice Côte d'Azur,Ligue 1,15000000.0,15.0,14.0,9.0,23.0,3873.0,75.0,1.5333333333333334,10-20jt
569457,Tim Breithaupt,24.0,Midfield,Defensive Midfield,Fußball-Club Augsburg 1907,Bundesliga,2000000.0,2.0,0.0,1.0,1.0,188.0,3.0,0.5,<5jt
569598,Youssouf Fofana,27.0,Midfield,Defensive Midfield,Associazione Calcio Milan,Serie A,23000000.0,23.0,3.0,13.0,16.0,6263.0,88.0,0.6956521739130435,20-40jt
569663,Mathias Kvistgaarden,24.0,Attack,Centre-Forward,Norwich City,Premier League,6000000.0,6.0,17.0,6.0,23.0,2070.0,32.0,3.8333333333333335,5-10jt
569845,Charles Vanhoutte,28.0,Midfield,Defensive Midfield,Olympique Gymnaste Club Nice Côte d'Azur,Ligue 1,7000000.0,7.0,2.0,9.0,11.0,5786.0,74.0,1.5714285714285714,5-10jt
569866,Roberto López,26.0,Midfield,Attacking Midfield,CD Leganés,LaLiga,1000000.0,1.0,0.0,1.0,1.0,655.0,17.0,1.0,<5jt
569939,Tommaso Barbieri,24.0,Defender,Right-Back,Unione Sportiva Cremonese S.p.A.,Serie A,3800000.0,3.8,0.0,1.0,1.0,1704.0,29.0,0.2631578947368421,<5jt
571020,Oihan Sancet,26.0,Midfield,Attacking Midfield,Athletic Club Bilbao,LaLiga,25000000.0,25.0,23.0,4.0,27.0,4528.0,74.0,1.08,20-40jt
571271,Ivan Smolcic,26.0,Defender,Right-Back,Calcio Como,Serie A,3500000.0,3.5,0.0,2.0,2.0,2846.0,46.0,0.5714285714285714,<5jt
571310,Valgeir Lunddal,25.0,Defender,Right-Back,Fortuna Düsseldorf,Bundesliga,900000.0,0.9,0.0,1.0,1.0,45.0,1.0,1.1111111111111112,<5jt
571604,Giorgio Scalvini,23.0,Defender,Centre-Back,Atalanta Bergamasca Calcio S.p.a.,Serie A,38000000.0,38.0,4.0,1.0,5.0,2766.0,40.0,0.13157894736842105,20-40jt
571607,Fabio Miretti,23.0,Midfield,Central Midfield,Juventus Football Club,Serie A,15000000.0,15.0,4.0,6.0,10.0,2667.0,58.0,0.6666666666666666,10-20jt
571743,Armando Broja,25.0,Attack,Centre-Forward,Burnley Football Club,Premier League,5000000.0,5.0,1.0,2.0,3.0,1343.0,37.0,0.6,<5jt
572265,Lorenzo Lucca,26.0,Attack,Centre-Forward,Nottingham Forest Football Club,Premier League,20000000.0,20.0,17.0,3.0,20.0,3621.0,69.0,1.0,10-20jt
573775,Hugo Duro,27.0,Attack,Centre-Forward,Valencia Club de Fútbol S. A. D.,LaLiga,12000000.0,12.0,22.0,4.0,26.0,4444.0,74.0,2.1666666666666665,10-20jt
574201,Grant-Leon Ranos,23.0,Attack,Centre-Forward,Eintracht Braunschweig,Bundesliga,600000.0,0.6,1.0,0.0,1.0,134.0,12.0,1.6666666666666667,<5jt
574385,Mohamed Daramy,24.0,Attack,Left Winger,Stade Reims,Ligue 1,3000000.0,3.0,0.0,0.0,0.0,14.0,2.0,0.0,<5jt
574671,Strahinja Pavlović,25.0,Defender,Centre-Back,Associazione Calcio Milan,Serie A,40000000.0,40.0,7.0,3.0,10.0,5984.0,73.0,0.25,20-40jt
575319,Kandet Diawara,26.0,Attack,Left Winger,Le Havre Athletic Club,Ligue 1,400000.0,0.4,0.0,0.0,0.0,3.0,1.0,0.0,<5jt
575998,Leonardo Balerdi,27.0,Defender,Centre-Back,Olympique de Marseille,Ligue 1,18000000.0,18.0,0.0,1.0,1.0,4859.0,60.0,0.05555555555555555,10-20jt
576024,Julián Alvarez,26.0,Attack,Centre-Forward,Club Atlético de Madrid S.A.D.,LaLiga,100000000.0,100.0,49.0,17.0,66.0,7550.0,107.0,0.66,>40jt
576028,Thiago Almada,25.0,Attack,Left Winger,Club Atlético de Madrid S.A.D.,LaLiga,15000000.0,15.0,6.0,7.0,13.0,2914.0,60.0,0.8666666666666667,10-20jt
576314,Jan Paul van Hecke,26.0,Defender,Centre-Back,Brighton and Hove Albion Football Club,Premier League,45000000.0,45.0,4.0,4.0,8.0,6792.0,78.0,0.17777777777777778,>40jt
578391,Rayan Aït-Nouri,25.0,Defender,Left-Back,Manchester City Football Club,Premier League,40000000.0,40.0,5.0,14.0,19.0,5653.0,77.0,0.475,20-40jt
578392,Maximilian Beier,24.0,Attack,Centre-Forward,Borussia Dortmund,Bundesliga,40000000.0,40.0,20.0,16.0,36.0,5159.0,90.0,0.9,20-40jt
578419,Federico Viñas,28.0,Attack,Centre-Forward,Real Oviedo S.A.D.,LaLiga,4000000.0,4.0,9.0,1.0,10.0,2507.0,34.0,2.5,<5jt
578421,Ruben Kluivert,25.0,Defender,Centre-Back,Olympique Lyonnais,Ligue 1,8000000.0,8.0,3.0,3.0,6.0,2438.0,43.0,0.75,5-10jt
578539,Chris Richards,26.0,Defender,Centre-Back,Crystal Palace Football Club,Premier League,28000000.0,28.0,3.0,1.0,4.0,5745.0,69.0,0.14285714285714285,20-40jt
579263,Augustine Boakye,26.0,Attack,Right Winger,AS Saint-Étienne,Ligue 1,4000000.0,4.0,3.0,0.0,3.0,732.0,17.0,0.75,<5jt
579287,Daniel Svensson,24.0,Defender,Left-Back,Borussia Dortmund,Bundesliga,22000000.0,22.0,6.0,8.0,14.0,6738.0,85.0,0.6363636363636364,20-40jt
579295,Melker Widell,24.0,Midfield,Central Midfield,Swansea City,Premier League,1800000.0,1.8,2.0,4.0,6.0,2153.0,28.0,3.333333333333333,<5jt
579459,Albian Hajdari,23.0,Defender,Centre-Back,Turn- und Sportgemeinschaft 1899 Hoffenheim Fußball-Spielbetriebs,Bundesliga,25000000.0,25.0,1.0,2.0,3.0,2583.0,32.0,0.12,20-40jt
579565,Ísak Jóhannesson,23.0,Midfield,Central Midfield,1. Fußball-Club Köln,Bundesliga,8000000.0,8.0,2.0,4.0,6.0,1981.0,33.0,0.75,5-10jt
579928,Sebastian Nanasi,24.0,Attack,Left Winger,Racing Club de Strasbourg Alsace,Ligue 1,15000000.0,15.0,16.0,7.0,23.0,3564.0,55.0,1.5333333333333334,10-20jt
579930,Armand Laurienté,28.0,Attack,Left Winger,Unione Sportiva Sassuolo Calcio,Serie A,19000000.0,19.0,7.0,9.0,16.0,2697.0,40.0,0.8421052631578947,10-20jt
580195,Jamal Musiala,23.0,Midfield,Attacking Midfield,FC Bayern München,Bundesliga,100000000.0,100.0,26.0,14.0,40.0,4086.0,67.0,0.4,>40jt
580451,Martin Baturina,23.0,Midfield,Attacking Midfield,Calcio Como,Serie A,30000000.0,30.0,10.0,6.0,16.0,2617.0,44.0,0.5333333333333333,20-40jt
580560,Jon Pacheco,25.0,Defender,Centre-Back,Deportivo Alavés S. A. D.,LaLiga,5000000.0,5.0,1.0,1.0,2.0,3534.0,48.0,0.4,<5jt
580657,Osame Sahraoui,25.0,Attack,Left Winger,Lille Olympique Sporting Club,Ligue 1,9000000.0,9.0,6.0,8.0,14.0,2557.0,66.0,1.5555555555555556,5-10jt
580809,Ed Turns,24.0,Defender,Centre-Back,Brighton and Hove Albion Football Club,Premier League,400000.0,0.4,0.0,0.0,0.0,87.0,1.0,0.0,<5jt
581326,Ville Koski,24.0,Defender,Centre-Back,Deportivo Alavés S. A. D.,LaLiga,1500000.0,1.5,0.0,0.0,0.0,281.0,5.0,0.0,<5jt
581330,Eiran Cashin,25.0,Defender,Centre-Back,Brighton and Hove Albion Football Club,Premier League,5000000.0,5.0,0.0,0.0,0.0,334.0,6.0,0.0,<5jt
581357,Jan Schöppner,27.0,Midfield,Central Midfield,1. Fußballclub Heidenheim 1846,Bundesliga,3000000.0,3.0,7.0,5.0,12.0,5218.0,67.0,4.0,<5jt
581669,CJ Egan-Riley,23.0,Defender,Centre-Back,Olympique de Marseille,Ligue 1,9000000.0,9.0,0.0,0.0,0.0,761.0,14.0,0.0,5-10jt
581672,Samuel Iling-Junior,23.0,Midfield,Left Midfield,Pisa Sporting Club,Serie A,6500000.0,6.5,2.0,0.0,2.0,745.0,22.0,0.3076923076923077,5-10jt
581678,Jude Bellingham,23.0,Midfield,Attacking Midfield,Real Madrid Club de Fútbol,LaLiga,130000000.0,130.0,23.0,21.0,44.0,7598.0,99.0,0.3384615384615385,>40jt
581781,Enzo Loiodice,26.0,Midfield,Central Midfield,UD Las Palmas,LaLiga,1200000.0,1.2,0.0,0.0,0.0,856.0,21.0,0.0,<5jt
582664,Álex Sala,25.0,Midfield,Central Midfield,Unione Sportiva Lecce,Serie A,1000000.0,1.0,0.0,1.0,1.0,161.0,9.0,1.0,<5jt
583046,Medon Berisha,23.0,Midfield,Central Midfield,Unione Sportiva Lecce,Serie A,5000000.0,5.0,2.0,4.0,6.0,1782.0,33.0,1.2,<5jt
583189,Anthony Elanga,24.0,Attack,Right Winger,Newcastle United Football Club,Premier League,32000000.0,32.0,9.0,14.0,23.0,4861.0,92.0,0.71875,20-40jt
583199,James McAtee,24.0,Midfield,Attacking Midfield,Nottingham Forest Football Club,Premier League,18000000.0,18.0,8.0,2.0,10.0,1774.0,51.0,0.5555555555555556,10-20jt
583255,Antoine Semenyo,26.0,Attack,Right Winger,Manchester City Football Club,Premier League,80000000.0,80.0,33.0,13.0,46.0,7342.0,89.0,0.575,>40jt
583404,Marcus Pedersen,26.0,Defender,Right-Back,Torino Calcio,Serie A,3500000.0,3.5,1.0,4.0,5.0,3798.0,64.0,1.4285714285714286,<5jt
583510,Miguel Rubio,28.0,Defender,Centre-Back,Reial Club Deportiu Espanyol de Barcelona S.A.D.,LaLiga,1500000.0,1.5,1.0,0.0,1.0,468.0,15.0,0.6666666666666666,<5jt
583699,Andrej Ilic,26.0,Attack,Centre-Forward,1. Fußballclub Union Berlin,Bundesliga,9000000.0,9.0,13.0,12.0,25.0,3358.0,51.0,2.7777777777777777,5-10jt
584254,Maximilian Breunig,26.0,Attack,Centre-Forward,1. Fußballclub Heidenheim 1846,Bundesliga,1000000.0,1.0,5.0,1.0,6.0,455.0,17.0,6.0,<5jt
584769,Dwight McNeil,27.0,Attack,Left Winger,Everton Football Club,Premier League,18000000.0,18.0,5.0,9.0,14.0,2887.0,47.0,0.7777777777777778,10-20jt
585323,Filip Jørgensen,24.0,Goalkeeper,Goalkeeper,Chelsea Football Club,Premier League,15000000.0,15.0,0.0,0.0,0.0,1863.0,22.0,0.0,10-20jt
585550,Gavin Bazunu,24.0,Goalkeeper,Goalkeeper,Southampton FC,Premier League,8000000.0,8.0,0.0,0.0,0.0,540.0,6.0,0.0,5-10jt
585700,Juan Cruz,26.0,Attack,Left Winger,CD Leganés,LaLiga,3000000.0,3.0,8.0,5.0,13.0,2638.0,39.0,4.333333333333333,<5jt
585769,George Campbell,25.0,Defender,Centre-Back,West Bromwich Albion,Premier League,2000000.0,2.0,0.0,0.0,0.0,133.0,2.0,0.0,<5jt
585949,Pierre Kalulu,26.0,Defender,Centre-Back,Juventus Football Club,Serie A,32000000.0,32.0,3.0,8.0,11.0,7902.0,92.0,0.34375,20-40jt
585959,Arnaud Kalimuendo,24.0,Attack,Centre-Forward,Eintracht Frankfurt Fußball AG,Bundesliga,25000000.0,25.0,25.0,5.0,30.0,4404.0,66.0,1.2,20-40jt
585973,Johann Lepenant,24.0,Midfield,Defensive Midfield,Football Club de Nantes,Ligue 1,7000000.0,7.0,2.0,2.0,4.0,4229.0,56.0,0.5714285714285714,5-10jt
585982,Carlos Augusto,27.0,Defender,Left-Back,Football Club Internazionale Milano S.p.A.,Serie A,23000000.0,23.0,5.0,9.0,14.0,5330.0,96.0,0.6086956521739131,20-40jt
586834,Jesurun Rak-Sakyi,24.0,Attack,Right Winger,Crystal Palace Football Club,Premier League,6000000.0,6.0,4.0,1.0,5.0,829.0,12.0,0.8333333333333334,5-10jt
586853,Vitinha,26.0,Attack,Centre-Forward,Genoa Cricket and Football Club,Serie A,8000000.0,8.0,8.0,5.0,13.0,3824.0,64.0,1.625,5-10jt
586984,Daniel Oyegoke,23.0,Defender,Right-Back,Verona Hellas Football Club,Serie A,1000000.0,1.0,1.0,0.0,1.0,2078.0,42.0,1.0,<5jt
587002,Myles Peart-Harris,24.0,Midfield,Attacking Midfield,Brentford Football Club,Premier League,900000.0,0.9,0.0,0.0,0.0,96.0,2.0,0.0,<5jt
587019,Fin Stevens,23.0,Defender,Right-Back,Fußball-Club St. Pauli von 1910,Bundesliga,500000.0,0.5,0.0,0.0,0.0,98.0,3.0,0.0,<5jt
587222,Aune Heggebø,25.0,Attack,Centre-Forward,West Bromwich Albion,Premier League,7000000.0,7.0,1.0,0.0,1.0,122.0,2.0,0.14285714285714285,5-10jt
588426,Saúl Coco,27.0,Defender,Centre-Back,Torino Calcio,Serie A,7500000.0,7.5,3.0,1.0,4.0,6829.0,77.0,0.5333333333333333,5-10jt
590690,Víctor García,29.0,Defender,Right-Back,Levante Unión Deportiva S.A.D.,LaLiga,1500000.0,1.5,2.0,2.0,4.0,1220.0,23.0,2.6666666666666665,<5jt
591193,Niels Nkounkou,26.0,Defender,Left-Back,Torino Calcio,Serie A,2600000.0,2.6,0.0,1.0,1.0,1479.0,37.0,0.3846153846153846,<5jt
591916,Aitor Paredes,26.0,Defender,Centre-Back,Athletic Club Bilbao,LaLiga,7500000.0,7.5,6.0,2.0,8.0,5474.0,67.0,1.0666666666666667,5-10jt
591949,Aaron Hickey,24.0,Defender,Right-Back,Brentford Football Club,Premier League,16000000.0,16.0,1.0,0.0,1.0,1018.0,26.0,0.0625,10-20jt
591957,Victor Parada,24.0,Defender,Left-Back,Deportivo Alavés S. A. D.,LaLiga,4000000.0,4.0,0.0,3.0,3.0,2291.0,33.0,0.75,<5jt
592387,Sebastian Sebulonsen,26.0,Defender,Right-Back,1. Fußball-Club Köln,Bundesliga,5500000.0,5.5,1.0,7.0,8.0,4607.0,61.0,1.4545454545454546,5-10jt
592534,Nicolai Remberg,26.0,Midfield,Defensive Midfield,Hamburger Sport Verein,Bundesliga,9000000.0,9.0,0.0,4.0,4.0,5477.0,67.0,0.4444444444444444,5-10jt
592878,Adam Markhiev,24.0,Midfield,Defensive Midfield,1.FC Nuremberg,Bundesliga,4000000.0,4.0,0.0,0.0,0.0,219.0,3.0,0.0,<5jt
592975,Woyo Coulibaly,27.0,Defender,Right-Back,Unione Sportiva Sassuolo Calcio,Serie A,2000000.0,2.0,0.0,2.0,2.0,2659.0,44.0,1.0,<5jt
592979,Himad Abdelli,27.0,Midfield,Attacking Midfield,Olympique de Marseille,Ligue 1,5000000.0,5.0,8.0,1.0,9.0,4103.0,57.0,1.8,<5jt
593412,Ilyas Chaira,25.0,Attack,Left Winger,Real Oviedo S.A.D.,LaLiga,4000000.0,4.0,6.0,2.0,8.0,2482.0,37.0,2.0,<5jt
593482,Azzedine Ounahi,26.0,Midfield,Central Midfield,Girona Fútbol Club S. A. D.,LaLiga,10000000.0,10.0,8.0,8.0,16.0,3331.0,49.0,1.6,5-10jt
594731,Fabio Gruber,24.0,Defender,Centre-Back,1.FC Nuremberg,Bundesliga,3000000.0,3.0,0.0,0.0,0.0,120.0,1.0,0.0,<5jt
595650,Nikola Stulic,25.0,Attack,Centre-Forward,Unione Sportiva Lecce,Serie A,3500000.0,3.5,15.0,0.0,15.0,3585.0,57.0,4.285714285714286,<5jt
595809,Beto,28.0,Attack,Centre-Forward,Everton Football Club,Premier League,18000000.0,18.0,20.0,1.0,21.0,3535.0,73.0,1.1666666666666667,10-20jt
596122,Pep Chavarría,28.0,Defender,Left-Back,Rayo Vallecano de Madrid S. A. D.,LaLiga,10000000.0,10.0,1.0,3.0,4.0,5492.0,73.0,0.4,5-10jt
596153,Justin Njinmah,26.0,Attack,Right Winger,Sportverein Werder Bremen von 1899,Bundesliga,5000000.0,5.0,8.0,4.0,12.0,3114.0,64.0,2.4,<5jt
596446,Leif Davis,26.0,Defender,Left-Back,Ipswich Town,Premier League,20000000.0,20.0,1.0,3.0,4.0,2746.0,33.0,0.2,10-20jt
596821,Scott Banks,25.0,Attack,Right Winger,Fußball-Club St. Pauli von 1910,Bundesliga,300000.0,0.3,0.0,0.0,0.0,106.0,12.0,0.0,<5jt
597000,Eric Martel,24.0,Midfield,Defensive Midfield,1. Fußball-Club Köln,Bundesliga,8000000.0,8.0,3.0,2.0,5.0,2744.0,33.0,0.625,5-10jt
597432,Leopold Querfeld,23.0,Defender,Centre-Back,1. Fußballclub Union Berlin,Bundesliga,20000000.0,20.0,9.0,2.0,11.0,4836.0,62.0,0.55,10-20jt
597659,Charlie Cresswell,24.0,Defender,Centre-Back,Toulouse Football Club,Ligue 1,25000000.0,25.0,6.0,3.0,9.0,5126.0,60.0,0.36,20-40jt
598577,Florian Wirtz,23.0,Midfield,Attacking Midfield,Liverpool Football Club,Premier League,100000000.0,100.0,23.0,25.0,48.0,6986.0,95.0,0.48,>40jt
599231,Ferran Jutglà,27.0,Attack,Right Winger,Real Club Celta de Vigo S. A. D.,LaLiga,10000000.0,10.0,20.0,7.0,27.0,4322.0,84.0,2.7,5-10jt
599419,Max Rosenfelder,23.0,Defender,Centre-Back,Sport-Club Freiburg,Bundesliga,6000000.0,6.0,1.0,0.0,1.0,2264.0,46.0,0.16666666666666666,5-10jt
599663,Faris Moumbagna,26.0,Attack,Centre-Forward,Unione Sportiva Cremonese S.p.A.,Serie A,3500000.0,3.5,0.0,0.0,0.0,96.0,6.0,0.0,<5jt
599733,Arkadiusz Pyrka,24.0,Defender,Right-Back,Fußball-Club St. Pauli von 1910,Bundesliga,3500000.0,3.5,0.0,1.0,1.0,2887.0,35.0,0.2857142857142857,<5jt
600041,Mattia Felici,25.0,Attack,Left Winger,Cagliari Calcio,Serie A,2500000.0,2.5,3.0,5.0,8.0,1469.0,36.0,3.2,<5jt
600936,Luca Moro,25.0,Attack,Centre-Forward,Unione Sportiva Sassuolo Calcio,Serie A,1800000.0,1.8,0.0,0.0,0.0,221.0,15.0,0.0,<5jt
601143,Nikolas Veratschnig,23.0,Midfield,Right Midfield,1. Fußball- und Sportverein Mainz 05,Bundesliga,2500000.0,2.5,0.0,1.0,1.0,1080.0,39.0,0.4,<5jt
601883,Matheus Nunes,28.0,Defender,Right-Back,Manchester City Football Club,Premier League,50000000.0,50.0,3.0,20.0,23.0,6659.0,89.0,0.46,>40jt
602105,Antony,26.0,Attack,Right Winger,Real Betis Balompié S.A.D.,LaLiga,40000000.0,40.0,19.0,12.0,31.0,5124.0,75.0,0.775,20-40jt
603675,Francesco Folino,24.0,Defender,Centre-Back,Unione Sportiva Cremonese S.p.A.,Serie A,800000.0,0.8,1.0,0.0,1.0,712.0,18.0,1.25,<5jt
603696,Alberto Reina,29.0,Midfield,Central Midfield,Real Oviedo S.A.D.,LaLiga,2000000.0,2.0,4.0,1.0,5.0,2536.0,38.0,2.5,<5jt
603940,Marvin Park,26.0,Defender,Right-Back,UD Las Palmas,LaLiga,1200000.0,1.2,0.0,0.0,0.0,1182.0,25.0,0.0,<5jt
604113,Jamil Siebert,24.0,Defender,Centre-Back,Unione Sportiva Lecce,Serie A,4500000.0,4.5,1.0,0.0,1.0,1808.0,23.0,0.2222222222222222,<5jt
604207,Filippo Rinaldi,24.0,Goalkeeper,Goalkeeper,Parma Calcio 1913,Serie A,600000.0,0.6,0.0,0.0,0.0,90.0,1.0,0.0,<5jt
605184,Jean-Clair Todibo,26.0,Defender,Centre-Back,West Ham United Football Club,Premier League,22000000.0,22.0,0.0,1.0,1.0,3903.0,53.0,0.045454545454545456,20-40jt
605265,Louis Oppie,24.0,Defender,Left-Back,Fußball-Club St. Pauli von 1910,Bundesliga,2500000.0,2.5,2.0,0.0,2.0,1991.0,27.0,0.8,<5jt
605268,Igor Matanovic,23.0,Attack,Centre-Forward,Sport-Club Freiburg,Bundesliga,22000000.0,22.0,17.0,5.0,22.0,3219.0,74.0,1.0,20-40jt
605426,Melker Ellborg,23.0,Goalkeeper,Goalkeeper,Sunderland Association Football Club,Premier League,3000000.0,3.0,0.0,0.0,0.0,990.0,11.0,0.0,<5jt
606718,Toti,27.0,Defender,Centre-Back,Wolverhampton Wanderers Football Club,Premier League,18000000.0,18.0,0.0,1.0,1.0,4454.0,56.0,0.05555555555555555,10-20jt
607034,Akor Adams,26.0,Attack,Centre-Forward,Sevilla Fútbol Club S.A.D.,LaLiga,15000000.0,15.0,15.0,9.0,24.0,3861.0,59.0,1.6,10-20jt
607223,Rayan Cherki,23.0,Midfield,Attacking Midfield,Manchester City Football Club,Premier League,90000000.0,90.0,23.0,35.0,58.0,5892.0,97.0,0.6444444444444445,>40jt
607224,Hannibal,23.0,Midfield,Attacking Midfield,Burnley Football Club,Premier League,15000000.0,15.0,1.0,4.0,5.0,1369.0,30.0,0.3333333333333333,10-20jt
607226,Loum Tchaouna,23.0,Attack,Right Winger,Burnley Football Club,Premier League,13000000.0,13.0,5.0,2.0,7.0,2942.0,70.0,0.5384615384615384,10-20jt
607720,Jonas Urbig,23.0,Goalkeeper,Goalkeeper,FC Bayern München,Bundesliga,18000000.0,18.0,0.0,0.0,0.0,2702.0,32.0,0.0,10-20jt
607854,Éderson,27.0,Midfield,Central Midfield,Atalanta Bergamasca Calcio S.p.a.,Serie A,45000000.0,45.0,8.0,4.0,12.0,7098.0,91.0,0.26666666666666666,>40jt
608172,Ardon Jashari,24.0,Midfield,Defensive Midfield,Associazione Calcio Milan,Serie A,25000000.0,25.0,2.0,5.0,7.0,3716.0,53.0,0.28,20-40jt
608382,Adrián Rodríguez,26.0,Goalkeeper,Goalkeeper,Deportivo Alavés S. A. D.,LaLiga,200000.0,0.2,0.0,0.0,0.0,121.0,2.0,0.0,<5jt
608832,Merlin Röhl,24.0,Midfield,Attacking Midfield,Everton Football Club,Premier League,16000000.0,16.0,1.0,1.0,2.0,1808.0,40.0,0.125,10-20jt
609556,William Osula,23.0,Attack,Centre-Forward,Newcastle United Football Club,Premier League,28000000.0,28.0,11.0,3.0,14.0,1536.0,51.0,0.5,20-40jt
610083,Unai Vencedor,26.0,Midfield,Central Midfield,Levante Unión Deportiva S.A.D.,LaLiga,1600000.0,1.6,0.0,0.0,0.0,993.0,19.0,0.0,<5jt
610190,Nediljko Labrovic,27.0,Goalkeeper,Goalkeeper,Fußball-Club Augsburg 1907,Bundesliga,2000000.0,2.0,0.0,0.0,0.0,1620.0,18.0,0.0,<5jt
610238,Pedro Ortiz,26.0,Midfield,Central Midfield,Sevilla Fútbol Club S.A.D.,LaLiga,600000.0,0.6,0.0,0.0,0.0,48.0,2.0,0.0,<5jt
610400,William Bøving,23.0,Attack,Centre-Forward,1. Fußball- und Sportverein Mainz 05,Bundesliga,3500000.0,3.5,0.0,3.0,3.0,1062.0,20.0,0.8571428571428571,<5jt
610442,Rasmus Højlund,23.0,Attack,Centre-Forward,Società Sportiva Calcio Napoli,Serie A,60000000.0,60.0,26.0,12.0,38.0,6892.0,95.0,0.6333333333333333,>40jt
610581,Ali Al-Hamadi,24.0,Attack,Centre-Forward,Luton Town,Premier League,1500000.0,1.5,1.0,1.0,2.0,394.0,15.0,1.3333333333333333,<5jt
610622,Urko Izeta,27.0,Attack,Centre-Forward,Athletic Club Bilbao,LaLiga,1400000.0,1.4,1.0,0.0,1.0,346.0,16.0,0.7142857142857143,<5jt
610795,Tomoya Ando,27.0,Defender,Centre-Back,Fußball-Club St. Pauli von 1910,Bundesliga,3000000.0,3.0,0.0,1.0,1.0,1351.0,16.0,0.3333333333333333,<5jt
610849,Liam Delap,23.0,Attack,Centre-Forward,Chelsea Football Club,Premier League,28000000.0,28.0,15.0,7.0,22.0,4569.0,86.0,0.7857142857142857,20-40jt
611075,Iván Gil,26.0,Midfield,Attacking Midfield,UD Las Palmas,LaLiga,800000.0,0.8,0.0,1.0,1.0,95.0,2.0,1.25,<5jt
611793,James Hill,24.0,Defender,Centre-Back,Association Football Club Bournemouth,Premier League,23000000.0,23.0,0.0,4.0,4.0,3096.0,45.0,0.17391304347826086,20-40jt
612059,Edoardo Piana,23.0,Goalkeeper,Goalkeeper,Udinese Calcio,Serie A,25000.0,0.025,0.0,0.0,0.0,90.0,1.0,0.0,<5jt
612517,Bashir Humphreys,23.0,Defender,Centre-Back,Burnley Football Club,Premier League,12000000.0,12.0,0.0,2.0,2.0,1713.0,22.0,0.16666666666666666,10-20jt
612749,Isaac Price,23.0,Midfield,Central Midfield,West Bromwich Albion,Premier League,12000000.0,12.0,0.0,1.0,1.0,1985.0,25.0,0.08333333333333333,10-20jt
612826,Silas,28.0,Attack,Right Winger,1. Fußball- und Sportverein Mainz 05,Bundesliga,2000000.0,2.0,3.0,0.0,3.0,984.0,17.0,1.5,<5jt
613192,Jens Castrop,23.0,Midfield,Central Midfield,Borussia Verein für Leibesübungen 1900 Mönchengladbach,Bundesliga,10000000.0,10.0,3.0,1.0,4.0,1618.0,28.0,0.4,5-10jt
613393,Gaetano Oristanio,24.0,Midfield,Attacking Midfield,Parma Calcio 1913,Serie A,5000000.0,5.0,4.0,3.0,7.0,3235.0,58.0,1.4,<5jt
614258,Levi Colwill,23.0,Defender,Centre-Back,Chelsea Football Club,Premier League,50000000.0,50.0,2.0,2.0,4.0,3853.0,43.0,0.08,>40jt
614603,Chem Campbell,23.0,Midfield,Attacking Midfield,Wolverhampton Wanderers Football Club,Premier League,1000000.0,1.0,2.0,0.0,2.0,145.0,2.0,2.0,<5jt
614811,Joe White,24.0,Midfield,Attacking Midfield,Newcastle United Football Club,Premier League,200000.0,0.2,0.0,0.0,0.0,59.0,1.0,0.0,<5jt
614988,Ilias Kostis,23.0,Defender,Centre-Back,Club Atlético de Madrid S.A.D.,LaLiga,500000.0,0.5,0.0,0.0,0.0,45.0,1.0,0.0,<5jt
615302,Mirko Topić,25.0,Midfield,Defensive Midfield,Norwich City,Premier League,4000000.0,4.0,1.0,0.0,1.0,2426.0,35.0,0.25,<5jt
615350,Cenk Özkacar,26.0,Defender,Centre-Back,1. Fußball-Club Köln,Bundesliga,4000000.0,4.0,0.0,0.0,0.0,2732.0,39.0,0.0,<5jt
616341,Nuno Mendes,24.0,Defender,Left-Back,Paris Saint-Germain Football Club,Ligue 1,80000000.0,80.0,12.0,12.0,24.0,6460.0,86.0,0.3,>40jt
616344,Tiago Tomás,24.0,Attack,Right Winger,Verein für Bewegungsspiele Stuttgart 1893,Bundesliga,15000000.0,15.0,14.0,6.0,20.0,3747.0,74.0,1.3333333333333333,10-20jt
616369,Ander Barrenetxea,25.0,Attack,Left Winger,Real Sociedad de Fútbol S.A.D.,LaLiga,18000000.0,18.0,12.0,11.0,23.0,4187.0,82.0,1.2777777777777777,10-20jt
616631,Matteo Ruggeri,24.0,Defender,Left-Back,Club Atlético de Madrid S.A.D.,LaLiga,28000000.0,28.0,0.0,10.0,10.0,5795.0,87.0,0.35714285714285715,20-40jt
617018,Marko Stamenić,24.0,Midfield,Central Midfield,Swansea City,Premier League,3000000.0,3.0,0.0,1.0,1.0,930.0,22.0,0.3333333333333333,<5jt
617021,Ben Old,24.0,Defender,Left-Back,AS Saint-Étienne,Ligue 1,1800000.0,1.8,0.0,0.0,0.0,523.0,13.0,0.0,<5jt
617059,Pablo Campos,24.0,Goalkeeper,Goalkeeper,Levante Unión Deportiva S.A.D.,LaLiga,1500000.0,1.5,0.0,0.0,0.0,450.0,5.0,0.0,<5jt
617060,Mika Mármol,25.0,Defender,Centre-Back,UD Las Palmas,LaLiga,15000000.0,15.0,0.0,1.0,1.0,2714.0,34.0,0.06666666666666667,10-20jt
617074,Ilaix Moriba,23.0,Midfield,Central Midfield,Real Club Celta de Vigo S. A. D.,LaLiga,15000000.0,15.0,3.0,6.0,9.0,5780.0,83.0,0.6,10-20jt
617081,Diego López,24.0,Attack,Right Winger,Valencia Club de Fútbol S. A. D.,LaLiga,9000000.0,9.0,14.0,8.0,22.0,4952.0,81.0,2.4444444444444446,5-10jt
617755,Jenson Seelt,23.0,Defender,Centre-Back,Verein für Leibesübungen Wolfsburg,Bundesliga,5000000.0,5.0,0.0,0.0,0.0,862.0,13.0,0.0,<5jt
618341,Mario Gila,26.0,Defender,Centre-Back,Società Sportiva Lazio S.p.A.,Serie A,30000000.0,30.0,2.0,0.0,2.0,6234.0,79.0,0.06666666666666667,20-40jt
618472,Castello Lukeba,24.0,Defender,Centre-Back,RasenBallsport Leipzig,Bundesliga,50000000.0,50.0,1.0,1.0,2.0,4464.0,60.0,0.04,>40jt
618494,Tyler Morton,24.0,Midfield,Defensive Midfield,Olympique Lyonnais,Ligue 1,30000000.0,30.0,2.0,3.0,5.0,3261.0,41.0,0.16666666666666666,20-40jt
618805,Iker Bachiller,24.0,Defender,Left-Back,CD Leganés,LaLiga,25000.0,0.025,0.0,0.0,0.0,65.0,2.0,0.0,<5jt
618809,Manu Sánchez,26.0,Defender,Left-Back,Levante Unión Deportiva S.A.D.,LaLiga,6000000.0,6.0,2.0,2.0,4.0,5578.0,67.0,0.6666666666666666,5-10jt
618813,Carlos Martín,24.0,Attack,Left Winger,Rayo Vallecano de Madrid S. A. D.,LaLiga,1500000.0,1.5,2.0,2.0,4.0,1922.0,41.0,2.6666666666666665,<5jt
619461,Mohamed Bamba,25.0,Attack,Centre-Forward,Football Club Lorient-Bretagne Sud,Ligue 1,2000000.0,2.0,1.0,2.0,3.0,677.0,18.0,1.5,<5jt
620164,Haissem Hassan,24.0,Attack,Right Winger,Real Oviedo S.A.D.,LaLiga,3500000.0,3.5,0.0,3.0,3.0,2024.0,38.0,0.8571428571428571,<5jt
620217,Robin Hranac,26.0,Defender,Centre-Back,Turn- und Sportgemeinschaft 1899 Hoffenheim Fußball-Spielbetriebs,Bundesliga,10000000.0,10.0,1.0,1.0,2.0,3002.0,39.0,0.2,5-10jt
620295,Mio Backhaus,22.0,Goalkeeper,Goalkeeper,Sportverein Werder Bremen von 1899,Bundesliga,15000000.0,15.0,0.0,0.0,0.0,2880.0,32.0,0.0,10-20jt
620313,Lucas Gourna-Douath,23.0,Midfield,Defensive Midfield,Le Havre Athletic Club,Ligue 1,6000000.0,6.0,0.0,0.0,0.0,2004.0,32.0,0.0,5-10jt
620322,Malo Gusto,23.0,Defender,Right-Back,Chelsea Football Club,Premier League,35000000.0,35.0,3.0,7.0,10.0,5725.0,90.0,0.2857142857142857,20-40jt
620598,Ameen Al-Dakhil,24.0,Defender,Centre-Back,Verein für Bewegungsspiele Stuttgart 1893,Bundesliga,3000000.0,3.0,0.0,0.0,0.0,995.0,19.0,0.0,<5jt
620696,Ibrahim Diabate,27.0,Attack,Centre-Forward,Deportivo Alavés S. A. D.,LaLiga,1500000.0,1.5,2.0,0.0,2.0,581.0,10.0,1.3333333333333333,<5jt
621193,Kasey McAteer,25.0,Midfield,Right Midfield,Ipswich Town,Premier League,10000000.0,10.0,1.0,1.0,2.0,1168.0,24.0,0.2,5-10jt
621802,Olivier Deman,26.0,Defender,Left-Back,Sportverein Werder Bremen von 1899,Bundesliga,3500000.0,3.5,1.0,3.0,4.0,2237.0,38.0,1.1428571428571428,<5jt
621993,Andrew Omobamidele,24.0,Defender,Centre-Back,Racing Club de Strasbourg Alsace,Ligue 1,8000000.0,8.0,1.0,0.0,1.0,2069.0,37.0,0.125,5-10jt
621997,Cieran Slicker,24.0,Goalkeeper,Goalkeeper,Ipswich Town,Premier League,350000.0,0.35,0.0,0.0,0.0,9.0,1.0,0.0,<5jt
622380,Cesare Casadei,23.0,Midfield,Central Midfield,Torino Calcio,Serie A,15000000.0,15.0,8.0,1.0,9.0,3213.0,51.0,0.6,10-20jt
622988,Fran Pérez,24.0,Attack,Right Winger,Rayo Vallecano de Madrid S. A. D.,LaLiga,2500000.0,2.5,5.0,1.0,6.0,2477.0,64.0,2.4,<5jt
623024,Jesús Vázquez,23.0,Defender,Left-Back,Valencia Club de Fútbol S. A. D.,LaLiga,4000000.0,4.0,1.0,0.0,1.0,2808.0,53.0,0.25,<5jt
623119,Styopa Mkrtchyan,23.0,Defender,Centre-Back,1.FC Nuremberg,Bundesliga,600000.0,0.6,0.0,0.0,0.0,108.0,2.0,0.0,<5jt
623521,Juanmi Latasa,25.0,Attack,Centre-Forward,Real Valladolid CF,LaLiga,2000000.0,2.0,6.0,1.0,7.0,1572.0,31.0,3.5,<5jt
623570,Iliman Ndiaye,26.0,Attack,Right Winger,Everton Football Club,Premier League,55000000.0,55.0,18.0,3.0,21.0,5972.0,76.0,0.38181818181818183,>40jt
623773,Kristoffer Lund,24.0,Defender,Left-Back,1. Fußball-Club Köln,Bundesliga,4000000.0,4.0,0.0,2.0,2.0,2396.0,35.0,0.5,<5jt
624037,Joris Chotard,25.0,Midfield,Defensive Midfield,Stade brestois 29,Ligue 1,7000000.0,7.0,3.0,1.0,4.0,4648.0,59.0,0.5714285714285714,5-10jt
624258,Conor Bradley,23.0,Defender,Right-Back,Liverpool Football Club,Premier League,25000000.0,25.0,0.0,5.0,5.0,2264.0,46.0,0.2,20-40jt
624690,Manu Koné,25.0,Midfield,Central Midfield,Associazione Sportiva Roma,Serie A,50000000.0,50.0,4.0,6.0,10.0,6199.0,83.0,0.2,>40jt
624942,Raúl Moro,24.0,Attack,Left Winger,Club Atlético Osasuna,LaLiga,3500000.0,3.5,6.0,10.0,16.0,3904.0,69.0,4.571428571428571,<5jt
624946,Rumarn Burrell,26.0,Attack,Centre-Forward,Queens Park Rangers,Premier League,6000000.0,6.0,0.0,0.0,0.0,45.0,1.0,0.0,5-10jt
625014,Julen Agirrezabala,26.0,Goalkeeper,Goalkeeper,Valencia Club de Fútbol S. A. D.,LaLiga,9000000.0,9.0,0.0,0.0,0.0,4325.0,49.0,0.0,5-10jt
625047,Beñat Prados,25.0,Midfield,Central Midfield,Athletic Club Bilbao,LaLiga,15000000.0,15.0,2.0,1.0,3.0,2486.0,47.0,0.2,10-20jt
625202,Lautaro Valenti,27.0,Defender,Centre-Back,Parma Calcio 1913,Serie A,2000000.0,2.0,1.0,0.0,1.0,3898.0,48.0,0.5,<5jt
625651,Urko González de Zárate,25.0,Midfield,Defensive Midfield,Reial Club Deportiu Espanyol de Barcelona S.A.D.,LaLiga,12000000.0,12.0,0.0,3.0,3.0,4436.0,60.0,0.25,10-20jt
625655,Jon Magunazelaia,25.0,Midfield,Attacking Midfield,Real Sociedad de Fútbol S.A.D.,LaLiga,900000.0,0.9,1.0,0.0,1.0,191.0,5.0,1.1111111111111112,<5jt
625657,Unai Marrero,25.0,Goalkeeper,Goalkeeper,Real Sociedad de Fútbol S.A.D.,LaLiga,1000000.0,1.0,0.0,0.0,0.0,1440.0,15.0,0.0,<5jt
625660,Jon Ander Olasagasti,26.0,Midfield,Central Midfield,Levante Unión Deportiva S.A.D.,LaLiga,2500000.0,2.5,3.0,7.0,10.0,3330.0,71.0,4.0,<5jt
626474,Rubin Colwill,24.0,Midfield,Attacking Midfield,Cardiff City,Premier League,2000000.0,2.0,1.0,2.0,3.0,390.0,5.0,1.5,<5jt
626724,João Pedro,25.0,Attack,Centre-Forward,Chelsea Football Club,Premier League,80000000.0,80.0,33.0,16.0,49.0,5907.0,82.0,0.6125,>40jt
626913,Boulaye Dia,30.0,Attack,Centre-Forward,Società Sportiva Lazio S.p.A.,Serie A,5000000.0,5.0,16.0,6.0,22.0,4284.0,79.0,4.4,<5jt
626953,Álvaro Núñez,26.0,Defender,Right-Back,Real Club Celta de Vigo S. A. D.,LaLiga,4000000.0,4.0,0.0,2.0,2.0,1984.0,25.0,0.5,<5jt
627228,Yan Couto,24.0,Midfield,Right Midfield,Borussia Dortmund,Bundesliga,17000000.0,17.0,3.0,4.0,7.0,2936.0,63.0,0.4117647058823529,10-20jt
627248,Lewis Dobbin,23.0,Attack,Left Winger,Aston Villa Football Club,Premier League,7000000.0,7.0,1.0,0.0,1.0,117.0,2.0,0.14285714285714285,5-10jt
627290,John Donald,26.0,Defender,Centre-Back,Elche Club de Fútbol S.A.D.,LaLiga,1000000.0,1.0,1.0,0.0,1.0,862.0,23.0,1.0,<5jt
627356,Yannik Lührs,23.0,Defender,Centre-Back,Borussia Dortmund,Bundesliga,700000.0,0.7,0.0,0.0,0.0,126.0,3.0,0.0,<5jt
627442,Benjamin Sesko,23.0,Attack,Centre-Forward,Manchester United Football Club,Premier League,75000000.0,75.0,33.0,7.0,40.0,5075.0,77.0,0.5333333333333333,>40jt
627626,Wilfried Gnonto,23.0,Attack,Right Winger,Leeds United Association Football Club,Premier League,16000000.0,16.0,1.0,4.0,5.0,867.0,29.0,0.3125,10-20jt
628365,Gabriele Piccinini,25.0,Midfield,Central Midfield,Pisa Sporting Club,Serie A,3000000.0,3.0,0.0,0.0,0.0,941.0,26.0,0.0,<5jt
628366,Lucas Beltrán,25.0,Attack,Centre-Forward,Valencia Club de Fútbol S. A. D.,LaLiga,8000000.0,8.0,8.0,7.0,15.0,3759.0,66.0,1.875,5-10jt
628451,Roméo Lavia,22.0,Midfield,Defensive Midfield,Chelsea Football Club,Premier League,22000000.0,22.0,0.0,1.0,1.0,1827.0,42.0,0.045454545454545456,20-40jt
628487,Ángel Fortuño,25.0,Goalkeeper,Goalkeeper,Reial Club Deportiu Espanyol de Barcelona S.A.D.,LaLiga,300000.0,0.3,0.0,0.0,0.0,270.0,3.0,0.0,<5jt
628498,Jofre Carreras,25.0,Attack,Right Winger,Reial Club Deportiu Espanyol de Barcelona S.A.D.,LaLiga,3000000.0,3.0,4.0,4.0,8.0,3169.0,65.0,2.6666666666666665,<5jt
628886,Iván Romero,25.0,Attack,Centre-Forward,Levante Unión Deportiva S.A.D.,LaLiga,8000000.0,8.0,7.0,2.0,9.0,2320.0,34.0,1.125,5-10jt
629588,Nathan Ngoumou,26.0,Attack,Right Winger,Borussia Verein für Leibesübungen 1900 Mönchengladbach,Bundesliga,3500000.0,3.5,2.0,1.0,3.0,851.0,21.0,0.8571428571428571,<5jt
630995,Rodri Sánchez,26.0,Attack,Right Winger,Real Betis Balompié S.A.D.,LaLiga,3000000.0,3.0,1.0,1.0,2.0,347.0,6.0,0.6666666666666666,<5jt
631002,Raúl García,26.0,Attack,Centre-Forward,Club Atlético Osasuna,LaLiga,3000000.0,3.0,21.0,3.0,24.0,2347.0,77.0,8.0,<5jt
631007,Filippo Terracciano,23.0,Defender,Centre-Back,Unione Sportiva Cremonese S.p.A.,Serie A,4500000.0,4.5,2.0,0.0,2.0,3794.0,54.0,0.4444444444444444,<5jt
631693,Jesús Owono,25.0,Goalkeeper,Goalkeeper,Deportivo Alavés S. A. D.,LaLiga,1000000.0,1.0,0.0,0.0,0.0,936.0,11.0,0.0,<5jt
631821,Vladyslav Vanat,24.0,Attack,Centre-Forward,Girona Fútbol Club S. A. D.,LaLiga,15000000.0,15.0,34.0,13.0,47.0,5952.0,81.0,3.1333333333333333,10-20jt
631927,Saud Abdulhamid,27.0,Defender,Right-Back,Racing Club de Lens,Ligue 1,9000000.0,9.0,3.0,6.0,9.0,1725.0,33.0,1.0,5-10jt
632349,Jarell Quansah,23.0,Defender,Centre-Back,Bayer 04 Leverkusen Fußball,Bundesliga,45000000.0,45.0,5.0,0.0,5.0,4603.0,63.0,0.1111111111111111,>40jt
632741,Iker Losada,25.0,Attack,Second Striker,Levante Unión Deportiva S.A.D.,LaLiga,1800000.0,1.8,4.0,3.0,7.0,2123.0,53.0,3.888888888888889,<5jt
632831,Nicolò Bertola,23.0,Defender,Centre-Back,Udinese Calcio,Serie A,7000000.0,7.0,0.0,1.0,1.0,1851.0,29.0,0.14285714285714285,5-10jt
632896,Alejandro Francés,24.0,Defender,Centre-Back,Girona Fútbol Club S. A. D.,LaLiga,3000000.0,3.0,0.0,2.0,2.0,2901.0,50.0,0.6666666666666666,<5jt
633306,Iván Azón,24.0,Attack,Centre-Forward,Calcio Como,Serie A,3000000.0,3.0,1.0,0.0,1.0,23.0,1.0,0.3333333333333333,<5jt
633454,Alexander Bernhardsson,28.0,Attack,Right Winger,Holstein Kiel,Bundesliga,3000000.0,3.0,9.0,3.0,12.0,1444.0,22.0,4.0,<5jt
633530,Jordan Zemura,27.0,Defender,Left-Back,Udinese Calcio,Serie A,5000000.0,5.0,1.0,4.0,5.0,2827.0,45.0,1.0,<5jt
633652,Calvin Ramsay,23.0,Defender,Right-Back,Liverpool Football Club,Premier League,1500000.0,1.5,0.0,0.0,0.0,333.0,9.0,0.0,<5jt
633668,Giovanni Fabbian,23.0,Midfield,Attacking Midfield,Associazione Calcio Fiorentina,Serie A,10000000.0,10.0,6.0,2.0,8.0,3286.0,79.0,0.8,5-10jt
633992,Enzo Le Fée,26.0,Midfield,Central Midfield,Sunderland Association Football Club,Premier League,28000000.0,28.0,6.0,6.0,12.0,3786.0,50.0,0.42857142857142855,20-40jt
634105,Alberto Marí,25.0,Attack,Centre-Forward,Valencia Club de Fútbol S. A. D.,LaLiga,1500000.0,1.5,2.0,0.0,2.0,234.0,4.0,1.3333333333333333,<5jt
634131,Aimar Oroz,25.0,Midfield,Attacking Midfield,Club Atlético Osasuna,LaLiga,7500000.0,7.5,6.0,6.0,12.0,5488.0,73.0,1.6,5-10jt
634431,Beñat Turrientes,24.0,Midfield,Central Midfield,Real Sociedad de Fútbol S.A.D.,LaLiga,10000000.0,10.0,3.0,4.0,7.0,3384.0,66.0,0.7,5-10jt
635645,Aurèle Amenda,23.0,Defender,Centre-Back,Eintracht Frankfurt Fußball AG,Bundesliga,10000000.0,10.0,0.0,0.0,0.0,2100.0,42.0,0.0,5-10jt
636093,Carlos Domínguez,25.0,Defender,Centre-Back,Real Club Celta de Vigo S. A. D.,LaLiga,2000000.0,2.0,1.0,0.0,1.0,2307.0,35.0,0.5,<5jt
636686,Arnau Rafús,23.0,Goalkeeper,Goalkeeper,Real Valladolid CF,LaLiga,200000.0,0.2,0.0,0.0,0.0,90.0,1.0,0.0,<5jt
636688,Alejandro Balde,23.0,Defender,Left-Back,Futbol Club Barcelona,LaLiga,50000000.0,50.0,1.0,13.0,14.0,6301.0,89.0,0.28,>40jt
636695,Marc Casadó,23.0,Midfield,Defensive Midfield,Futbol Club Barcelona,LaLiga,18000000.0,18.0,1.0,7.0,8.0,3844.0,70.0,0.4444444444444444,10-20jt
636697,Arnau Solà,23.0,Defender,Left-Back,Villarreal Club de Fútbol S.A.D.,LaLiga,500000.0,0.5,0.0,0.0,0.0,12.0,1.0,0.0,<5jt
636703,Fermín López,23.0,Midfield,Attacking Midfield,Futbol Club Barcelona,LaLiga,100000000.0,100.0,22.0,27.0,49.0,5167.0,95.0,0.49,>40jt
637803,Rafael Luís,21.0,Midfield,Defensive Midfield,Racing Club de Strasbourg Alsace,Ligue 1,5000000.0,5.0,0.0,2.0,2.0,585.0,12.0,0.4,<5jt
638124,Manu Fernández,25.0,Defender,Centre-Back,Real Club Celta de Vigo S. A. D.,LaLiga,1500000.0,1.5,0.0,0.0,0.0,1116.0,19.0,0.0,<5jt
638793,Tajon Buchanan,27.0,Attack,Right Winger,Villarreal Club de Fútbol S.A.D.,LaLiga,12000000.0,12.0,8.0,3.0,11.0,2940.0,64.0,0.9166666666666666,10-20jt
639712,Étienne Youté Kinkoué,24.0,Defender,Centre-Back,Le Havre Athletic Club,Ligue 1,2500000.0,2.5,0.0,0.0,0.0,2736.0,37.0,0.0,<5jt
639733,Peque Fernández,24.0,Attack,Second Striker,Sevilla Fútbol Club S.A.D.,LaLiga,3000000.0,3.0,4.0,3.0,7.0,2412.0,57.0,2.3333333333333335,<5jt
640109,Martín Satriano,25.0,Attack,Centre-Forward,Getafe Club de Fútbol S. A. D. Team Dubai,LaLiga,10000000.0,10.0,9.0,2.0,11.0,2892.0,42.0,1.1,5-10jt
640428,Eduardo Camavinga,24.0,Midfield,Central Midfield,Real Madrid Club de Fútbol,LaLiga,50000000.0,50.0,4.0,3.0,7.0,4383.0,79.0,0.14,>40jt
640556,Rav van den Berg,22.0,Defender,Centre-Back,1. Fußball-Club Köln,Bundesliga,7000000.0,7.0,0.0,1.0,1.0,1132.0,14.0,0.14285714285714285,5-10jt
641537,Tommaso Baldanzi,23.0,Midfield,Attacking Midfield,Genoa Cricket and Football Club,Serie A,8500000.0,8.5,3.0,4.0,7.0,2150.0,59.0,0.8235294117647058,5-10jt
642002,Balthazar Pierret,26.0,Midfield,Defensive Midfield,Unione Sportiva Lecce,Serie A,900000.0,0.9,0.0,0.0,0.0,1876.0,32.0,0.0,<5jt
643574,Kaishu Sano,25.0,Midfield,Defensive Midfield,1. Fußball- und Sportverein Mainz 05,Bundesliga,40000000.0,40.0,1.0,3.0,4.0,6674.0,74.0,0.1,20-40jt
644032,Cheikh Niasse,26.0,Midfield,Defensive Midfield,Verona Hellas Football Club,Serie A,2000000.0,2.0,0.0,2.0,2.0,2383.0,40.0,1.0,<5jt
644401,Keane Lewis-Potter,25.0,Midfield,Left Midfield,Brentford Football Club,Premier League,25000000.0,25.0,7.0,8.0,15.0,5530.0,81.0,0.6,20-40jt
644408,Oliver Provstgaard,23.0,Defender,Centre-Back,Società Sportiva Lazio S.p.A.,Serie A,16000000.0,16.0,0.0,0.0,0.0,3043.0,45.0,0.0,10-20jt
644613,Sadik Fofana,23.0,Midfield,Defensive Midfield,Unione Sportiva Lecce,Serie A,800000.0,0.8,0.0,0.0,0.0,81.0,5.0,0.0,<5jt
644771,Odilon Kossounou,25.0,Defender,Centre-Back,Atalanta Bergamasca Calcio S.p.a.,Serie A,15000000.0,15.0,1.0,3.0,4.0,3748.0,60.0,0.26666666666666666,10-20jt
645686,Lamare Bogarde,22.0,Midfield,Defensive Midfield,Aston Villa Football Club,Premier League,18000000.0,18.0,0.0,0.0,0.0,2852.0,58.0,0.0,10-20jt
645774,Eren Dinkçi,25.0,Attack,Right Winger,1. Fußballclub Heidenheim 1846,Bundesliga,6000000.0,6.0,4.0,7.0,11.0,2797.0,50.0,1.8333333333333333,5-10jt
646353,Carl Rushworth,25.0,Goalkeeper,Goalkeeper,Brighton and Hove Albion Football Club,Premier League,16000000.0,16.0,0.0,0.0,0.0,120.0,1.0,0.0,10-20jt
646402,Abner,26.0,Defender,Left-Back,Olympique Lyonnais,Ligue 1,10000000.0,10.0,6.0,4.0,10.0,3990.0,58.0,1.0,5-10jt
646658,Aaron Ramsey,23.0,Midfield,Attacking Midfield,Burnley Football Club,Premier League,6000000.0,6.0,1.0,0.0,1.0,90.0,1.0,0.16666666666666666,5-10jt
646738,Juan Larios,22.0,Defender,Left-Back,Southampton FC,Premier League,2000000.0,2.0,0.0,0.0,0.0,1.0,1.0,0.0,<5jt
646740,Gavi,22.0,Midfield,Central Midfield,Futbol Club Barcelona,LaLiga,30000000.0,30.0,3.0,4.0,7.0,2387.0,55.0,0.23333333333333334,20-40jt
646747,Rafa Obrador,22.0,Defender,Left-Back,Torino Calcio,Serie A,5000000.0,5.0,1.0,3.0,4.0,1277.0,18.0,0.8,<5jt
646750,Cristhian Mosquera,22.0,Defender,Centre-Back,Arsenal Football Club,Premier League,40000000.0,40.0,1.0,0.0,1.0,5637.0,76.0,0.025,20-40jt
646824,Manuel Ángel,22.0,Midfield,Central Midfield,Real Madrid Club de Fútbol,LaLiga,5000000.0,5.0,0.0,0.0,0.0,129.0,7.0,0.0,<5jt
646829,Nathaniel Adjei,24.0,Defender,Centre-Back,Football Club Lorient-Bretagne Sud,Ligue 1,1500000.0,1.5,0.0,0.0,0.0,833.0,15.0,0.0,<5jt
646991,Robin Roefs,23.0,Goalkeeper,Goalkeeper,Sunderland Association Football Club,Premier League,28000000.0,28.0,0.0,0.0,0.0,6240.0,69.0,0.0,20-40jt
647280,Kieron Bowie,24.0,Attack,Centre-Forward,Verona Hellas Football Club,Serie A,7000000.0,7.0,18.0,6.0,24.0,4001.0,59.0,3.4285714285714284,5-10jt
647435,Tyrhys Dolan,25.0,Attack,Right Winger,Reial Club Deportiu Espanyol de Barcelona S.A.D.,LaLiga,10000000.0,10.0,2.0,6.0,8.0,2464.0,38.0,0.8,5-10jt
648020,Alexsandro,27.0,Defender,Centre-Back,Lille Olympique Sporting Club,Ligue 1,15000000.0,15.0,1.0,2.0,3.0,4618.0,55.0,0.2,10-20jt
648032,James Abankwah,22.0,Defender,Centre-Back,Watford FC,Premier League,3500000.0,3.5,0.0,0.0,0.0,305.0,9.0,0.0,<5jt
648046,Evan Ferguson,22.0,Attack,Centre-Forward,Associazione Sportiva Roma,Serie A,20000000.0,20.0,6.0,2.0,8.0,1466.0,43.0,0.4,10-20jt
648195,Enzo Fernández,25.0,Midfield,Central Midfield,Chelsea Football Club,Premier League,90000000.0,90.0,22.0,18.0,40.0,7877.0,99.0,0.4444444444444444,>40jt
649020,Boubacar Traoré,25.0,Midfield,Defensive Midfield,Football Club de Metz,Ligue 1,4000000.0,4.0,1.0,0.0,1.0,1472.0,23.0,0.25,<5jt
649022,Moussa Ndiaye,24.0,Defender,Left-Back,FC Schalke 04,Bundesliga,4000000.0,4.0,0.0,2.0,2.0,3216.0,50.0,0.5,<5jt
649026,Moustapha Mbow,26.0,Defender,Centre-Back,Paris Football Club,Ligue 1,9000000.0,9.0,0.0,1.0,1.0,2716.0,31.0,0.1111111111111111,5-10jt
649033,Dion Lopy,24.0,Midfield,Defensive Midfield,UD Almería,LaLiga,15000000.0,15.0,0.0,0.0,0.0,27.0,1.0,0.0,10-20jt
649452,Issa Kaboré,25.0,Defender,Right-Back,Manchester City Football Club,Premier League,4000000.0,4.0,0.0,1.0,1.0,437.0,16.0,0.25,<5jt
649490,Konan N’Dri,26.0,Attack,Right Winger,Unione Sportiva Lecce,Serie A,1500000.0,1.5,5.0,2.0,7.0,2435.0,63.0,4.666666666666667,<5jt
649672,Nicolás Capaldo,28.0,Defender,Centre-Back,Hamburger Sport Verein,Bundesliga,8000000.0,8.0,1.0,3.0,4.0,2130.0,27.0,0.5,5-10jt
650104,Zinédine Ould Khaled,26.0,Midfield,Defensive Midfield,Angers Sporting Club de l'Ouest,Ligue 1,400000.0,0.4,0.0,0.0,0.0,340.0,10.0,0.0,<5jt
650249,Riccardo Turicchia,23.0,Defender,Left-Back,Juventus Football Club,Serie A,500000.0,0.5,0.0,0.0,0.0,22.0,1.0,0.0,<5jt
650256,Paolo Vismara,23.0,Goalkeeper,Goalkeeper,Atalanta Bergamasca Calcio S.p.a.,Serie A,900000.0,0.9,0.0,0.0,0.0,90.0,1.0,0.0,<5jt
650999,Federico Accornero,22.0,Attack,Left Winger,Genoa Cricket and Football Club,Serie A,400000.0,0.4,0.0,0.0,0.0,4.0,1.0,0.0,<5jt
651005,Cher Ndour,22.0,Midfield,Central Midfield,Associazione Calcio Fiorentina,Serie A,20000000.0,20.0,4.0,3.0,7.0,3597.0,66.0,0.35,10-20jt
651569,Daniel Mosquera,27.0,Attack,Centre-Forward,Verona Hellas Football Club,Serie A,1800000.0,1.8,5.0,3.0,8.0,2082.0,59.0,4.444444444444445,<5jt
651973,Godson Kyeremeh,26.0,Attack,Right Winger,Le Havre Athletic Club,Ligue 1,500000.0,0.5,1.0,1.0,2.0,374.0,13.0,4.0,<5jt
652054,Martin Vitík,23.0,Defender,Centre-Back,Bologna Football Club 1909,Serie A,13000000.0,13.0,0.0,0.0,0.0,3188.0,43.0,0.0,10-20jt
652061,Adam Karabec,23.0,Midfield,Attacking Midfield,Olympique Lyonnais,Ligue 1,7000000.0,7.0,3.0,3.0,6.0,1399.0,30.0,0.8571428571428571,5-10jt
652275,Hákon Arnar Haraldsson,23.0,Midfield,Attacking Midfield,Lille Olympique Sporting Club,Ligue 1,25000000.0,25.0,16.0,9.0,25.0,5638.0,79.0,1.0,20-40jt
652331,Javi Rueda,24.0,Defender,Right-Back,Real Club Celta de Vigo S. A. D.,LaLiga,6000000.0,6.0,4.0,7.0,11.0,2101.0,39.0,1.8333333333333333,5-10jt
653610,Igor Paixão,26.0,Attack,Left Winger,Olympique de Marseille,Ligue 1,35000000.0,35.0,28.0,26.0,54.0,6493.0,86.0,1.542857142857143,20-40jt
654234,Anton Kade,22.0,Midfield,Attacking Midfield,Fußball-Club Augsburg 1907,Bundesliga,10000000.0,10.0,6.0,1.0,7.0,1824.0,29.0,0.7,5-10jt
654253,Toby Collyer,22.0,Midfield,Defensive Midfield,Manchester United Football Club,Premier League,5000000.0,5.0,0.0,0.0,0.0,377.0,12.0,0.0,<5jt
654539,Adrien Truffert,25.0,Defender,Left-Back,Association Football Club Bournemouth,Premier League,30000000.0,30.0,3.0,7.0,10.0,6173.0,72.0,0.3333333333333333,20-40jt
654982,Bilal El Khannouss,22.0,Midfield,Attacking Midfield,Verein für Bewegungsspiele Stuttgart 1893,Bundesliga,35000000.0,35.0,11.0,13.0,24.0,5344.0,82.0,0.6857142857142857,20-40jt
654991,Samuel Mbangula,22.0,Attack,Left Winger,Sportverein Werder Bremen von 1899,Bundesliga,8000000.0,8.0,7.0,9.0,16.0,2276.0,59.0,2.0,5-10jt
655006,Diego Moreira,22.0,Midfield,Left Midfield,Racing Club de Strasbourg Alsace,Ligue 1,25000000.0,25.0,6.0,15.0,21.0,4711.0,60.0,0.84,20-40jt
655009,Richie Sagrado,22.0,Defender,Right-Back,Venezia FC,Serie A,2000000.0,2.0,0.0,0.0,0.0,207.0,4.0,0.0,<5jt
655012,Lucas Stassin,22.0,Attack,Centre-Forward,AS Saint-Étienne,Ligue 1,15000000.0,15.0,14.0,8.0,22.0,2275.0,33.0,1.4666666666666666,10-20jt
655217,Samson Baidoo,22.0,Defender,Centre-Back,Racing Club de Lens,Ligue 1,25000000.0,25.0,2.0,1.0,3.0,1827.0,23.0,0.12,20-40jt
655456,Saba Sazonov,24.0,Defender,Centre-Back,Torino Calcio,Serie A,800000.0,0.8,0.0,0.0,0.0,2.0,1.0,0.0,<5jt
655488,Gabriel Martinelli,25.0,Attack,Left Winger,Arsenal Football Club,Premier League,45000000.0,45.0,21.0,13.0,34.0,5703.0,99.0,0.7555555555555555,>40jt
656095,Andi Hoti,23.0,Defender,Centre-Back,Eintracht Braunschweig,Bundesliga,750000.0,0.75,0.0,0.0,0.0,90.0,1.0,0.0,<5jt
656316,Gabriel Slonina,22.0,Goalkeeper,Goalkeeper,Chelsea Football Club,Premier League,3000000.0,3.0,0.0,0.0,0.0,180.0,2.0,0.0,<5jt
656441,Jean Onana,26.0,Midfield,Defensive Midfield,Genoa Cricket and Football Club,Serie A,1000000.0,1.0,0.0,0.0,0.0,558.0,20.0,0.0,<5jt
656681,Victor Boniface,26.0,Attack,Centre-Forward,Sportverein Werder Bremen von 1899,Bundesliga,5000000.0,5.0,11.0,4.0,15.0,1713.0,38.0,3.0,<5jt
657430,Samú Costa,26.0,Midfield,Defensive Midfield,Real Club Deportivo Mallorca S.A.D.,LaLiga,15000000.0,15.0,7.0,4.0,11.0,5485.0,69.0,0.7333333333333333,10-20jt
658115,Abel Bretones,26.0,Defender,Left-Back,Club Atlético Osasuna,LaLiga,3500000.0,3.5,3.0,2.0,5.0,4098.0,69.0,1.4285714285714286,<5jt
658269,Víctor Meseguer,27.0,Midfield,Central Midfield,Real Valladolid CF,LaLiga,1500000.0,1.5,1.0,0.0,1.0,567.0,16.0,0.6666666666666666,<5jt
658533,Abu Francis,25.0,Midfield,Central Midfield,Toulouse Football Club,Ligue 1,2000000.0,2.0,0.0,4.0,4.0,2574.0,42.0,2.0,<5jt
658534,Lasso Coulibaly,24.0,Attack,Right Winger,Association de la Jeunesse auxerroise,Ligue 1,800000.0,0.8,1.0,0.0,1.0,350.0,20.0,1.25,<5jt
658536,Simon Adingra,24.0,Attack,Left Winger,Association sportive de Monaco Football Club,Ligue 1,22000000.0,22.0,7.0,5.0,12.0,2908.0,62.0,0.5454545454545454,20-40jt
659089,Ilya Zabarnyi,24.0,Defender,Centre-Back,Paris Saint-Germain Football Club,Ligue 1,40000000.0,40.0,1.0,1.0,2.0,5969.0,73.0,0.05,20-40jt
659459,Carney Chukwuemeka,23.0,Midfield,Central Midfield,Borussia Dortmund,Bundesliga,20000000.0,20.0,4.0,2.0,6.0,1607.0,55.0,0.3,10-20jt
659513,Soumaïla Coulibaly,23.0,Defender,Centre-Back,Stade brestois 29,Ligue 1,6000000.0,6.0,0.0,1.0,1.0,2411.0,31.0,0.16666666666666666,5-10jt
659516,Warren Bondo,23.0,Midfield,Central Midfield,Unione Sportiva Cremonese S.p.A.,Serie A,6000000.0,6.0,0.0,0.0,0.0,3759.0,56.0,0.0,5-10jt
659520,Bilal Nadir,23.0,Midfield,Central Midfield,Olympique de Marseille,Ligue 1,8000000.0,8.0,1.0,4.0,5.0,1059.0,39.0,0.625,5-10jt
659542,Elye Wahi,23.0,Attack,Centre-Forward,Olympique Gymnaste Club Nice Côte d'Azur,Ligue 1,18000000.0,18.0,9.0,5.0,14.0,2118.0,52.0,0.7777777777777778,10-20jt
659543,Matthis Abline,23.0,Attack,Centre-Forward,Football Club de Nantes,Ligue 1,20000000.0,20.0,15.0,7.0,22.0,5285.0,66.0,1.1,10-20jt
659648,Gioele Zacchi,23.0,Goalkeeper,Goalkeeper,Unione Sportiva Sassuolo Calcio,Serie A,600000.0,0.6,0.0,0.0,0.0,7.0,1.0,0.0,<5jt
659813,Piero Hincapié,24.0,Defender,Centre-Back,Arsenal Football Club,Premier League,50000000.0,50.0,4.0,4.0,8.0,6590.0,86.0,0.16,>40jt
660438,Orri Óskarsson,22.0,Attack,Centre-Forward,Real Sociedad de Fútbol S.A.D.,LaLiga,20000000.0,20.0,24.0,1.0,25.0,3282.0,74.0,1.25,10-20jt
660735,Federico Gattoni,27.0,Defender,Centre-Back,Sevilla Fútbol Club S.A.D.,LaLiga,800000.0,0.8,0.0,0.0,0.0,9.0,1.0,0.0,<5jt
660860,Diego Coppola,23.0,Defender,Centre-Back,Paris Football Club,Ligue 1,18000000.0,18.0,2.0,4.0,6.0,4818.0,58.0,0.3333333333333333,10-20jt
660867,Julio Enciso,22.0,Midfield,Attacking Midfield,Racing Club de Strasbourg Alsace,Ligue 1,25000000.0,25.0,6.0,10.0,16.0,3193.0,54.0,0.64,20-40jt
661053,Jarrad Branthwaite,24.0,Defender,Centre-Back,Everton Football Club,Premier League,40000000.0,40.0,1.0,2.0,3.0,3371.0,42.0,0.075,20-40jt
661145,Jon Aramburu,24.0,Defender,Right-Back,Real Sociedad de Fútbol S.A.D.,LaLiga,15000000.0,15.0,2.0,1.0,3.0,6652.0,92.0,0.2,10-20jt
661171,Willian Pacho,25.0,Defender,Centre-Back,Paris Saint-Germain Football Club,Ligue 1,80000000.0,80.0,2.0,2.0,4.0,7738.0,92.0,0.05,>40jt
661207,Oscar Bobb,23.0,Attack,Right Winger,Fulham Football Club,Premier League,28000000.0,28.0,1.0,2.0,3.0,1649.0,37.0,0.10714285714285714,20-40jt
661253,Hector Kyprianou,25.0,Midfield,Defensive Midfield,Watford FC,Premier League,1500000.0,1.5,0.0,0.0,0.0,90.0,1.0,0.0,<5jt
661427,David Møller Wolfe,24.0,Defender,Left-Back,Wolverhampton Wanderers Football Club,Premier League,8000000.0,8.0,5.0,10.0,15.0,5054.0,71.0,1.875,5-10jt
662242,Rassoul Ndiaye,25.0,Midfield,Central Midfield,Le Havre Athletic Club,Ligue 1,8000000.0,8.0,5.0,5.0,10.0,3634.0,60.0,1.25,5-10jt
662261,Rafa Marín,24.0,Defender,Centre-Back,Villarreal Club de Fútbol S.A.D.,LaLiga,12000000.0,12.0,1.0,1.0,2.0,3029.0,38.0,0.16666666666666666,10-20jt
662744,Vicente Reyes,23.0,Goalkeeper,Goalkeeper,Norwich City,Premier League,350000.0,0.35,0.0,0.0,0.0,90.0,1.0,0.0,<5jt
663225,Tyler Onyango,23.0,Midfield,Central Midfield,Everton Football Club,Premier League,350000.0,0.35,0.0,0.0,0.0,75.0,1.0,0.0,<5jt
663237,Jacob Ondrejka,24.0,Attack,Left Winger,Parma Calcio 1913,Serie A,5500000.0,5.5,12.0,5.0,17.0,2754.0,51.0,3.090909090909091,5-10jt
663581,Vini Souza,27.0,Midfield,Defensive Midfield,Verein für Leibesübungen Wolfsburg,Bundesliga,7000000.0,7.0,0.0,0.0,0.0,1930.0,26.0,0.0,5-10jt
664708,Equi Fernández,24.0,Midfield,Defensive Midfield,Bayer 04 Leverkusen Fußball,Bundesliga,20000000.0,20.0,0.0,1.0,1.0,1457.0,30.0,0.05,10-20jt
665390,Jaden Philogene,24.0,Attack,Left Winger,Aston Villa Football Club,Premier League,18000000.0,18.0,3.0,0.0,3.0,997.0,25.0,0.16666666666666666,10-20jt
666547,Zito Luvumbo,24.0,Attack,Right Winger,Real Club Deportivo Mallorca S.A.D.,LaLiga,3000000.0,3.0,2.0,4.0,6.0,2879.0,55.0,2.0,<5jt
666974,Mikayil Faye,22.0,Defender,Centre-Back,Unione Sportiva Cremonese S.p.A.,Serie A,4500000.0,4.5,0.0,0.0,0.0,946.0,20.0,0.0,<5jt
667121,Rodrigo Gomes,23.0,Midfield,Left Midfield,Wolverhampton Wanderers Football Club,Premier League,15000000.0,15.0,8.0,0.0,8.0,2102.0,54.0,0.5333333333333333,10-20jt
667251,Hugo Bolin,23.0,Attack,Left Winger,Borussia Verein für Leibesübungen 1900 Mönchengladbach,Bundesliga,6000000.0,6.0,2.0,3.0,5.0,1532.0,26.0,0.8333333333333334,5-10jt
667287,Yasin Ayari,23.0,Midfield,Central Midfield,Brighton and Hove Albion Football Club,Premier League,35000000.0,35.0,6.0,4.0,10.0,4263.0,70.0,0.2857142857142857,20-40jt
667457,Leon Avdullahu,22.0,Midfield,Defensive Midfield,Turn- und Sportgemeinschaft 1899 Hoffenheim Fußball-Spielbetriebs,Bundesliga,30000000.0,30.0,0.0,1.0,1.0,3048.0,35.0,0.03333333333333333,20-40jt
667508,Chris Popov,22.0,Attack,Centre-Forward,Leicester City,Premier League,75000.0,0.075,0.0,0.0,0.0,29.0,2.0,0.0,<5jt
667517,Jordan James,22.0,Midfield,Central Midfield,Leicester City,Premier League,12000000.0,12.0,0.0,1.0,1.0,1181.0,23.0,0.08333333333333333,10-20jt
667967,Yassine Kechta,24.0,Midfield,Central Midfield,Le Havre Athletic Club,Ligue 1,4000000.0,4.0,4.0,2.0,6.0,3441.0,61.0,1.5,<5jt
668167,Samir Chergui,27.0,Defender,Centre-Back,Paris Football Club,Ligue 1,3000000.0,3.0,1.0,0.0,1.0,1155.0,15.0,0.3333333333333333,<5jt
668177,Javi Serrano,23.0,Midfield,Central Midfield,Club Atlético de Madrid S.A.D.,LaLiga,700000.0,0.7,0.0,0.0,0.0,90.0,2.0,0.0,<5jt
668179,Carlos Álvarez,23.0,Midfield,Attacking Midfield,Levante Unión Deportiva S.A.D.,LaLiga,15000000.0,15.0,3.0,1.0,4.0,1898.0,30.0,0.26666666666666666,10-20jt
668183,Nico Serrano,23.0,Attack,Left Winger,Athletic Club Bilbao,LaLiga,1500000.0,1.5,3.0,0.0,3.0,842.0,34.0,2.0,<5jt
668207,Petar Sučić,23.0,Midfield,Central Midfield,Football Club Internazionale Milano S.p.A.,Serie A,40000000.0,40.0,6.0,6.0,12.0,3005.0,58.0,0.3,20-40jt
668210,Ferran Ruiz,23.0,Defender,Right-Back,Girona Fútbol Club S. A. D.,LaLiga,25000.0,0.025,0.0,0.0,0.0,17.0,1.0,0.0,<5jt
668212,Rubén Iranzo,23.0,Defender,Right-Back,Valencia Club de Fútbol S. A. D.,LaLiga,300000.0,0.3,0.0,0.0,0.0,31.0,2.0,0.0,<5jt
668276,Hugo Novoa,23.0,Defender,Right-Back,Deportivo Alavés S. A. D.,LaLiga,1000000.0,1.0,0.0,0.0,0.0,234.0,5.0,0.0,<5jt
668547,Máximo Perrone,23.0,Midfield,Defensive Midfield,Calcio Como,Serie A,35000000.0,35.0,3.0,7.0,10.0,4933.0,67.0,0.2857142857142857,20-40jt
668557,Maksym Taloverov,26.0,Defender,Centre-Back,Stoke City,Premier League,2000000.0,2.0,0.0,0.0,0.0,243.0,3.0,0.0,<5jt
668606,Yuito Suzuki,25.0,Attack,Second Striker,Sport-Club Freiburg,Bundesliga,24000000.0,24.0,19.0,12.0,31.0,5500.0,71.0,1.2916666666666667,20-40jt
668951,Matías Soulé,23.0,Attack,Right Winger,Associazione Sportiva Roma,Serie A,35000000.0,35.0,12.0,13.0,25.0,5087.0,82.0,0.7142857142857143,20-40jt
669366,Tom Cannon,24.0,Attack,Centre-Forward,Leicester City,Premier League,8000000.0,8.0,1.0,0.0,1.0,76.0,1.0,0.125,5-10jt
669380,Konstantinos Koulierakis,23.0,Defender,Centre-Back,Verein für Leibesübungen Wolfsburg,Bundesliga,25000000.0,25.0,7.0,4.0,11.0,5880.0,69.0,0.44,20-40jt
670096,Tanner Tessmann,25.0,Midfield,Defensive Midfield,Olympique Lyonnais,Ligue 1,10000000.0,10.0,3.0,0.0,3.0,4183.0,72.0,0.3,5-10jt
670681,João Neves,22.0,Midfield,Central Midfield,Paris Saint-Germain Football Club,Ligue 1,140000000.0,140.0,13.0,14.0,27.0,6269.0,89.0,0.19285714285714287,>40jt
670717,Dário Essugo,21.0,Midfield,Defensive Midfield,Chelsea Football Club,Premier League,15000000.0,15.0,1.0,2.0,3.0,2115.0,37.0,0.2,10-20jt
670840,Joe Whitworth,22.0,Goalkeeper,Goalkeeper,Crystal Palace Football Club,Premier League,1700000.0,1.7,0.0,0.0,0.0,480.0,5.0,0.0,<5jt
670845,Omari Forson,22.0,Attack,Right Winger,AC Monza,Serie A,2000000.0,2.0,0.0,0.0,0.0,333.0,11.0,0.0,<5jt
670847,Mohamed-Ali Cho,22.0,Attack,Right Winger,Olympique Gymnaste Club Nice Côte d'Azur,Ligue 1,15000000.0,15.0,9.0,8.0,17.0,3770.0,64.0,1.1333333333333333,10-20jt
670848,Divin Mubama,22.0,Attack,Centre-Forward,Manchester City Football Club,Premier League,6000000.0,6.0,1.0,0.0,1.0,117.0,2.0,0.16666666666666666,5-10jt
670858,Lewis Hall,22.0,Defender,Left-Back,Newcastle United Football Club,Premier League,40000000.0,40.0,1.0,7.0,8.0,5559.0,75.0,0.2,20-40jt
670860,James Beadle,22.0,Goalkeeper,Goalkeeper,Brighton and Hove Albion Football Club,Premier League,6000000.0,6.0,0.0,0.0,0.0,270.0,3.0,0.0,5-10jt
670882,Jamie Gittens,22.0,Attack,Left Winger,Chelsea Football Club,Premier League,30000000.0,30.0,13.0,10.0,23.0,3908.0,77.0,0.7666666666666667,20-40jt
670883,Dane Scarlett,22.0,Attack,Centre-Forward,Tottenham Hotspur Football Club,Premier League,1500000.0,1.5,1.0,4.0,5.0,727.0,22.0,3.3333333333333335,<5jt
671108,Kota Takai,22.0,Defender,Centre-Back,Borussia Verein für Leibesübungen 1900 Mönchengladbach,Bundesliga,5000000.0,5.0,0.0,0.0,0.0,339.0,8.0,0.0,<5jt
671590,Daouda Guindo,24.0,Defender,Left-Back,Stade brestois 29,Ligue 1,4500000.0,4.5,1.0,1.0,2.0,1687.0,25.0,0.4444444444444444,<5jt
671594,Kamory Doumbia,23.0,Midfield,Attacking Midfield,Stade brestois 29,Ligue 1,9000000.0,9.0,8.0,6.0,14.0,3709.0,68.0,1.5555555555555556,5-10jt
671649,Álvaro Djaló,27.0,Attack,Left Winger,Athletic Club Bilbao,LaLiga,4500000.0,4.5,1.0,0.0,1.0,976.0,28.0,0.2222222222222222,<5jt
672381,Jonathan Rowe,23.0,Attack,Left Winger,Bologna Football Club 1909,Serie A,28000000.0,28.0,11.0,8.0,19.0,3313.0,72.0,0.6785714285714286,20-40jt
673492,Morato,25.0,Defender,Centre-Back,Nottingham Forest Football Club,Premier League,14000000.0,14.0,1.0,0.0,1.0,3854.0,67.0,0.07142857142857142,10-20jt
673514,Abdoulaye Ndiaye,24.0,Defender,Centre-Back,Parma Calcio 1913,Serie A,6000000.0,6.0,1.0,0.0,1.0,2757.0,36.0,0.16666666666666666,5-10jt
674612,Youssouf Ndayishimiye,28.0,Defender,Centre-Back,Olympique Gymnaste Club Nice Côte d'Azur,Ligue 1,7000000.0,7.0,3.0,0.0,3.0,2310.0,30.0,0.42857142857142855,5-10jt
674806,Santiago Pierotti,25.0,Attack,Right Winger,Unione Sportiva Lecce,Serie A,4000000.0,4.0,5.0,4.0,9.0,4775.0,78.0,2.25,<5jt
676042,Juanlu Sánchez,23.0,Defender,Right-Back,Sevilla Fútbol Club S.A.D.,LaLiga,10000000.0,10.0,5.0,8.0,13.0,4228.0,71.0,1.3,5-10jt
677057,Giorgi Abuashvili,23.0,Attack,Left Winger,Football Club de Metz,Ligue 1,1000000.0,1.0,2.0,0.0,2.0,687.0,23.0,2.0,<5jt
677935,Ricky-Jade Jones,24.0,Attack,Centre-Forward,Fußball-Club St. Pauli von 1910,Bundesliga,1200000.0,1.2,2.0,0.0,2.0,384.0,10.0,1.6666666666666667,<5jt
678406,Sergi Cardona,27.0,Defender,Left-Back,Villarreal Club de Fútbol S.A.D.,LaLiga,9000000.0,9.0,2.0,11.0,13.0,5647.0,78.0,1.4444444444444444,5-10jt
678479,Denis Huseinbasic,25.0,Midfield,Central Midfield,1. Fußball-Club Köln,Bundesliga,2000000.0,2.0,0.0,0.0,0.0,750.0,16.0,0.0,<5jt
678655,Philip Otele,27.0,Attack,Left Winger,Hamburger Sport Verein,Bundesliga,4000000.0,4.0,3.0,1.0,4.0,1101.0,18.0,1.0,<5jt
679423,Tarik Muharemović,23.0,Defender,Centre-Back,Unione Sportiva Sassuolo Calcio,Serie A,25000000.0,25.0,2.0,2.0,4.0,2925.0,33.0,0.16,20-40jt
680531,Sam Silvera,26.0,Attack,Left Winger,Middlesbrough FC,Premier League,1500000.0,1.5,0.0,1.0,1.0,90.0,1.0,0.6666666666666666,<5jt
680806,Samuel Edozie,23.0,Attack,Left Winger,Southampton FC,Premier League,5000000.0,5.0,3.0,3.0,6.0,1333.0,25.0,1.2,<5jt
683571,Tolu Arokodare,26.0,Attack,Centre-Forward,Wolverhampton Wanderers Football Club,Premier League,20000000.0,20.0,24.0,8.0,32.0,4119.0,73.0,1.6,10-20jt
683620,Antoni Milambo,21.0,Midfield,Attacking Midfield,Brentford Football Club,Premier League,15000000.0,15.0,7.0,8.0,15.0,3143.0,45.0,1.0,10-20jt
683625,Jacen Russell-Rowe,24.0,Attack,Centre-Forward,Toulouse Football Club,Ligue 1,3000000.0,3.0,1.0,0.0,1.0,469.0,13.0,0.3333333333333333,<5jt
683812,John Tolkin,24.0,Defender,Left-Back,Holstein Kiel,Bundesliga,2500000.0,2.5,1.0,2.0,3.0,1129.0,15.0,1.2,<5jt
683840,Pedri,24.0,Midfield,Central Midfield,Futbol Club Barcelona,LaLiga,150000000.0,150.0,8.0,20.0,28.0,7831.0,103.0,0.18666666666666668,>40jt
684062,Hianga'a Mbock,27.0,Midfield,Central Midfield,Stade brestois 29,Ligue 1,700000.0,0.7,0.0,0.0,0.0,20.0,1.0,0.0,<5jt
684210,Jaidon Anthony,27.0,Attack,Left Winger,Burnley Football Club,Premier League,20000000.0,20.0,9.0,4.0,13.0,2825.0,38.0,0.65,10-20jt
684315,Nnamdi Collins,22.0,Defender,Centre-Back,Eintracht Frankfurt Fußball AG,Bundesliga,20000000.0,20.0,2.0,3.0,5.0,3989.0,62.0,0.25,10-20jt
684318,Samuel Bamba,22.0,Attack,Right Winger,VfL Bochum,Bundesliga,450000.0,0.45,0.0,0.0,0.0,27.0,6.0,0.0,<5jt
685484,Luka Duric,23.0,Midfield,Central Midfield,Turn- und Sportgemeinschaft 1899 Hoffenheim Fußball-Spielbetriebs,Bundesliga,800000.0,0.8,0.0,0.0,0.0,9.0,1.0,0.0,<5jt
686965,Juan Cabal,25.0,Defender,Left-Back,Juventus Football Club,Serie A,7000000.0,7.0,2.0,2.0,4.0,1199.0,29.0,0.5714285714285714,5-10jt
687609,Isaac Romero,26.0,Attack,Centre-Forward,Sevilla Fútbol Club S.A.D.,LaLiga,5000000.0,5.0,10.0,4.0,14.0,3931.0,63.0,2.8,<5jt
687626,Moisés Caicedo,25.0,Midfield,Defensive Midfield,Chelsea Football Club,Premier League,100000000.0,100.0,6.0,6.0,12.0,8110.0,95.0,0.12,>40jt
688707,Salis Abdul Samed,26.0,Midfield,Defensive Midfield,Olympique Gymnaste Club Nice Côte d'Azur,Ligue 1,4000000.0,4.0,0.0,1.0,1.0,1288.0,23.0,0.25,<5jt
689505,Johnny Cardoso,25.0,Midfield,Central Midfield,Club Atlético de Madrid S.A.D.,LaLiga,20000000.0,20.0,4.0,1.0,5.0,4311.0,64.0,0.25,10-20jt
689637,Chadi Riad,23.0,Defender,Centre-Back,Crystal Palace Football Club,Premier League,15000000.0,15.0,0.0,1.0,1.0,744.0,12.0,0.06666666666666667,10-20jt
690429,Robert Wagner,23.0,Midfield,Central Midfield,Fußball-Club St. Pauli von 1910,Bundesliga,1400000.0,1.4,0.0,0.0,0.0,565.0,14.0,0.0,<5jt
690799,Anthony Rouault,25.0,Defender,Centre-Back,Stade Rennais Football Club,Ligue 1,12000000.0,12.0,2.0,0.0,2.0,4799.0,60.0,0.16666666666666666,10-20jt
691316,Luis Henrique,25.0,Midfield,Right Midfield,Football Club Internazionale Milano S.p.A.,Serie A,22000000.0,22.0,8.0,11.0,19.0,5007.0,78.0,0.8636363636363636,20-40jt
691482,Jacopo Fazzini,23.0,Midfield,Central Midfield,Associazione Calcio Fiorentina,Serie A,8500000.0,8.5,6.0,1.0,7.0,2332.0,46.0,0.8235294117647058,5-10jt
691825,Edoardo Pieragnolo,23.0,Defender,Left-Back,Unione Sportiva Sassuolo Calcio,Serie A,2000000.0,2.0,0.0,0.0,0.0,70.0,1.0,0.0,<5jt
691841,Yanis Zouaoui,28.0,Defender,Left-Back,Le Havre Athletic Club,Ligue 1,2500000.0,2.5,1.0,3.0,4.0,3323.0,47.0,1.6,<5jt
691892,Nathaniel Brown,23.0,Defender,Left-Back,Eintracht Frankfurt Fußball AG,Bundesliga,40000000.0,40.0,7.0,13.0,20.0,5843.0,75.0,0.5,20-40jt
691958,Noah Cadiou,28.0,Midfield,Central Midfield,Football Club Lorient-Bretagne Sud,Ligue 1,3000000.0,3.0,3.0,2.0,5.0,1873.0,28.0,1.6666666666666667,<5jt
692070,Clemens Riedel,23.0,Defender,Centre-Back,Reial Club Deportiu Espanyol de Barcelona S.A.D.,LaLiga,4000000.0,4.0,0.0,2.0,2.0,1506.0,22.0,0.5,<5jt
692187,Daniel Denoon,22.0,Defender,Centre-Back,Pisa Sporting Club,Serie A,500000.0,0.5,0.0,0.0,0.0,123.0,2.0,0.0,<5jt
692209,Joan González,24.0,Midfield,Central Midfield,Unione Sportiva Lecce,Serie A,800000.0,0.8,0.0,0.0,0.0,34.0,1.0,0.0,<5jt
692368,Younes Ebnoutalib,23.0,Attack,Centre-Forward,Eintracht Frankfurt Fußball AG,Bundesliga,8000000.0,8.0,1.0,0.0,1.0,286.0,7.0,0.125,5-10jt
692737,Aljoscha Kemlein,22.0,Midfield,Defensive Midfield,1. Fußballclub Union Berlin,Bundesliga,12000000.0,12.0,1.0,2.0,3.0,3087.0,49.0,0.25,10-20jt
693095,Jacob Greaves,26.0,Defender,Centre-Back,Ipswich Town,Premier League,16000000.0,16.0,1.0,0.0,1.0,2279.0,26.0,0.0625,10-20jt
694507,Rayan Philippe,26.0,Attack,Right Winger,Hamburger Sport Verein,Bundesliga,4000000.0,4.0,5.0,0.0,5.0,1540.0,31.0,1.25,<5jt
695422,Théo De Percin,25.0,Goalkeeper,Goalkeeper,Association de la Jeunesse auxerroise,Ligue 1,400000.0,0.4,0.0,0.0,0.0,775.0,10.0,0.0,<5jt
696028,Noah Pesch,21.0,Attack,Left Winger,Borussia Verein für Leibesübungen 1900 Mönchengladbach,Bundesliga,600000.0,0.6,0.0,0.0,0.0,5.0,1.0,0.0,<5jt
696164,Tim Oermann,23.0,Defender,Centre-Back,Bayer 04 Leverkusen Fußball,Bundesliga,4000000.0,4.0,1.0,2.0,3.0,2735.0,39.0,0.75,<5jt
696181,Romaine Mundle,23.0,Attack,Left Winger,Sunderland Association Football Club,Premier League,7000000.0,7.0,0.0,0.0,0.0,611.0,16.0,0.0,5-10jt
696346,Jay Stansfield,24.0,Attack,Centre-Forward,Fulham Football Club,Premier League,18000000.0,18.0,1.0,0.0,1.0,235.0,4.0,0.05555555555555555,10-20jt
696589,Tim Iroegbunam,23.0,Midfield,Central Midfield,Everton Football Club,Premier League,18000000.0,18.0,0.0,5.0,5.0,2253.0,51.0,0.2777777777777778,10-20jt
696764,Abu Kamara,23.0,Attack,Right Winger,Getafe Club de Fútbol S. A. D. Team Dubai,LaLiga,2500000.0,2.5,0.0,0.0,0.0,334.0,14.0,0.0,<5jt
697277,Joel Chima Fujita,24.0,Midfield,Central Midfield,Fußball-Club St. Pauli von 1910,Bundesliga,10000000.0,10.0,1.0,7.0,8.0,5471.0,63.0,0.8,5-10jt
698164,Freddie Potts,23.0,Midfield,Defensive Midfield,West Ham United Football Club,Premier League,10000000.0,10.0,0.0,1.0,1.0,1363.0,25.0,0.1,5-10jt
698259,Thomas Kristensen,24.0,Defender,Centre-Back,Udinese Calcio,Serie A,12000000.0,12.0,4.0,0.0,4.0,4442.0,56.0,0.3333333333333333,10-20jt
698415,José Córdoba,25.0,Defender,Centre-Back,Norwich City,Premier League,5000000.0,5.0,0.0,0.0,0.0,180.0,2.0,0.0,<5jt
698546,Vanja Vlahović,22.0,Attack,Centre-Forward,Atalanta Bergamasca Calcio S.p.a.,Serie A,5000000.0,5.0,0.0,1.0,1.0,57.0,3.0,0.2,<5jt
698678,Hugo Bueno,24.0,Defender,Left-Back,Wolverhampton Wanderers Football Club,Premier League,12000000.0,12.0,1.0,6.0,7.0,4385.0,68.0,0.5833333333333334,10-20jt
700053,Edoardo Iannoni,25.0,Midfield,Central Midfield,Unione Sportiva Sassuolo Calcio,Serie A,800000.0,0.8,1.0,0.0,1.0,344.0,17.0,1.25,<5jt
700106,Brajan Gruda,22.0,Midfield,Attacking Midfield,RasenBallsport Leipzig,Bundesliga,28000000.0,28.0,7.0,11.0,18.0,2467.0,58.0,0.6428571428571429,20-40jt
701021,Ruairi McConville,21.0,Defender,Centre-Back,Norwich City,Premier League,3000000.0,3.0,0.0,0.0,0.0,348.0,5.0,0.0,<5jt
701057,Rico Lewis,22.0,Defender,Right-Back,Manchester City Football Club,Premier League,28000000.0,28.0,4.0,7.0,11.0,4085.0,64.0,0.39285714285714285,20-40jt
701757,Keke Topp,22.0,Attack,Centre-Forward,Sportverein Werder Bremen von 1899,Bundesliga,3000000.0,3.0,6.0,3.0,9.0,946.0,41.0,3.0,<5jt
701819,Daniele Ghilardi,23.0,Defender,Centre-Back,Associazione Sportiva Roma,Serie A,18000000.0,18.0,0.0,0.0,0.0,3566.0,52.0,0.0,10-20jt
702441,Sinaly Diomandé,25.0,Defender,Centre-Back,Association de la Jeunesse auxerroise,Ligue 1,6000000.0,6.0,5.0,4.0,9.0,4079.0,47.0,1.5,5-10jt
703245,Antonio Vergara,23.0,Midfield,Attacking Midfield,Società Sportiva Calcio Napoli,Serie A,15000000.0,15.0,3.0,4.0,7.0,926.0,19.0,0.4666666666666667,10-20jt
703626,Cameron Peupion,24.0,Attack,Left Winger,Brighton and Hove Albion Football Club,Premier League,350000.0,0.35,0.0,1.0,1.0,18.0,1.0,2.857142857142857,<5jt
704155,Andréas Hountondji,24.0,Attack,Centre-Forward,Fußball-Club St. Pauli von 1910,Bundesliga,3000000.0,3.0,5.0,1.0,6.0,1600.0,34.0,2.0,<5jt
704156,Nicholas Gioacchini,26.0,Attack,Centre-Forward,Calcio Como,Serie A,800000.0,0.8,0.0,0.0,0.0,249.0,8.0,0.0,<5jt
704270,Sambou Soumano,25.0,Attack,Centre-Forward,Football Club Lorient-Bretagne Sud,Ligue 1,3500000.0,3.5,4.0,2.0,6.0,928.0,31.0,1.7142857142857142,<5jt
704825,Alessandro Dellavalle,22.0,Defender,Centre-Back,Torino Calcio,Serie A,800000.0,0.8,0.0,0.0,0.0,3.0,1.0,0.0,<5jt
705063,Samuele Angori,23.0,Midfield,Left Midfield,Pisa Sporting Club,Serie A,4500000.0,4.5,0.0,3.0,3.0,2779.0,37.0,0.6666666666666666,<5jt
705395,Gerard Martín,24.0,Defender,Centre-Back,Futbol Club Barcelona,LaLiga,35000000.0,35.0,1.0,7.0,8.0,5016.0,93.0,0.22857142857142856,20-40jt
705813,Rubén Sánchez,25.0,Defender,Right-Back,Reial Club Deportiu Espanyol de Barcelona S.A.D.,LaLiga,1800000.0,1.8,0.0,1.0,1.0,878.0,22.0,0.5555555555555556,<5jt
706024,Marko Ivezic,25.0,Defender,Centre-Back,Holstein Kiel,Bundesliga,1500000.0,1.5,0.0,0.0,0.0,1821.0,25.0,0.0,<5jt
706138,Javi Llabrés,24.0,Attack,Left Winger,Real Club Deportivo Mallorca S.A.D.,LaLiga,800000.0,0.8,1.0,0.0,1.0,557.0,21.0,1.25,<5jt
706815,Harvey Davies,23.0,Goalkeeper,Goalkeeper,Liverpool Football Club,Premier League,500000.0,0.5,0.0,0.0,0.0,90.0,1.0,0.0,<5jt
706947,Yago Santiago,23.0,Attack,Left Winger,Elche Club de Fútbol S.A.D.,LaLiga,1000000.0,1.0,0.0,0.0,0.0,413.0,13.0,0.0,<5jt
706968,Ji-sung Eom,24.0,Attack,Left Winger,Swansea City,Premier League,1800000.0,1.8,1.0,1.0,2.0,260.0,4.0,1.1111111111111112,<5jt
707230,Ugo Raghouber,23.0,Midfield,Defensive Midfield,Levante Unión Deportiva S.A.D.,LaLiga,3000000.0,3.0,0.0,0.0,0.0,768.0,18.0,0.0,<5jt
707242,Badredine Bouanani,22.0,Attack,Right Winger,Verein für Bewegungsspiele Stuttgart 1893,Bundesliga,10000000.0,10.0,7.0,5.0,12.0,2879.0,66.0,1.2,5-10jt
707274,César Tárrega,24.0,Defender,Centre-Back,Valencia Club de Fútbol S. A. D.,LaLiga,9000000.0,9.0,2.0,1.0,3.0,5946.0,73.0,0.3333333333333333,5-10jt
707359,Etienne Eto'o,24.0,Attack,Centre-Forward,Rayo Vallecano de Madrid S. A. D.,LaLiga,300000.0,0.3,1.0,0.0,1.0,53.0,3.0,3.3333333333333335,<5jt
707844,Mandela Keita,24.0,Midfield,Defensive Midfield,Parma Calcio 1913,Serie A,20000000.0,20.0,1.0,3.0,4.0,5229.0,75.0,0.2,10-20jt
708072,Nicolò Savona,23.0,Defender,Right-Back,Nottingham Forest Football Club,Premier League,15000000.0,15.0,4.0,3.0,7.0,4054.0,60.0,0.4666666666666667,10-20jt
708086,Romano Floriani Mussolini,23.0,Defender,Right-Back,Unione Sportiva Cremonese S.p.A.,Serie A,2500000.0,2.5,0.0,3.0,3.0,1181.0,29.0,1.2,<5jt
708265,Bradley Barcola,24.0,Attack,Left Winger,Paris Saint-Germain Football Club,Ligue 1,70000000.0,70.0,30.0,24.0,54.0,6384.0,104.0,0.7714285714285715,>40jt
708635,Lorenzo Bernasconi,23.0,Midfield,Left Midfield,Atalanta Bergamasca Calcio S.p.a.,Serie A,20000000.0,20.0,0.0,3.0,3.0,2668.0,37.0,0.15,10-20jt
708678,Isaak Touré,23.0,Defender,Centre-Back,Football Club Lorient-Bretagne Sud,Ligue 1,1200000.0,1.2,1.0,0.0,1.0,939.0,15.0,0.8333333333333334,<5jt
709187,Nico Williams,24.0,Attack,Left Winger,Athletic Club Bilbao,LaLiga,40000000.0,40.0,18.0,14.0,32.0,5321.0,78.0,0.8,20-40jt
709215,Mikel Goti,24.0,Midfield,Attacking Midfield,Real Sociedad de Fútbol S.A.D.,LaLiga,1500000.0,1.5,1.0,0.0,1.0,23.0,1.0,0.6666666666666666,<5jt
709372,Carlos Romero,25.0,Defender,Left-Back,Reial Club Deportiu Espanyol de Barcelona S.A.D.,LaLiga,25000000.0,25.0,8.0,4.0,12.0,5840.0,71.0,0.48,20-40jt
709380,Álex Forés,25.0,Attack,Centre-Forward,Real Oviedo S.A.D.,LaLiga,700000.0,0.7,0.0,2.0,2.0,448.0,19.0,2.857142857142857,<5jt
709726,Hugo Ekitiké,24.0,Attack,Centre-Forward,Liverpool Football Club,Premier League,80000000.0,80.0,39.0,18.0,57.0,6516.0,93.0,0.7125,>40jt
709957,Álex Valle,22.0,Defender,Left-Back,Calcio Como,Serie A,12000000.0,12.0,1.0,8.0,9.0,4178.0,62.0,0.75,10-20jt
709969,Ilias Akhomach,22.0,Attack,Right Winger,Rayo Vallecano de Madrid S. A. D.,LaLiga,12000000.0,12.0,2.0,3.0,5.0,1759.0,42.0,0.4166666666666667,10-20jt
709971,Xavi Moreno,22.0,Attack,Right Winger,Real Valladolid CF,LaLiga,300000.0,0.3,0.0,0.0,0.0,45.0,1.0,0.0,<5jt
710004,Peter Federico,24.0,Attack,Right Winger,Real Valladolid CF,LaLiga,1500000.0,1.5,1.0,0.0,1.0,793.0,23.0,0.6666666666666666,<5jt
710484,Mario Maroto,23.0,Midfield,Central Midfield,Real Valladolid CF,LaLiga,200000.0,0.2,0.0,1.0,1.0,87.0,3.0,5.0,<5jt
710671,Adama Boiro,24.0,Defender,Left-Back,Athletic Club Bilbao,LaLiga,2500000.0,2.5,1.0,1.0,2.0,2805.0,44.0,0.8,<5jt
710677,Iker Muñoz,24.0,Midfield,Defensive Midfield,Club Atlético Osasuna,LaLiga,2000000.0,2.0,0.0,1.0,1.0,2193.0,51.0,0.5,<5jt
710679,Iker Benito,24.0,Attack,Right Winger,Club Atlético Osasuna,LaLiga,1400000.0,1.4,2.0,2.0,4.0,397.0,11.0,2.857142857142857,<5jt
710885,Mario Sauer,22.0,Midfield,Central Midfield,Toulouse Football Club,Ligue 1,1500000.0,1.5,1.0,0.0,1.0,638.0,25.0,0.6666666666666666,<5jt
711337,Evanilson,27.0,Attack,Centre-Forward,Association Football Club Bournemouth,Premier League,35000000.0,35.0,18.0,9.0,27.0,5406.0,73.0,0.7714285714285715,20-40jt
711374,Jon Gorrotxategi,24.0,Midfield,Defensive Midfield,Real Sociedad de Fútbol S.A.D.,LaLiga,25000000.0,25.0,1.0,3.0,4.0,2636.0,37.0,0.16,20-40jt
711380,Jon Balda,24.0,Defender,Left-Back,Real Sociedad de Fútbol S.A.D.,LaLiga,600000.0,0.6,0.0,0.0,0.0,91.0,2.0,0.0,<5jt
711382,Jon Karrikaburu,24.0,Attack,Centre-Forward,Real Sociedad de Fútbol S.A.D.,LaLiga,1800000.0,1.8,0.0,0.0,0.0,153.0,8.0,0.0,<5jt
711394,Javi Martón,27.0,Attack,Centre-Forward,Athletic Club Bilbao,LaLiga,500000.0,0.5,1.0,0.0,1.0,51.0,4.0,2.0,<5jt
711517,Kevin Paredes,23.0,Midfield,Left Midfield,Verein für Leibesübungen Wolfsburg,Bundesliga,2000000.0,2.0,0.0,1.0,1.0,286.0,8.0,0.5,<5jt
711544,Jake O'Brien,25.0,Defender,Right-Back,Everton Football Club,Premier League,18000000.0,18.0,3.0,2.0,5.0,5176.0,63.0,0.2777777777777778,10-20jt
711625,José Ángel Carmona,24.0,Defender,Right-Back,Sevilla Fútbol Club S.A.D.,LaLiga,12000000.0,12.0,1.0,3.0,4.0,5703.0,75.0,0.3333333333333333,10-20jt
711969,Lorenz Assignon,26.0,Defender,Right-Back,Verein für Bewegungsspiele Stuttgart 1893,Bundesliga,9000000.0,9.0,4.0,7.0,11.0,4484.0,69.0,1.2222222222222223,5-10jt
711976,Andy Diouf,23.0,Midfield,Central Midfield,Football Club Internazionale Milano S.p.A.,Serie A,20000000.0,20.0,5.0,2.0,7.0,3319.0,65.0,0.35,10-20jt
711980,Guéla Doué,24.0,Defender,Right-Back,Racing Club de Strasbourg Alsace,Ligue 1,20000000.0,20.0,4.0,8.0,12.0,5154.0,61.0,0.6,10-20jt
711996,Warmed Omari,26.0,Defender,Centre-Back,Hamburger Sport Verein,Bundesliga,4000000.0,4.0,0.0,1.0,1.0,1915.0,24.0,0.25,<5jt
711999,Lesley Ugochukwu,22.0,Midfield,Defensive Midfield,Burnley Football Club,Premier League,22000000.0,22.0,4.0,4.0,8.0,4370.0,67.0,0.36363636363636365,20-40jt
712107,Luiz Júnior,25.0,Goalkeeper,Goalkeeper,Villarreal Club de Fútbol S.A.D.,LaLiga,12000000.0,12.0,0.0,0.0,0.0,4697.0,53.0,0.0,10-20jt
713644,Bryan Zaragoza,25.0,Attack,Left Winger,Associazione Sportiva Roma,Serie A,8000000.0,8.0,3.0,11.0,14.0,3493.0,60.0,1.75,5-10jt
715558,Marcelino Núñez,26.0,Midfield,Central Midfield,Ipswich Town,Premier League,14000000.0,14.0,1.0,0.0,1.0,90.0,1.0,0.07142857142857142,10-20jt
715628,Damián Rodríguez,23.0,Midfield,Defensive Midfield,Real Club Celta de Vigo S. A. D.,LaLiga,500000.0,0.5,0.0,1.0,1.0,1014.0,18.0,2.0,<5jt
716276,Yerson Mosquera,25.0,Defender,Centre-Back,Wolverhampton Wanderers Football Club,Premier League,12000000.0,12.0,0.0,0.0,0.0,3017.0,37.0,0.0,10-20jt
717118,Darlin Yongwa,26.0,Defender,Left-Back,Football Club Lorient-Bretagne Sud,Ligue 1,5000000.0,5.0,0.0,1.0,1.0,1305.0,23.0,0.2,<5jt
717411,Yegor Yarmolyuk,22.0,Midfield,Central Midfield,Brentford Football Club,Premier League,32000000.0,32.0,1.0,2.0,3.0,4553.0,75.0,0.09375,20-40jt
718034,Abde Rebbach,28.0,Attack,Left Winger,Deportivo Alavés S. A. D.,LaLiga,2500000.0,2.5,2.0,6.0,8.0,2196.0,44.0,3.2,<5jt
718201,Kevin Carlos,25.0,Attack,Centre-Forward,Olympique Gymnaste Club Nice Côte d'Azur,Ligue 1,4000000.0,4.0,2.0,1.0,3.0,1446.0,31.0,0.75,<5jt
718303,Ernest Poku,22.0,Attack,Right Winger,Bayer 04 Leverkusen Fußball,Bundesliga,25000000.0,25.0,9.0,18.0,27.0,5402.0,87.0,1.08,20-40jt
719673,Ben Gannon-Doak,21.0,Attack,Right Winger,Association Football Club Bournemouth,Premier League,15000000.0,15.0,0.0,1.0,1.0,150.0,9.0,0.06666666666666667,10-20jt
719720,David Argüelles,24.0,Defender,Left-Back,Getafe Club de Fútbol S. A. D. Team Dubai,LaLiga,150000.0,0.15,0.0,0.0,0.0,226.0,4.0,0.0,<5jt
719999,Andrés Castrín,23.0,Defender,Centre-Back,Sevilla Fútbol Club S.A.D.,LaLiga,6000000.0,6.0,1.0,0.0,1.0,1478.0,22.0,0.16666666666666666,5-10jt
720038,Pablo Torre,23.0,Midfield,Attacking Midfield,Real Club Deportivo Mallorca S.A.D.,LaLiga,5000000.0,5.0,8.0,8.0,16.0,2290.0,53.0,3.2,<5jt
720162,Justin Diehl,22.0,Attack,Left Winger,Verein für Bewegungsspiele Stuttgart 1893,Bundesliga,1200000.0,1.2,1.0,1.0,2.0,156.0,9.0,1.6666666666666667,<5jt
720518,Roberto Fernández,24.0,Attack,Centre-Forward,Reial Club Deportiu Espanyol de Barcelona S.A.D.,LaLiga,10000000.0,10.0,15.0,6.0,21.0,5002.0,87.0,2.1,5-10jt
724104,Fabio Chiarodia,21.0,Defender,Centre-Back,Borussia Verein für Leibesübungen 1900 Mönchengladbach,Bundesliga,3000000.0,3.0,1.0,1.0,2.0,1156.0,33.0,0.6666666666666666,<5jt
724106,Luca Lipani,21.0,Midfield,Defensive Midfield,Unione Sportiva Sassuolo Calcio,Serie A,7500000.0,7.5,0.0,1.0,1.0,1213.0,27.0,0.13333333333333333,5-10jt
724108,Aaron Ciammaglichella,21.0,Midfield,Central Midfield,Torino Calcio,Serie A,1000000.0,1.0,0.0,0.0,0.0,1.0,1.0,0.0,<5jt
724129,Matias Fernandez-Pardo,21.0,Attack,Centre-Forward,Lille Olympique Sporting Club,Ligue 1,35000000.0,35.0,14.0,11.0,25.0,4724.0,76.0,0.7142857142857143,20-40jt
724520,Abde Ezzalzouli,25.0,Attack,Left Winger,Real Betis Balompié S.A.D.,LaLiga,40000000.0,40.0,20.0,19.0,39.0,5962.0,87.0,0.975,20-40jt
724536,Josh Keeley,23.0,Goalkeeper,Goalkeeper,Luton Town,Premier League,800000.0,0.8,0.0,0.0,0.0,90.0,1.0,0.0,<5jt
724540,Bosun Lawal,23.0,Defender,Centre-Back,Stoke City,Premier League,3000000.0,3.0,0.0,0.0,0.0,216.0,3.0,0.0,<5jt
724783,Tawanda Chirewa,23.0,Midfield,Attacking Midfield,Wolverhampton Wanderers Football Club,Premier League,450000.0,0.45,0.0,0.0,0.0,151.0,6.0,0.0,<5jt
725912,Antonín Kinský,23.0,Goalkeeper,Goalkeeper,Tottenham Hotspur Football Club,Premier League,15000000.0,15.0,0.0,0.0,0.0,2477.0,28.0,0.0,10-20jt
726701,Rodrigo Ribeiro,21.0,Attack,Centre-Forward,Fußball-Club Augsburg 1907,Bundesliga,4000000.0,4.0,3.0,0.0,3.0,1654.0,38.0,0.75,<5jt
727089,Noah Sadiki,22.0,Midfield,Central Midfield,Sunderland Association Football Club,Premier League,35000000.0,35.0,1.0,4.0,5.0,6839.0,81.0,0.14285714285714285,20-40jt
728485,Danilo Veiga,24.0,Defender,Right-Back,Unione Sportiva Lecce,Serie A,2500000.0,2.5,0.0,3.0,3.0,4793.0,66.0,1.2,<5jt
728679,Tomas Rigo,24.0,Midfield,Central Midfield,Stoke City,Premier League,4000000.0,4.0,0.0,1.0,1.0,959.0,11.0,0.25,<5jt
728733,Brooke Norton-Cuffy,22.0,Defender,Right-Back,Genoa Cricket and Football Club,Serie A,15000000.0,15.0,2.0,1.0,3.0,3104.0,43.0,0.2,10-20jt
729264,Welington,25.0,Defender,Left-Back,Southampton FC,Premier League,3000000.0,3.0,0.0,0.0,0.0,570.0,11.0,0.0,<5jt
729814,Georges Mikautadze,26.0,Attack,Centre-Forward,Villarreal Club de Fútbol S.A.D.,LaLiga,30000000.0,30.0,31.0,17.0,48.0,4975.0,89.0,1.6,20-40jt
729872,Igor Miladinovic,23.0,Midfield,Attacking Midfield,AS Saint-Étienne,Ligue 1,2000000.0,2.0,0.0,0.0,0.0,23.0,3.0,0.0,<5jt
730484,Aaron Zehnter,22.0,Defender,Left-Back,Verein für Leibesübungen Wolfsburg,Bundesliga,5000000.0,5.0,2.0,0.0,2.0,1534.0,21.0,0.4,<5jt
730581,Loïc Badé,26.0,Defender,Centre-Back,Bayer 04 Leverkusen Fußball,Bundesliga,20000000.0,20.0,1.0,1.0,2.0,5238.0,68.0,0.1,10-20jt
730861,Milos Kerkez,23.0,Defender,Left-Back,Liverpool Football Club,Premier League,35000000.0,35.0,4.0,8.0,12.0,6783.0,89.0,0.34285714285714286,20-40jt
730893,Tyrick Mitchell,27.0,Defender,Left-Back,Crystal Palace Football Club,Premier League,25000000.0,25.0,1.0,8.0,9.0,6983.0,84.0,0.36,20-40jt
731491,Franco Carboni,23.0,Defender,Left-Back,Parma Calcio 1913,Serie A,900000.0,0.9,0.0,1.0,1.0,483.0,17.0,1.1111111111111112,<5jt
731525,Rareș Burnete,22.0,Attack,Centre-Forward,Unione Sportiva Lecce,Serie A,600000.0,0.6,0.0,0.0,0.0,52.0,5.0,0.0,<5jt
732165,Ronnie Edwards,23.0,Defender,Centre-Back,Southampton FC,Premier League,3800000.0,3.8,0.0,0.0,0.0,188.0,3.0,0.0,<5jt
733314,James Carragher,24.0,Defender,Centre-Back,Wigan Athletic,Premier League,250000.0,0.25,1.0,0.0,1.0,279.0,3.0,4.0,<5jt
733371,Sota Kawasaki,25.0,Midfield,Defensive Midfield,1. Fußball- und Sportverein Mainz 05,Bundesliga,2000000.0,2.0,0.0,0.0,0.0,306.0,11.0,0.0,<5jt
733576,Alberto Moleiro,23.0,Attack,Left Winger,Villarreal Club de Fútbol S.A.D.,LaLiga,50000000.0,50.0,16.0,7.0,23.0,5691.0,82.0,0.46,>40jt
734676,Jonas Adjetey,23.0,Defender,Centre-Back,Verein für Leibesübungen Wolfsburg,Bundesliga,6000000.0,6.0,0.0,0.0,0.0,752.0,11.0,0.0,5-10jt
735568,Natan,25.0,Defender,Centre-Back,Real Betis Balompié S.A.D.,LaLiga,25000000.0,25.0,1.0,3.0,4.0,6466.0,82.0,0.16,20-40jt
735570,João Gomes,25.0,Midfield,Central Midfield,Wolverhampton Wanderers Football Club,Premier League,40000000.0,40.0,5.0,5.0,10.0,6433.0,80.0,0.25,20-40jt
735571,Rodrigo Muniz,25.0,Attack,Centre-Forward,Fulham Football Club,Premier League,20000000.0,20.0,12.0,3.0,15.0,2458.0,60.0,0.75,10-20jt
737781,Jérémy Le Douaron,28.0,Attack,Centre-Forward,Stade brestois 29,Ligue 1,5000000.0,5.0,0.0,0.0,0.0,164.0,3.0,0.0,<5jt
739443,Igor Thiago,25.0,Attack,Centre-Forward,Brentford Football Club,Premier League,65000000.0,65.0,25.0,1.0,26.0,3606.0,48.0,0.4,>40jt
739769,Ilan Kebbal,28.0,Attack,Right Winger,Paris Football Club,Ligue 1,12000000.0,12.0,9.0,4.0,13.0,2232.0,29.0,1.0833333333333333,10-20jt
741090,Jonas Rouhi,22.0,Defender,Left-Back,Juventus Football Club,Serie A,2000000.0,2.0,0.0,0.0,0.0,208.0,6.0,0.0,<5jt
741142,Zaid Romero,27.0,Defender,Centre-Back,Getafe Club de Fútbol S. A. D. Team Dubai,LaLiga,2500000.0,2.5,1.0,0.0,1.0,2095.0,33.0,0.4,<5jt
741228,Joe O'Brien-Whitmarsh,21.0,Midfield,Central Midfield,Southampton FC,Premier League,200000.0,0.2,0.0,0.0,0.0,1.0,1.0,0.0,<5jt
741238,Omari Hutchinson,23.0,Midfield,Attacking Midfield,Nottingham Forest Football Club,Premier League,30000000.0,30.0,4.0,10.0,14.0,5053.0,73.0,0.4666666666666667,20-40jt
741257,Álex Jiménez,21.0,Defender,Right-Back,Association Football Club Bournemouth,Premier League,22000000.0,22.0,1.0,3.0,4.0,4092.0,61.0,0.18181818181818182,20-40jt
741289,Youssef Enríquez,21.0,Defender,Left-Back,Deportivo Alavés S. A. D.,LaLiga,4000000.0,4.0,0.0,1.0,1.0,1611.0,29.0,0.25,<5jt
741292,Iker Bravo,21.0,Attack,Centre-Forward,Udinese Calcio,Serie A,5000000.0,5.0,2.0,1.0,3.0,797.0,31.0,0.6,<5jt
742201,Giuliano Simeone,24.0,Attack,Right Winger,Club Atlético de Madrid S.A.D.,LaLiga,40000000.0,40.0,12.0,18.0,30.0,6957.0,104.0,0.75,20-40jt
742521,Jhon Solís,22.0,Midfield,Central Midfield,Girona Fútbol Club S. A. D.,LaLiga,2500000.0,2.5,1.0,0.0,1.0,686.0,25.0,0.4,<5jt
742770,Mohamed Touré,22.0,Attack,Centre-Forward,Norwich City,Premier League,8000000.0,8.0,12.0,8.0,20.0,2296.0,41.0,2.5,5-10jt
743091,Emirhan İlkhan,22.0,Midfield,Central Midfield,Torino Calcio,Serie A,6000000.0,6.0,2.0,2.0,4.0,1192.0,23.0,0.6666666666666666,5-10jt
743384,Chemsdine Talbi,21.0,Attack,Right Winger,Sunderland Association Football Club,Premier League,25000000.0,25.0,11.0,7.0,18.0,3245.0,64.0,0.72,20-40jt
743386,Malick Fofana,21.0,Attack,Left Winger,Olympique Lyonnais,Ligue 1,30000000.0,30.0,13.0,7.0,20.0,3021.0,55.0,0.6666666666666666,20-40jt
743387,Stanis Idumbo,21.0,Midfield,Attacking Midfield,Association sportive de Monaco Football Club,Ligue 1,4000000.0,4.0,2.0,4.0,6.0,691.0,27.0,1.5,<5jt
743413,Nico O'Reilly,21.0,Defender,Left-Back,Manchester City Football Club,Premier League,70000000.0,70.0,14.0,8.0,22.0,5135.0,71.0,0.3142857142857143,>40jt
743496,Kévin Danois,22.0,Midfield,Central Midfield,Association de la Jeunesse auxerroise,Ligue 1,20000000.0,20.0,3.0,1.0,4.0,4298.0,55.0,0.2,10-20jt
743498,Wilson Odobert,22.0,Attack,Left Winger,Tottenham Hotspur Football Club,Premier League,18000000.0,18.0,5.0,5.0,10.0,2599.0,53.0,0.5555555555555556,10-20jt
743500,William Mikelbrencis,22.0,Defender,Right-Back,Hamburger Sport Verein,Bundesliga,3000000.0,3.0,0.0,4.0,4.0,1372.0,26.0,1.3333333333333333,<5jt
743515,Robin Risser,22.0,Goalkeeper,Goalkeeper,Racing Club de Lens,Ligue 1,30000000.0,30.0,0.0,1.0,1.0,2970.0,33.0,0.03333333333333333,20-40jt
743591,Savinho,22.0,Attack,Left Winger,Manchester City Football Club,Premier League,35000000.0,35.0,7.0,16.0,23.0,4521.0,83.0,0.6571428571428571,20-40jt
743599,Emersonn,22.0,Attack,Centre-Forward,Toulouse Football Club,Ligue 1,8000000.0,8.0,8.0,2.0,10.0,2081.0,44.0,1.25,5-10jt
743600,Andrey Santos,22.0,Midfield,Central Midfield,Chelsea Football Club,Premier League,40000000.0,40.0,13.0,9.0,22.0,5413.0,79.0,0.55,20-40jt
743951,Thiago Borbas,24.0,Attack,Centre-Forward,Real Oviedo S.A.D.,LaLiga,3500000.0,3.5,0.0,0.0,0.0,168.0,12.0,0.0,<5jt
744074,Rafael Fernandes,24.0,Defender,Centre-Back,Lille Olympique Sporting Club,Ligue 1,500000.0,0.5,0.0,0.0,0.0,91.0,4.0,0.0,<5jt
744149,Adam Wharton,22.0,Midfield,Defensive Midfield,Crystal Palace Football Club,Premier League,70000000.0,70.0,1.0,8.0,9.0,4687.0,65.0,0.12857142857142856,>40jt
744728,Arijon Ibrahimovic,21.0,Midfield,Attacking Midfield,1. Fußballclub Heidenheim 1846,Bundesliga,10000000.0,10.0,2.0,5.0,7.0,2381.0,39.0,0.7,5-10jt
744857,Elias Baum,21.0,Defender,Right-Back,Eintracht Frankfurt Fußball AG,Bundesliga,4000000.0,4.0,0.0,0.0,0.0,71.0,5.0,0.0,<5jt
745075,David Preu,22.0,Attack,Left Winger,1. Fußballclub Union Berlin,Bundesliga,400000.0,0.4,0.0,0.0,0.0,119.0,5.0,0.0,<5jt
745173,Mamadou Coulibaly,22.0,Midfield,Central Midfield,Association sportive de Monaco Football Club,Ligue 1,15000000.0,15.0,3.0,4.0,7.0,1905.0,35.0,0.4666666666666667,10-20jt
745181,Soungoutou Magassa,23.0,Midfield,Defensive Midfield,West Ham United Football Club,Premier League,17000000.0,17.0,2.0,2.0,4.0,2569.0,55.0,0.23529411764705882,10-20jt
745200,Maghnes Akliouche,24.0,Attack,Right Winger,Association sportive de Monaco Football Club,Ligue 1,50000000.0,50.0,14.0,22.0,36.0,6546.0,84.0,0.72,>40jt
745461,Luca Koleosho,22.0,Attack,Right Winger,Paris Football Club,Ligue 1,6000000.0,6.0,3.0,1.0,4.0,769.0,21.0,0.6666666666666666,5-10jt
746695,Kamaldeen Sulemana,24.0,Attack,Left Winger,Atalanta Bergamasca Calcio S.p.a.,Serie A,17000000.0,17.0,5.0,4.0,9.0,2904.0,65.0,0.5294117647058824,10-20jt
746712,Pietro Comuzzo,21.0,Defender,Centre-Back,Associazione Calcio Fiorentina,Serie A,18000000.0,18.0,2.0,0.0,2.0,4265.0,65.0,0.1111111111111111,10-20jt
746833,Caleb Wiley,22.0,Defender,Left-Back,Chelsea Football Club,Premier League,8000000.0,8.0,0.0,1.0,1.0,267.0,6.0,0.125,5-10jt
746891,Cristian Volpato,23.0,Midfield,Attacking Midfield,Unione Sportiva Sassuolo Calcio,Serie A,10000000.0,10.0,2.0,4.0,6.0,1238.0,27.0,0.6,5-10jt
746910,Mohamed Amoura,26.0,Attack,Centre-Forward,Verein für Leibesübungen Wolfsburg,Bundesliga,20000000.0,20.0,18.0,17.0,35.0,5119.0,69.0,1.75,10-20jt
747009,Justin Devenny,23.0,Midfield,Attacking Midfield,Crystal Palace Football Club,Premier League,12000000.0,12.0,3.0,1.0,4.0,1609.0,55.0,0.3333333333333333,10-20jt
747720,Jayden Addai,21.0,Attack,Right Winger,Calcio Como,Serie A,20000000.0,20.0,6.0,1.0,7.0,1570.0,39.0,0.35,10-20jt
747951,Shea Charles,23.0,Midfield,Defensive Midfield,Southampton FC,Premier League,15000000.0,15.0,2.0,0.0,2.0,355.0,6.0,0.13333333333333333,10-20jt
748319,Carlos Alcaraz,24.0,Midfield,Central Midfield,Everton Football Club,Premier League,15000000.0,15.0,3.0,4.0,7.0,1694.0,40.0,0.4666666666666667,10-20jt
748382,Amin Sarr,25.0,Attack,Centre-Forward,Verona Hellas Football Club,Serie A,2400000.0,2.4,4.0,2.0,6.0,3114.0,68.0,2.5,<5jt
749552,Alieu Fadera,25.0,Attack,Left Winger,Unione Sportiva Sassuolo Calcio,Serie A,4500000.0,4.5,3.0,6.0,9.0,2935.0,60.0,2.0,<5jt
750878,Obed Nkambadio,23.0,Goalkeeper,Goalkeeper,Paris Football Club,Ligue 1,5000000.0,5.0,0.0,0.0,0.0,1080.0,12.0,0.0,<5jt
750904,Tom Louchet,23.0,Midfield,Right Midfield,Olympique Gymnaste Club Nice Côte d'Azur,Ligue 1,7000000.0,7.0,4.0,2.0,6.0,3389.0,65.0,0.8571428571428571,5-10jt
763079,Abdukodir Khusanov,22.0,Defender,Centre-Back,Manchester City Football Club,Premier League,50000000.0,50.0,1.0,0.0,1.0,4601.0,61.0,0.02,>40jt
763182,Josué Casimir,25.0,Attack,Right Winger,Association de la Jeunesse auxerroise,Ligue 1,3000000.0,3.0,5.0,6.0,11.0,3527.0,58.0,3.6666666666666665,<5jt
764859,Williot Swedberg,22.0,Attack,Left Winger,Real Club Celta de Vigo S. A. D.,LaLiga,20000000.0,20.0,15.0,12.0,27.0,3521.0,77.0,1.35,10-20jt
765467,Jozhua Vertrouwd,22.0,Defender,Centre-Back,Rayo Vallecano de Madrid S. A. D.,LaLiga,2000000.0,2.0,0.0,0.0,0.0,859.0,14.0,0.0,<5jt
766412,Théo Le Bris,24.0,Midfield,Right Midfield,Football Club Lorient-Bretagne Sud,Ligue 1,5000000.0,5.0,2.0,2.0,4.0,1902.0,28.0,0.8,<5jt
766583,Kike Salas,24.0,Defender,Centre-Back,Sevilla Fútbol Club S.A.D.,LaLiga,14000000.0,14.0,6.0,2.0,8.0,4789.0,62.0,0.5714285714285714,10-20jt
766723,Manu Bueno,22.0,Midfield,Central Midfield,Sevilla Fútbol Club S.A.D.,LaLiga,1500000.0,1.5,1.0,2.0,3.0,574.0,21.0,2.0,<5jt
767229,Diego Hormigo,23.0,Defender,Left-Back,Sevilla Fútbol Club S.A.D.,LaLiga,300000.0,0.3,0.0,0.0,0.0,38.0,1.0,0.0,<5jt
768380,Arouna Sangante,24.0,Defender,Centre-Back,Le Havre Athletic Club,Ligue 1,8000000.0,8.0,4.0,1.0,5.0,3586.0,44.0,0.625,5-10jt
770407,Elysée Logbo,22.0,Attack,Centre-Forward,Le Havre Athletic Club,Ligue 1,300000.0,0.3,0.0,0.0,0.0,26.0,1.0,0.0,<5jt
770436,Simon Ebonog,22.0,Midfield,Central Midfield,Le Havre Athletic Club,Ligue 1,4500000.0,4.5,1.0,0.0,1.0,1764.0,30.0,0.2222222222222222,<5jt
775605,Pablo Barrios,23.0,Midfield,Central Midfield,Club Atlético de Madrid S.A.D.,LaLiga,55000000.0,55.0,4.0,7.0,11.0,5719.0,79.0,0.2,>40jt
776798,Abdallah Sima,25.0,Attack,Left Winger,Racing Club de Lens,Ligue 1,5000000.0,5.0,12.0,4.0,16.0,2501.0,58.0,3.2,<5jt
776890,Nicolas Jackson,25.0,Attack,Centre-Forward,FC Bayern München,Bundesliga,40000000.0,40.0,23.0,11.0,34.0,4072.0,73.0,0.85,20-40jt
777005,Mert Kömür,21.0,Midfield,Attacking Midfield,Fußball-Club Augsburg 1907,Bundesliga,12000000.0,12.0,4.0,5.0,9.0,2317.0,53.0,0.75,10-20jt
777308,Zain Silcott-Duberry,21.0,Midfield,Left Midfield,Association Football Club Bournemouth,Premier League,200000.0,0.2,0.0,0.0,0.0,2.0,2.0,0.0,<5jt
780548,Omri Gandelman,26.0,Midfield,Attacking Midfield,Unione Sportiva Lecce,Serie A,3000000.0,3.0,16.0,7.0,23.0,4162.0,65.0,7.666666666666667,<5jt
780630,Willy Kambwala,22.0,Defender,Centre-Back,Villarreal Club de Fútbol S.A.D.,LaLiga,3000000.0,3.0,0.0,0.0,0.0,1367.0,23.0,0.0,<5jt
782630,Khalil Fayad,22.0,Midfield,Central Midfield,Montpellier HSC,Ligue 1,5000000.0,5.0,0.0,0.0,0.0,1025.0,20.0,0.0,<5jt
783396,Ramón Terrats,26.0,Midfield,Central Midfield,Reial Club Deportiu Espanyol de Barcelona S.A.D.,LaLiga,3000000.0,3.0,6.0,5.0,11.0,2729.0,60.0,3.6666666666666665,<5jt
785353,Pablo Ibáñez,28.0,Midfield,Central Midfield,Deportivo Alavés S. A. D.,LaLiga,4000000.0,4.0,2.0,2.0,4.0,3989.0,74.0,1.0,<5jt
786436,Ismaël Doukouré,23.0,Defender,Centre-Back,Racing Club de Strasbourg Alsace,Ligue 1,20000000.0,20.0,2.0,3.0,5.0,4904.0,58.0,0.25,10-20jt
787151,Lukas Ullrich,22.0,Defender,Left-Back,Borussia Verein für Leibesübungen 1900 Mönchengladbach,Bundesliga,6000000.0,6.0,1.0,2.0,3.0,3466.0,52.0,0.5,5-10jt
787232,David Datro Fofana,24.0,Attack,Centre-Forward,Racing Club de Strasbourg Alsace,Ligue 1,4000000.0,4.0,8.0,0.0,8.0,1435.0,27.0,2.0,<5jt
787912,El Chadaille Bitshiabu,21.0,Defender,Centre-Back,RasenBallsport Leipzig,Bundesliga,18000000.0,18.0,0.0,0.0,0.0,2374.0,42.0,0.0,10-20jt
789082,Vanderson,25.0,Defender,Right-Back,Association sportive de Monaco Football Club,Ligue 1,18000000.0,18.0,1.0,7.0,8.0,4143.0,61.0,0.4444444444444444,10-20jt
789252,Bence Dárdai,20.0,Midfield,Attacking Midfield,Verein für Leibesübungen Wolfsburg,Bundesliga,5000000.0,5.0,1.0,3.0,4.0,1595.0,28.0,0.8,<5jt
789898,Muhammed Damar,22.0,Midfield,Attacking Midfield,Turn- und Sportgemeinschaft 1899 Hoffenheim Fußball-Spielbetriebs,Bundesliga,5000000.0,5.0,0.0,1.0,1.0,279.0,16.0,0.2,<5jt
792331,Roony Bardghji,21.0,Attack,Right Winger,Futbol Club Barcelona,LaLiga,15000000.0,15.0,2.0,4.0,6.0,886.0,29.0,0.4,10-20jt
792380,Aleksandar Pavlovic,22.0,Midfield,Defensive Midfield,FC Bayern München,Bundesliga,90000000.0,90.0,5.0,3.0,8.0,5164.0,76.0,0.08888888888888889,>40jt
794349,Julien Le Cardinal,29.0,Defender,Centre-Back,Stade brestois 29,Ligue 1,1500000.0,1.5,1.0,1.0,2.0,1635.0,20.0,1.3333333333333333,<5jt
794758,Warren Kamanzi,26.0,Defender,Right-Back,Toulouse Football Club,Ligue 1,1200000.0,1.2,2.0,3.0,5.0,1875.0,48.0,4.166666666666667,<5jt
796213,Nelson Weiper,21.0,Attack,Centre-Forward,1. Fußball- und Sportverein Mainz 05,Bundesliga,7000000.0,7.0,4.0,2.0,6.0,1376.0,51.0,0.8571428571428571,5-10jt
796221,Mats Pannewig,22.0,Midfield,Central Midfield,VfL Bochum,Bundesliga,2500000.0,2.5,0.0,0.0,0.0,257.0,14.0,0.0,<5jt
796297,Jobe Bellingham,21.0,Midfield,Central Midfield,Borussia Dortmund,Bundesliga,40000000.0,40.0,1.0,5.0,6.0,2892.0,49.0,0.15,20-40jt
796865,Lamine Sy,24.0,Defender,Right-Back,Association de la Jeunesse auxerroise,Ligue 1,2500000.0,2.5,0.0,1.0,1.0,1532.0,24.0,0.4,<5jt
798043,Tom Rothe,22.0,Defender,Left-Back,1. Fußballclub Union Berlin,Bundesliga,10000000.0,10.0,5.0,4.0,9.0,3023.0,51.0,0.9,5-10jt
798114,Calebe,26.0,Midfield,Attacking Midfield,Deportivo Alavés S. A. D.,LaLiga,1800000.0,1.8,0.0,0.0,0.0,888.0,21.0,0.0,<5jt
798404,Alidu Seidu,26.0,Defender,Centre-Back,Stade Rennais Football Club,Ligue 1,6000000.0,6.0,0.0,1.0,1.0,1992.0,32.0,0.16666666666666666,5-10jt
798925,Fodé Doucouré,25.0,Defender,Right-Back,Le Havre Athletic Club,Ligue 1,2000000.0,2.0,3.0,1.0,4.0,1242.0,26.0,2.0,<5jt
798929,Gvidas Gineitis,22.0,Midfield,Central Midfield,Torino Calcio,Serie A,5500000.0,5.5,3.0,2.0,5.0,3380.0,62.0,0.9090909090909091,5-10jt
799993,Ayoube Amaimouni-Echghouyab,22.0,Attack,Right Winger,Eintracht Frankfurt Fußball AG,Bundesliga,10000000.0,10.0,2.0,3.0,5.0,580.0,17.0,0.5,5-10jt
800176,André,25.0,Midfield,Defensive Midfield,Wolverhampton Wanderers Football Club,Premier League,25000000.0,25.0,1.0,0.0,1.0,5769.0,75.0,0.04,20-40jt
800988,Benjamin Boakye,21.0,Attack,Left Winger,Verein für Bewegungsspiele Stuttgart 1893,Bundesliga,1200000.0,1.2,0.0,0.0,0.0,6.0,1.0,0.0,<5jt
801426,Tommy Conway,24.0,Attack,Centre-Forward,Middlesbrough FC,Premier League,14000000.0,14.0,0.0,0.0,0.0,124.0,2.0,0.0,10-20jt
801734,Mathys Tel,21.0,Attack,Centre-Forward,Tottenham Hotspur Football Club,Premier League,22000000.0,22.0,7.0,5.0,12.0,3358.0,71.0,0.5454545454545454,20-40jt
801989,Tammer Bany,23.0,Attack,Centre-Forward,West Bromwich Albion,Premier League,250000.0,0.25,2.0,5.0,7.0,783.0,16.0,28.0,<5jt
802515,Noah Nartey,21.0,Midfield,Attacking Midfield,Olympique Lyonnais,Ligue 1,15000000.0,15.0,12.0,8.0,20.0,4399.0,66.0,1.3333333333333333,10-20jt
804219,Léo Scienza,28.0,Midfield,Attacking Midfield,1. Fußballclub Heidenheim 1846,Bundesliga,9000000.0,9.0,4.0,4.0,8.0,1333.0,29.0,0.8888888888888888,5-10jt
804708,Brandon Dominguès,26.0,Attack,Left Winger,Real Oviedo S.A.D.,LaLiga,500000.0,0.5,0.0,0.0,0.0,39.0,1.0,0.0,<5jt
804711,Ousmane Camara,23.0,Defender,Centre-Back,Angers Sporting Club de l'Ouest,Ligue 1,8000000.0,8.0,1.0,0.0,1.0,3362.0,39.0,0.125,5-10jt
805714,Renato Veiga,23.0,Defender,Centre-Back,Villarreal Club de Fútbol S.A.D.,LaLiga,25000000.0,25.0,1.0,1.0,2.0,4994.0,67.0,0.08,20-40jt
805886,Gaby Jean,26.0,Defender,Centre-Back,Unione Sportiva Lecce,Serie A,1500000.0,1.5,0.0,0.0,0.0,1669.0,27.0,0.0,<5jt
805908,Bradley Locko,24.0,Defender,Left-Back,Stade brestois 29,Ligue 1,6000000.0,6.0,0.0,2.0,2.0,1382.0,23.0,0.3333333333333333,5-10jt
806168,Paul Joly,26.0,Defender,Right-Back,Association de la Jeunesse auxerroise,Ligue 1,1200000.0,1.2,0.0,1.0,1.0,1001.0,26.0,0.8333333333333334,<5jt
806793,Clément Akpa,25.0,Defender,Centre-Back,Association de la Jeunesse auxerroise,Ligue 1,9000000.0,9.0,0.0,1.0,1.0,4436.0,57.0,0.1111111111111111,5-10jt
806948,Frank Feller,22.0,Goalkeeper,Goalkeeper,1. Fußballclub Heidenheim 1846,Bundesliga,800000.0,0.8,0.0,0.0,0.0,570.0,7.0,0.0,<5jt
807128,Saïdou Sow,24.0,Defender,Centre-Back,Football Club de Nantes,Ligue 1,3000000.0,3.0,1.0,1.0,2.0,1819.0,21.0,0.6666666666666666,<5jt
807165,Bamo Meïté,25.0,Defender,Centre-Back,Football Club Lorient-Bretagne Sud,Ligue 1,7000000.0,7.0,0.0,3.0,3.0,2432.0,35.0,0.42857142857142855,5-10jt
807386,Conrad Harder,21.0,Attack,Centre-Forward,RasenBallsport Leipzig,Bundesliga,17000000.0,17.0,12.0,12.0,24.0,2954.0,84.0,1.411764705882353,10-20jt
807688,Yassin Belkhdim,24.0,Midfield,Central Midfield,Angers Sporting Club de l'Ouest,Ligue 1,7000000.0,7.0,3.0,3.0,6.0,3668.0,56.0,0.8571428571428571,5-10jt
807689,Frank Magri,27.0,Attack,Centre-Forward,Toulouse Football Club,Ligue 1,3000000.0,3.0,10.0,2.0,12.0,2886.0,51.0,4.0,<5jt
808348,Mamadou Sangaré,24.0,Midfield,Central Midfield,Racing Club de Lens,Ligue 1,40000000.0,40.0,3.0,4.0,7.0,2537.0,31.0,0.175,20-40jt
808664,Florian Micheler,21.0,Midfield,Attacking Midfield,Turn- und Sportgemeinschaft 1899 Hoffenheim Fußball-Spielbetriebs,Bundesliga,500000.0,0.5,0.0,0.0,0.0,96.0,4.0,0.0,<5jt
809498,Luca Kerber,24.0,Midfield,Central Midfield,1. Fußballclub Heidenheim 1846,Bundesliga,2000000.0,2.0,4.0,0.0,4.0,1734.0,47.0,2.0,<5jt
810092,Warren Zaïre-Emery,20.0,Midfield,Central Midfield,Paris Saint-Germain Football Club,Ligue 1,80000000.0,80.0,5.0,7.0,12.0,6867.0,100.0,0.15,>40jt
810096,Ismaël Gharbi,22.0,Attack,Left Winger,Fußball-Club Augsburg 1907,Bundesliga,5000000.0,5.0,5.0,5.0,10.0,1899.0,45.0,2.0,<5jt
810108,Paul Hennrich,21.0,Attack,Left Winger,Turn- und Sportgemeinschaft 1899 Hoffenheim Fußball-Spielbetriebs,Bundesliga,1200000.0,1.2,0.0,0.0,0.0,11.0,1.0,0.0,<5jt
810411,Pablo Pagis,24.0,Attack,Left Winger,Football Club Lorient-Bretagne Sud,Ligue 1,15000000.0,15.0,10.0,5.0,15.0,1772.0,28.0,1.0,10-20jt
810649,Max Finkgräfe,22.0,Defender,Left-Back,RasenBallsport Leipzig,Bundesliga,5000000.0,5.0,1.0,1.0,2.0,510.0,14.0,0.4,<5jt
810895,Eliesse Ben Seghir,21.0,Attack,Left Winger,Bayer 04 Leverkusen Fußball,Bundesliga,20000000.0,20.0,8.0,3.0,11.0,2880.0,65.0,0.55,10-20jt
810909,Lucas Michal,21.0,Attack,Left Winger,Football Club de Metz,Ligue 1,3500000.0,3.5,0.0,0.0,0.0,443.0,24.0,0.0,<5jt
811778,Álvaro Carreras,23.0,Defender,Left-Back,Real Madrid Club de Fútbol,LaLiga,50000000.0,50.0,6.0,7.0,13.0,7445.0,87.0,0.26,>40jt
811779,Alejandro Garnacho,22.0,Attack,Left Winger,Chelsea Football Club,Premier League,28000000.0,28.0,17.0,11.0,28.0,5630.0,98.0,1.0,20-40jt
812654,Rareș Ilie,23.0,Midfield,Attacking Midfield,Olympique Gymnaste Club Nice Côte d'Azur,Ligue 1,1800000.0,1.8,0.0,0.0,0.0,11.0,2.0,0.0,<5jt
813137,Niccolò Pisilli,22.0,Midfield,Central Midfield,Associazione Sportiva Roma,Serie A,30000000.0,30.0,7.0,5.0,12.0,3804.0,75.0,0.4,20-40jt
814446,Luca Marianucci,22.0,Defender,Centre-Back,Torino Calcio,Serie A,7000000.0,7.0,0.0,3.0,3.0,2284.0,37.0,0.42857142857142855,5-10jt
814976,Martin Adeline,23.0,Midfield,Attacking Midfield,Stade Reims,Ligue 1,3000000.0,3.0,0.0,0.0,0.0,25.0,1.0,0.0,<5jt
815078,Jordy Makengo,25.0,Defender,Left-Back,Sport-Club Freiburg,Bundesliga,6000000.0,6.0,0.0,2.0,2.0,2686.0,51.0,0.3333333333333333,5-10jt
815563,Lapo Nava,22.0,Goalkeeper,Goalkeeper,Unione Sportiva Cremonese S.p.A.,Serie A,100000.0,0.1,0.0,0.0,0.0,2.0,1.0,0.0,<5jt
815567,Andrea Mazza,22.0,Goalkeeper,Goalkeeper,AC Monza,Serie A,75000.0,0.075,0.0,0.0,0.0,7.0,1.0,0.0,<5jt
816308,Panos Katseris,25.0,Midfield,Right Midfield,Football Club Lorient-Bretagne Sud,Ligue 1,2000000.0,2.0,1.0,2.0,3.0,746.0,16.0,1.5,<5jt
816580,Tiago Santos,24.0,Defender,Right-Back,Lille Olympique Sporting Club,Ligue 1,10000000.0,10.0,1.0,3.0,4.0,2146.0,39.0,0.4,5-10jt
816585,Can Uzun,21.0,Midfield,Attacking Midfield,Eintracht Frankfurt Fußball AG,Bundesliga,45000000.0,45.0,15.0,9.0,24.0,2514.0,59.0,0.5333333333333333,>40jt
817612,Luke Harris,21.0,Midfield,Attacking Midfield,Fulham Football Club,Premier League,900000.0,0.9,0.0,0.0,0.0,24.0,1.0,0.0,<5jt
817665,Pablo,22.0,Attack,Centre-Forward,West Ham United Football Club,Premier League,18000000.0,18.0,15.0,2.0,17.0,2791.0,50.0,0.9444444444444444,10-20jt
818448,Alessandro Marcandalli,24.0,Defender,Centre-Back,Genoa Cricket and Football Club,Serie A,14000000.0,14.0,1.0,2.0,3.0,3206.0,45.0,0.21428571428571427,10-20jt
818495,Otávio,24.0,Defender,Centre-Back,Paris Football Club,Ligue 1,10000000.0,10.0,3.0,0.0,3.0,4157.0,51.0,0.3,5-10jt
818880,Tommaso Corazza,22.0,Defender,Left-Back,Bologna Football Club 1909,Serie A,1500000.0,1.5,0.0,0.0,0.0,17.0,3.0,0.0,<5jt
818888,Antonio Raimondo,22.0,Attack,Centre-Forward,Venezia FC,Serie A,3000000.0,3.0,0.0,0.0,0.0,102.0,10.0,0.0,<5jt
818892,Nicola Bagnolini,22.0,Goalkeeper,Goalkeeper,Bologna Football Club 1909,Serie A,200000.0,0.2,0.0,0.0,0.0,4.0,1.0,0.0,<5jt
819566,Nidal Celik,20.0,Defender,Centre-Back,Racing Club de Lens,Ligue 1,7000000.0,7.0,0.0,0.0,0.0,1008.0,12.0,0.0,5-10jt
819590,José Salinas,26.0,Defender,Left-Back,Reial Club Deportiu Espanyol de Barcelona S.A.D.,LaLiga,2000000.0,2.0,0.0,0.0,0.0,429.0,13.0,0.0,<5jt
819636,Dzenan Pejcinovic,21.0,Attack,Centre-Forward,Verein für Leibesübungen Wolfsburg,Bundesliga,15000000.0,15.0,11.0,1.0,12.0,1591.0,32.0,0.8,10-20jt
820241,Damion Downs,22.0,Attack,Centre-Forward,Hamburger Sport Verein,Bundesliga,4000000.0,4.0,0.0,0.0,0.0,657.0,15.0,0.0,<5jt
820374,Kobbie Mainoo,21.0,Midfield,Central Midfield,Manchester United Football Club,Premier League,70000000.0,70.0,4.0,4.0,8.0,3931.0,67.0,0.11428571428571428,>40jt
820957,Derry Scherhant,24.0,Attack,Left Winger,Sport-Club Freiburg,Bundesliga,7500000.0,7.5,7.0,2.0,9.0,1829.0,48.0,1.2,5-10jt
821522,Alfie Pond,22.0,Defender,Centre-Back,Wolverhampton Wanderers Football Club,Premier League,200000.0,0.2,0.0,0.0,0.0,32.0,3.0,0.0,<5jt
822331,Omar El Hilali,23.0,Defender,Right-Back,Reial Club Deportiu Espanyol de Barcelona S.A.D.,LaLiga,15000000.0,15.0,0.0,5.0,5.0,6111.0,74.0,0.3333333333333333,10-20jt
822458,Bamba Dieng,26.0,Attack,Centre-Forward,Football Club Lorient-Bretagne Sud,Ligue 1,15000000.0,15.0,13.0,2.0,15.0,1743.0,40.0,1.0,10-20jt
822959,Tom Bischof,21.0,Midfield,Central Midfield,FC Bayern München,Bundesliga,40000000.0,40.0,9.0,6.0,15.0,4990.0,79.0,0.375,20-40jt
823231,Dango Ouattara,24.0,Attack,Right Winger,Brentford Football Club,Premier League,35000000.0,35.0,16.0,14.0,30.0,5176.0,78.0,0.8571428571428571,20-40jt
823486,Michael Kayode,22.0,Defender,Right-Back,Brentford Football Club,Premier League,40000000.0,40.0,1.0,3.0,4.0,4434.0,64.0,0.1,20-40jt
825437,Ilyes Housni,21.0,Attack,Centre-Forward,Le Havre Athletic Club,Ligue 1,1500000.0,1.5,0.0,0.0,0.0,227.0,12.0,0.0,<5jt
825438,Sékou Doucouré,21.0,Defender,Centre-Back,Football Club de Nantes,Ligue 1,150000.0,0.15,0.0,0.0,0.0,56.0,3.0,0.0,<5jt
826224,Arnau Martínez,23.0,Defender,Right-Back,Girona Fútbol Club S. A. D.,LaLiga,10000000.0,10.0,5.0,6.0,11.0,5926.0,76.0,1.1,5-10jt
827734,Ange-Yoan Bonny,23.0,Attack,Centre-Forward,Football Club Internazionale Milano S.p.A.,Serie A,35000000.0,35.0,13.0,13.0,26.0,4266.0,85.0,0.7428571428571429,20-40jt
829299,Max Weiß,22.0,Goalkeeper,Goalkeeper,Burnley Football Club,Premier League,4000000.0,4.0,0.0,0.0,0.0,630.0,7.0,0.0,<5jt
829316,Maurice Krattenmacher,21.0,Midfield,Attacking Midfield,FC Bayern München,Bundesliga,3500000.0,3.5,0.0,0.0,0.0,63.0,1.0,0.0,<5jt
829838,Hennes Behrens,21.0,Defender,Left-Back,1. Fußballclub Heidenheim 1846,Bundesliga,5000000.0,5.0,1.0,2.0,3.0,1348.0,18.0,0.6,<5jt
829874,Lilian Raolisoa,26.0,Defender,Right-Back,Angers Sporting Club de l'Ouest,Ligue 1,4000000.0,4.0,2.0,7.0,9.0,3283.0,61.0,2.25,<5jt
830108,Julián Malatini,25.0,Defender,Centre-Back,Sportverein Werder Bremen von 1899,Bundesliga,2000000.0,2.0,1.0,1.0,2.0,1146.0,23.0,1.0,<5jt
830365,Alisson Santos,24.0,Attack,Left Winger,Società Sportiva Calcio Napoli,Serie A,28000000.0,28.0,7.0,3.0,10.0,1345.0,43.0,0.35714285714285715,20-40jt
830890,Marvin Senaya,25.0,Defender,Right-Back,Association de la Jeunesse auxerroise,Ligue 1,3000000.0,3.0,1.0,0.0,1.0,2005.0,35.0,0.3333333333333333,<5jt
834397,Mike Penders,21.0,Goalkeeper,Goalkeeper,Racing Club de Strasbourg Alsace,Ligue 1,25000000.0,25.0,0.0,0.0,0.0,4091.0,46.0,0.0,20-40jt
834463,Iker Córdoba,21.0,Defender,Centre-Back,Valencia Club de Fútbol S. A. D.,LaLiga,500000.0,0.5,1.0,0.0,1.0,193.0,4.0,2.0,<5jt
834483,Álex Padilla,23.0,Goalkeeper,Goalkeeper,Athletic Club Bilbao,LaLiga,3000000.0,3.0,0.0,0.0,0.0,920.0,11.0,0.0,<5jt
834485,Unai Egiluz,24.0,Defender,Centre-Back,Athletic Club Bilbao,LaLiga,400000.0,0.4,0.0,0.0,0.0,45.0,1.0,0.0,<5jt
834487,Hugo Rincón,23.0,Defender,Right-Back,Girona Fútbol Club S. A. D.,LaLiga,3500000.0,3.5,1.0,2.0,3.0,1928.0,35.0,0.8571428571428571,<5jt
834491,Alejandro Rego,23.0,Midfield,Central Midfield,Athletic Club Bilbao,LaLiga,5000000.0,5.0,1.0,1.0,2.0,2058.0,41.0,0.4,<5jt
834742,Mateo Joseph,23.0,Attack,Centre-Forward,Real Club Deportivo Mallorca S.A.D.,LaLiga,3500000.0,3.5,2.0,4.0,6.0,1716.0,30.0,1.7142857142857142,<5jt
834744,Antoniu Roca,24.0,Attack,Right Winger,Reial Club Deportiu Espanyol de Barcelona S.A.D.,LaLiga,1800000.0,1.8,0.0,1.0,1.0,1541.0,43.0,0.5555555555555556,<5jt
834752,Unai Gómez,23.0,Midfield,Attacking Midfield,Athletic Club Bilbao,LaLiga,5000000.0,5.0,4.0,5.0,9.0,3338.0,85.0,1.8,<5jt
834764,Javi Guerra,23.0,Midfield,Central Midfield,Valencia Club de Fútbol S. A. D.,LaLiga,25000000.0,25.0,7.0,9.0,16.0,5049.0,79.0,0.64,20-40jt
836441,Gaspar,29.0,Defender,Centre-Back,Unione Sportiva Lecce,Serie A,3000000.0,3.0,1.0,1.0,2.0,4431.0,53.0,0.6666666666666666,<5jt
837334,Joel Colwill,22.0,Midfield,Attacking Midfield,Cardiff City,Premier League,900000.0,0.9,2.0,0.0,2.0,336.0,6.0,2.2222222222222223,<5jt
838236,Marin Ljubicic,24.0,Attack,Centre-Forward,1. Fußballclub Union Berlin,Bundesliga,2500000.0,2.5,1.0,1.0,2.0,451.0,15.0,0.8,<5jt
840149,Matija Frigan,23.0,Attack,Centre-Forward,Parma Calcio 1913,Serie A,7000000.0,7.0,10.0,3.0,13.0,2035.0,33.0,1.8571428571428572,5-10jt
840640,Sammy Braybrooke,22.0,Midfield,Defensive Midfield,Leicester City,Premier League,250000.0,0.25,0.0,0.0,0.0,243.0,7.0,0.0,<5jt
841121,John Patrick,23.0,Midfield,Central Midfield,Stade Reims,Ligue 1,800000.0,0.8,0.0,0.0,0.0,743.0,19.0,0.0,<5jt
842338,Enzo Tchato,24.0,Defender,Right-Back,Montpellier HSC,Ligue 1,1800000.0,1.8,0.0,0.0,0.0,1902.0,27.0,0.0,<5jt
842341,Maxime Estève,24.0,Defender,Centre-Back,Burnley Football Club,Premier League,28000000.0,28.0,0.0,0.0,0.0,3118.0,36.0,0.0,20-40jt
843286,Felipe Loyola,26.0,Midfield,Central Midfield,Pisa Sporting Club,Serie A,7000000.0,7.0,1.0,0.0,1.0,539.0,11.0,0.14285714285714285,5-10jt
843595,Max Alleyne,21.0,Defender,Centre-Back,Manchester City Football Club,Premier League,8000000.0,8.0,1.0,0.0,1.0,536.0,8.0,0.125,5-10jt
844516,Luis Vázquez,25.0,Attack,Centre-Forward,Getafe Club de Fútbol S. A. D. Team Dubai,LaLiga,2500000.0,2.5,13.0,4.0,17.0,3671.0,75.0,6.8,<5jt
844637,Marc Pubill,23.0,Defender,Centre-Back,Club Atlético de Madrid S.A.D.,LaLiga,35000000.0,35.0,1.0,1.0,2.0,2865.0,37.0,0.05714285714285714,20-40jt
845289,James McConnell,22.0,Midfield,Defensive Midfield,Liverpool Football Club,Premier League,2000000.0,2.0,0.0,0.0,0.0,210.0,3.0,0.0,<5jt
845321,Kaelan Casey,22.0,Defender,Centre-Back,West Ham United Football Club,Premier League,1000000.0,1.0,0.0,0.0,0.0,1.0,1.0,0.0,<5jt
845654,Kenan Yıldız,21.0,Attack,Left Winger,Juventus Football Club,Serie A,75000000.0,75.0,23.0,19.0,42.0,7304.0,100.0,0.56,>40jt
845809,Lewis Orford,20.0,Midfield,Central Midfield,West Ham United Football Club,Premier League,300000.0,0.3,0.0,0.0,0.0,47.0,2.0,0.0,<5jt
846254,Petar Ratkov,23.0,Attack,Centre-Forward,Società Sportiva Lazio S.p.A.,Serie A,9000000.0,9.0,0.0,0.0,0.0,576.0,17.0,0.0,5-10jt
846310,Oscar Højlund,21.0,Midfield,Central Midfield,Eintracht Frankfurt Fußball AG,Bundesliga,15000000.0,15.0,2.0,2.0,4.0,1960.0,50.0,0.26666666666666666,10-20jt
848509,Jackson Tchatchoua,25.0,Defender,Right-Back,Wolverhampton Wanderers Football Club,Premier League,12000000.0,12.0,2.0,5.0,7.0,5535.0,74.0,0.5833333333333334,10-20jt
848682,Kosta Nedeljkovic,21.0,Defender,Right-Back,RasenBallsport Leipzig,Bundesliga,6000000.0,6.0,0.0,0.0,0.0,1013.0,25.0,0.0,5-10jt
848753,Tommy Setford,20.0,Goalkeeper,Goalkeeper,Arsenal Football Club,Premier League,500000.0,0.5,0.0,0.0,0.0,3.0,1.0,0.0,<5jt
849410,Valentín Barco,22.0,Midfield,Central Midfield,Racing Club de Strasbourg Alsace,Ligue 1,40000000.0,40.0,2.0,7.0,9.0,3981.0,52.0,0.225,20-40jt
849520,Santiago Castro,22.0,Attack,Centre-Forward,Bologna Football Club 1909,Serie A,32000000.0,32.0,21.0,12.0,33.0,6353.0,98.0,1.03125,20-40jt
851220,Amine Sbaï,26.0,Attack,Left Winger,Angers Sporting Club de l'Ouest,Ligue 1,4000000.0,4.0,3.0,1.0,4.0,1834.0,25.0,1.0,<5jt
851385,Tobias Slotsager,20.0,Defender,Centre-Back,Verona Hellas Football Club,Serie A,3000000.0,3.0,0.0,0.0,0.0,653.0,10.0,0.0,<5jt
852727,Diego García,26.0,Attack,Centre-Forward,CD Leganés,LaLiga,1500000.0,1.5,4.0,1.0,5.0,1469.0,32.0,3.3333333333333335,<5jt
854721,Ben Winterburn,22.0,Midfield,Defensive Midfield,Association Football Club Bournemouth,Premier League,450000.0,0.45,0.0,0.0,0.0,176.0,6.0,0.0,<5jt
855015,Farès Chaïbi,24.0,Midfield,Attacking Midfield,Eintracht Frankfurt Fußball AG,Bundesliga,15000000.0,15.0,6.0,13.0,19.0,4423.0,81.0,1.2666666666666666,10-20jt
855134,Skelly Alvero,24.0,Midfield,Defensive Midfield,Sportverein Werder Bremen von 1899,Bundesliga,2500000.0,2.5,0.0,0.0,0.0,231.0,12.0,0.0,<5jt
855256,Alex Scott,23.0,Midfield,Central Midfield,Association Football Club Bournemouth,Premier League,50000000.0,50.0,4.0,1.0,5.0,3993.0,62.0,0.1,>40jt
855308,Arthur Atta,23.0,Midfield,Central Midfield,Udinese Calcio,Serie A,25000000.0,25.0,6.0,4.0,10.0,4071.0,63.0,0.4,20-40jt
855890,Jenson Metcalfe,22.0,Midfield,Central Midfield,Everton Football Club,Premier League,200000.0,0.2,0.0,0.0,0.0,90.0,1.0,0.0,<5jt
856479,Roman Dixon,22.0,Defender,Right-Back,Everton Football Club,Premier League,150000.0,0.15,0.0,0.0,0.0,101.0,2.0,0.0,<5jt
856530,Mateo Pellegrino,25.0,Attack,Centre-Forward,Parma Calcio 1913,Serie A,15000000.0,15.0,15.0,2.0,17.0,3903.0,52.0,1.1333333333333333,10-20jt
857830,Daniel Luna,23.0,Midfield,Attacking Midfield,Real Club Deportivo Mallorca S.A.D.,LaLiga,600000.0,0.6,0.0,0.0,0.0,18.0,2.0,0.0,<5jt
857832,David Torres,23.0,Defender,Centre-Back,Real Valladolid CF,LaLiga,500000.0,0.5,0.0,1.0,1.0,1686.0,21.0,2.0,<5jt
859951,Ashley Phillips,21.0,Defender,Centre-Back,Tottenham Hotspur Football Club,Premier League,7000000.0,7.0,0.0,0.0,0.0,360.0,4.0,0.0,5-10jt
860053,Ismaël Guerti,22.0,Midfield,Attacking Midfield,Football Club de Metz,Ligue 1,250000.0,0.25,0.0,0.0,0.0,25.0,3.0,0.0,<5jt
860078,Kaden Rodney,22.0,Midfield,Defensive Midfield,Crystal Palace Football Club,Premier League,200000.0,0.2,0.0,0.0,0.0,48.0,2.0,0.0,<5jt
860992,Nicolás Valentini,25.0,Defender,Centre-Back,Verona Hellas Football Club,Serie A,3000000.0,3.0,0.0,0.0,0.0,2547.0,36.0,0.0,<5jt
861410,Arda Güler,21.0,Midfield,Attacking Midfield,Real Madrid Club de Fútbol,LaLiga,90000000.0,90.0,12.0,25.0,37.0,5450.0,99.0,0.4111111111111111,>40jt
861981,Alan Matturro,22.0,Defender,Centre-Back,Levante Unión Deportiva S.A.D.,LaLiga,4000000.0,4.0,1.0,1.0,2.0,2040.0,36.0,0.5,<5jt
862297,Nasser Djiga,24.0,Defender,Centre-Back,Wolverhampton Wanderers Football Club,Premier League,6000000.0,6.0,1.0,1.0,2.0,3956.0,51.0,0.3333333333333333,5-10jt
862606,Nesta Elphege,25.0,Attack,Centre-Forward,Parma Calcio 1913,Serie A,4000000.0,4.0,2.0,1.0,3.0,306.0,9.0,0.75,<5jt
863204,Maxi Oyedele,22.0,Midfield,Defensive Midfield,Racing Club de Strasbourg Alsace,Ligue 1,5000000.0,5.0,1.0,0.0,1.0,470.0,9.0,0.2,<5jt
863759,Bruno Ogbus,21.0,Defender,Centre-Back,Sport-Club Freiburg,Bundesliga,15000000.0,15.0,0.0,1.0,1.0,1567.0,27.0,0.06666666666666667,10-20jt
864121,Abdul Fatawu,22.0,Attack,Right Winger,Leicester City,Premier League,20000000.0,20.0,0.0,2.0,2.0,584.0,12.0,0.1,10-20jt
864306,Rafik Belghali,24.0,Defender,Right-Back,Verona Hellas Football Club,Serie A,7000000.0,7.0,3.0,1.0,4.0,4105.0,60.0,0.5714285714285714,5-10jt
864799,Stefan Bajcetic,22.0,Midfield,Defensive Midfield,Liverpool Football Club,Premier League,4000000.0,4.0,1.0,0.0,1.0,1177.0,20.0,0.25,<5jt
865682,Ezechiel Banzuzi,21.0,Midfield,Central Midfield,RasenBallsport Leipzig,Bundesliga,16000000.0,16.0,4.0,7.0,11.0,2836.0,56.0,0.6875,10-20jt
865993,David Ozoh,21.0,Midfield,Defensive Midfield,Crystal Palace Football Club,Premier League,2200000.0,2.2,0.0,0.0,0.0,225.0,4.0,0.0,<5jt
866246,Lucas Bergvall,20.0,Midfield,Central Midfield,Tottenham Hotspur Football Club,Premier League,35000000.0,35.0,1.0,9.0,10.0,3603.0,74.0,0.2857142857142857,20-40jt
866247,Tommaso Rubino,20.0,Midfield,Attacking Midfield,Associazione Calcio Fiorentina,Serie A,1200000.0,1.2,0.0,0.0,0.0,7.0,1.0,0.0,<5jt
866250,Seydou Fini,20.0,Attack,Right Winger,Genoa Cricket and Football Club,Serie A,1000000.0,1.0,0.0,0.0,0.0,103.0,3.0,0.0,<5jt
866579,Cole Campbell,20.0,Attack,Right Winger,Turn- und Sportgemeinschaft 1899 Hoffenheim Fußball-Spielbetriebs,Bundesliga,5000000.0,5.0,0.0,0.0,0.0,165.0,12.0,0.0,<5jt
866655,Tyler Dibling,20.0,Attack,Right Winger,Everton Football Club,Premier League,17000000.0,17.0,4.0,3.0,7.0,2611.0,53.0,0.4117647058823529,10-20jt
867137,Alessandro Circati,23.0,Defender,Centre-Back,Parma Calcio 1913,Serie A,12000000.0,12.0,1.0,1.0,2.0,3386.0,40.0,0.16666666666666666,10-20jt
867688,Jack Hinshelwood,21.0,Midfield,Defensive Midfield,Brighton and Hove Albion Football Club,Premier League,28000000.0,28.0,9.0,7.0,16.0,4144.0,59.0,0.5714285714285714,20-40jt
872171,Lucas Beraldo,23.0,Defender,Centre-Back,Paris Saint-Germain Football Club,Ligue 1,22000000.0,22.0,3.0,1.0,4.0,4067.0,56.0,0.18181818181818182,20-40jt
874538,Ryan Trevitt,23.0,Midfield,Central Midfield,Brentford Football Club,Premier League,275000.0,0.275,0.0,0.0,0.0,274.0,5.0,0.0,<5jt
875332,Arthur Chaves,25.0,Defender,Centre-Back,Fußball-Club Augsburg 1907,Bundesliga,5000000.0,5.0,4.0,0.0,4.0,3860.0,50.0,0.8,<5jt
875334,Semih Kılıçsoy,21.0,Attack,Centre-Forward,Cagliari Calcio,Serie A,11000000.0,11.0,9.0,6.0,15.0,2996.0,69.0,1.3636363636363635,10-20jt
876298,Matteo Prati,23.0,Midfield,Defensive Midfield,Torino Calcio,Serie A,5500000.0,5.5,2.0,1.0,3.0,2776.0,50.0,0.5454545454545454,5-10jt
876400,Simone Pafundi,20.0,Midfield,Attacking Midfield,Udinese Calcio,Serie A,5000000.0,5.0,0.0,0.0,0.0,107.0,9.0,0.0,<5jt
876631,Habib Diarra,22.0,Midfield,Central Midfield,Sunderland Association Football Club,Premier League,35000000.0,35.0,7.0,8.0,15.0,4145.0,56.0,0.42857142857142855,20-40jt
877124,Rosen Bozhinov,21.0,Defender,Centre-Back,Pisa Sporting Club,Serie A,4000000.0,4.0,1.0,0.0,1.0,2006.0,32.0,0.25,<5jt
878150,Amario Cozier-Duberry,21.0,Attack,Right Winger,Brighton and Hove Albion Football Club,Premier League,5000000.0,5.0,1.0,0.0,1.0,229.0,4.0,0.2,<5jt
880245,Mateus Fernandes,22.0,Midfield,Central Midfield,West Ham United Football Club,Premier League,50000000.0,50.0,8.0,9.0,17.0,6528.0,80.0,0.34,>40jt
881297,Adam Daghim,21.0,Attack,Right Winger,Verein für Leibesübungen Wolfsburg,Bundesliga,7500000.0,7.5,4.0,3.0,7.0,2097.0,45.0,0.9333333333333333,5-10jt
882710,Ramón Martínez,24.0,Defender,Centre-Back,Sevilla Fútbol Club S.A.D.,LaLiga,1000000.0,1.0,1.0,0.0,1.0,348.0,6.0,1.0,<5jt
883007,Filippo Mane,21.0,Defender,Centre-Back,Borussia Dortmund,Bundesliga,2500000.0,2.5,0.0,0.0,0.0,311.0,6.0,0.0,<5jt
883122,Anas Haj Mohamed,21.0,Attack,Right Winger,Parma Calcio 1913,Serie A,800000.0,0.8,1.0,1.0,2.0,443.0,15.0,2.5,<5jt
883349,Kevin Zeroli,21.0,Midfield,Central Midfield,AC Monza,Serie A,2000000.0,2.0,0.0,1.0,1.0,406.0,9.0,0.5,<5jt
883539,Charlie Crew,20.0,Midfield,Defensive Midfield,Leeds United Association Football Club,Premier League,150000.0,0.15,0.0,0.0,0.0,151.0,3.0,0.0,<5jt
883865,Rafik Messali,23.0,Defender,Right-Back,Toulouse Football Club,Ligue 1,1500000.0,1.5,0.0,1.0,1.0,954.0,25.0,0.6666666666666666,<5jt
884810,Kjell Wätjen,20.0,Midfield,Central Midfield,Borussia Dortmund,Bundesliga,3500000.0,3.5,0.0,0.0,0.0,15.0,2.0,0.0,<5jt
884820,Almugera Kabar,20.0,Defender,Left-Back,Borussia Dortmund,Bundesliga,3000000.0,3.0,0.0,0.0,0.0,149.0,6.0,0.0,<5jt
885226,Riyad Idrissi,21.0,Defender,Left-Back,Cagliari Calcio,Serie A,4000000.0,4.0,2.0,1.0,3.0,950.0,26.0,0.75,<5jt
885230,Nicola Pintus,21.0,Defender,Centre-Back,Cagliari Calcio,Serie A,400000.0,0.4,0.0,0.0,0.0,3.0,1.0,0.0,<5jt
885445,Hamza Igamane,24.0,Attack,Centre-Forward,Lille Olympique Sporting Club,Ligue 1,18000000.0,18.0,24.0,4.0,28.0,3127.0,63.0,1.5555555555555556,10-20jt
887433,Kadan Young,20.0,Attack,Left Winger,Aston Villa Football Club,Premier League,200000.0,0.2,0.0,0.0,0.0,65.0,3.0,0.0,<5jt
887638,Davide Bartesaghi,21.0,Defender,Left-Back,Associazione Calcio Milan,Serie A,22000000.0,22.0,2.0,1.0,3.0,2708.0,40.0,0.13636363636363635,20-40jt
889435,Obed Vargas,21.0,Midfield,Central Midfield,Club Atlético de Madrid S.A.D.,LaLiga,10000000.0,10.0,0.0,1.0,1.0,1017.0,16.0,0.1,5-10jt
890290,Dean Huijsen,21.0,Defender,Centre-Back,Real Madrid Club de Fútbol,LaLiga,60000000.0,60.0,5.0,4.0,9.0,6300.0,81.0,0.15,>40jt
890385,Sebastian Otoa,22.0,Defender,Centre-Back,Genoa Cricket and Football Club,Serie A,2500000.0,2.5,0.0,1.0,1.0,1865.0,28.0,0.4,<5jt
890719,Ethan Nwaneri,19.0,Midfield,Attacking Midfield,Olympique de Marseille,Ligue 1,35000000.0,35.0,9.0,3.0,12.0,1947.0,54.0,0.34285714285714286,20-40jt
890721,Myles Lewis-Skelly,20.0,Midfield,Central Midfield,Arsenal Football Club,Premier League,45000000.0,45.0,1.0,6.0,7.0,3845.0,69.0,0.15555555555555556,>40jt
891379,Nordine Kandil,25.0,Attack,Left Winger,Racing Club de Strasbourg Alsace,Ligue 1,900000.0,0.9,0.0,0.0,0.0,9.0,1.0,0.0,<5jt
891869,Leonardo Colombo,21.0,Midfield,Defensive Midfield,AC Monza,Serie A,400000.0,0.4,0.0,0.0,0.0,71.0,1.0,0.0,<5jt
891998,Antoine Mendy,22.0,Defender,Centre-Back,Olympique Gymnaste Club Nice Côte d'Azur,Ligue 1,10000000.0,10.0,1.0,1.0,2.0,3840.0,56.0,0.2,5-10jt
892101,Mike Aidoo,21.0,Defender,Right-Back,Football Club Internazionale Milano S.p.A.,Serie A,500000.0,0.5,0.0,0.0,0.0,2.0,1.0,0.0,<5jt
892160,Luka Vuskovic,19.0,Defender,Centre-Back,Hamburger Sport Verein,Bundesliga,60000000.0,60.0,13.0,3.0,16.0,5127.0,58.0,0.26666666666666666,>40jt
892217,Eneko Ortiz,23.0,Defender,Left-Back,Deportivo Alavés S. A. D.,LaLiga,150000.0,0.15,0.0,0.0,0.0,13.0,1.0,0.0,<5jt
892221,Hugo Sotelo,23.0,Midfield,Central Midfield,Real Club Celta de Vigo S. A. D.,LaLiga,5000000.0,5.0,1.0,2.0,3.0,3151.0,58.0,0.6,<5jt
892929,Hugo Álvarez,23.0,Attack,Left Winger,Real Club Celta de Vigo S. A. D.,LaLiga,8000000.0,8.0,8.0,6.0,14.0,3604.0,66.0,1.75,5-10jt
892932,Miguel Román,24.0,Midfield,Central Midfield,Real Club Celta de Vigo S. A. D.,LaLiga,15000000.0,15.0,1.0,3.0,4.0,2048.0,30.0,0.26666666666666666,10-20jt
894914,Antonio Nusa,21.0,Attack,Left Winger,RasenBallsport Leipzig,Bundesliga,32000000.0,32.0,10.0,12.0,22.0,4762.0,75.0,0.6875,20-40jt
895326,Joel Roca,21.0,Attack,Left Winger,Girona Fútbol Club S. A. D.,LaLiga,6000000.0,6.0,3.0,1.0,4.0,1648.0,34.0,0.6666666666666666,5-10jt
895458,Adrián Pica,24.0,Defender,Centre-Back,Deportivo Alavés S. A. D.,LaLiga,1000000.0,1.0,0.0,0.0,0.0,586.0,10.0,0.0,<5jt
895480,Adu Ares,25.0,Attack,Right Winger,Athletic Club Bilbao,LaLiga,2000000.0,2.0,3.0,1.0,4.0,228.0,3.0,2.0,<5jt
895937,Marco Palestra,21.0,Defender,Right-Back,Cagliari Calcio,Serie A,35000000.0,35.0,1.0,4.0,5.0,3479.0,52.0,0.14285714285714285,20-40jt
897423,David Odogu,20.0,Defender,Centre-Back,Associazione Calcio Milan,Serie A,5000000.0,5.0,0.0,0.0,0.0,210.0,6.0,0.0,<5jt
897424,Assan Ouédraogo,20.0,Midfield,Central Midfield,RasenBallsport Leipzig,Bundesliga,28000000.0,28.0,4.0,4.0,8.0,1030.0,25.0,0.2857142857142857,20-40jt
897479,Bennit Bröger,20.0,Attack,Right Winger,Verein für Leibesübungen Wolfsburg,Bundesliga,500000.0,0.5,0.0,0.0,0.0,3.0,1.0,0.0,<5jt
897481,Eric da Silva Moreira,20.0,Defender,Right-Back,Nottingham Forest Football Club,Premier League,800000.0,0.8,0.0,0.0,0.0,376.0,8.0,0.0,<5jt
897505,Lazar Jovanovic,20.0,Attack,Right Winger,Verein für Bewegungsspiele Stuttgart 1893,Bundesliga,3500000.0,3.5,0.0,0.0,0.0,124.0,6.0,0.0,<5jt
898352,Sebastián Boselli,23.0,Defender,Centre-Back,Getafe Club de Fútbol S. A. D. Team Dubai,LaLiga,1500000.0,1.5,0.0,0.0,0.0,374.0,11.0,0.0,<5jt
900195,Kevin,23.0,Attack,Left Winger,Fulham Football Club,Premier League,25000000.0,25.0,17.0,10.0,27.0,4607.0,72.0,1.08,20-40jt
900601,Alex Murphy,22.0,Defender,Left-Back,Newcastle United Football Club,Premier League,1500000.0,1.5,0.0,0.0,0.0,113.0,6.0,0.0,<5jt
901019,Neil El Aynaoui,25.0,Midfield,Central Midfield,Associazione Sportiva Roma,Serie A,23000000.0,23.0,10.0,3.0,13.0,3980.0,65.0,0.5652173913043478,20-40jt
903359,Marius Broholm,22.0,Attack,Right Winger,Lille Olympique Sporting Club,Ligue 1,5000000.0,5.0,1.0,1.0,2.0,449.0,13.0,0.4,<5jt
903611,Nilson Angulo,23.0,Attack,Left Winger,Sunderland Association Football Club,Premier League,17000000.0,17.0,9.0,10.0,19.0,3622.0,63.0,1.1176470588235294,10-20jt
903666,Ethan Mbappé,20.0,Attack,Right Winger,Lille Olympique Sporting Club,Ligue 1,8000000.0,8.0,3.0,1.0,4.0,901.0,33.0,0.5,5-10jt
903693,Senny Mayulu,20.0,Midfield,Central Midfield,Paris Saint-Germain Football Club,Ligue 1,40000000.0,40.0,11.0,6.0,17.0,3169.0,68.0,0.425,20-40jt
904662,Louis Mouton,24.0,Midfield,Attacking Midfield,Angers Sporting Club de l'Ouest,Ligue 1,4000000.0,4.0,2.0,2.0,4.0,2948.0,56.0,1.0,<5jt
904712,Justin Smith,23.0,Midfield,Central Midfield,Reial Club Deportiu Espanyol de Barcelona S.A.D.,LaLiga,100000.0,0.1,0.0,0.0,0.0,228.0,6.0,0.0,<5jt
904723,Aiman Dardari,21.0,Attack,Left Winger,SpVgg Greuther Fürth,Bundesliga,800000.0,0.8,0.0,0.0,0.0,31.0,3.0,0.0,<5jt
904802,Jorrel Hato,20.0,Defender,Left-Back,Chelsea Football Club,Premier League,40000000.0,40.0,5.0,7.0,12.0,6343.0,85.0,0.3,20-40jt
905011,Ibrahim Maza,21.0,Midfield,Attacking Midfield,Bayer 04 Leverkusen Fußball,Bundesliga,45000000.0,45.0,5.0,7.0,12.0,2944.0,44.0,0.26666666666666666,>40jt
905997,Pablo Durán,25.0,Attack,Centre-Forward,Real Club Celta de Vigo S. A. D.,LaLiga,4000000.0,4.0,11.0,8.0,19.0,3531.0,71.0,4.75,<5jt
906160,Saba Goglichidze,22.0,Defender,Centre-Back,Watford FC,Premier League,3500000.0,3.5,0.0,1.0,1.0,3101.0,45.0,0.2857142857142857,<5jt
906969,Daniel Gleiber,21.0,Midfield,Central Midfield,1. Fußball- und Sportverein Mainz 05,Bundesliga,300000.0,0.3,0.0,0.0,0.0,34.0,1.0,0.0,<5jt
907559,Nelson Deossa,26.0,Midfield,Central Midfield,Real Betis Balompié S.A.D.,LaLiga,9000000.0,9.0,0.0,1.0,1.0,1491.0,33.0,0.1111111111111111,5-10jt
907813,Pablo Marín,23.0,Midfield,Attacking Midfield,Real Sociedad de Fútbol S.A.D.,LaLiga,7000000.0,7.0,3.0,5.0,8.0,3990.0,78.0,1.1428571428571428,5-10jt
908621,Nabil Aberdin,24.0,Defender,Centre-Back,Getafe Club de Fútbol S. A. D. Team Dubai,LaLiga,600000.0,0.6,0.0,0.0,0.0,428.0,10.0,0.0,<5jt
908760,Cristian Shpendi,23.0,Attack,Centre-Forward,Cesena FC,Serie A,4500000.0,4.5,0.0,0.0,0.0,90.0,1.0,0.0,<5jt
909758,Federico Redondo,23.0,Midfield,Defensive Midfield,Elche Club de Fútbol S.A.D.,LaLiga,2500000.0,2.5,1.0,0.0,1.0,777.0,19.0,0.4,<5jt
910541,Fábio Baldé,21.0,Attack,Left Winger,Hamburger Sport Verein,Bundesliga,5000000.0,5.0,1.0,1.0,2.0,514.0,17.0,0.4,<5jt
910905,Mamadou Sarr,21.0,Defender,Centre-Back,Chelsea Football Club,Premier League,22000000.0,22.0,0.0,1.0,1.0,4356.0,54.0,0.045454545454545456,20-40jt
911328,Mohamed Kaba,25.0,Midfield,Central Midfield,Football Club de Nantes,Ligue 1,2500000.0,2.5,1.0,2.0,3.0,2044.0,44.0,1.2,<5jt
911424,Tyler Fredricson,21.0,Defender,Centre-Back,Manchester United Football Club,Premier League,3000000.0,3.0,0.0,0.0,0.0,213.0,4.0,0.0,<5jt
911736,Sverre Nypan,20.0,Midfield,Central Midfield,Manchester City Football Club,Premier League,13000000.0,13.0,0.0,0.0,0.0,10.0,1.0,0.0,10-20jt
912081,Jun-ho Bae,23.0,Midfield,Attacking Midfield,Stoke City,Premier League,4000000.0,4.0,1.0,0.0,1.0,130.0,3.0,0.25,<5jt
912392,Lucas Cepeda,24.0,Attack,Left Winger,Elche Club de Fútbol S.A.D.,LaLiga,2500000.0,2.5,1.0,0.0,1.0,399.0,10.0,0.4,<5jt
912902,Guillaume Restes,21.0,Goalkeeper,Goalkeeper,Toulouse Football Club,Ligue 1,18000000.0,18.0,0.0,1.0,1.0,5485.0,62.0,0.05555555555555555,10-20jt
913539,Estanis Pedrola,23.0,Attack,Left Winger,Bologna Football Club 1909,Serie A,500000.0,0.5,0.0,0.0,0.0,71.0,3.0,0.0,<5jt
914562,Désiré Doué,21.0,Attack,Right Winger,Paris Saint-Germain Football Club,Ligue 1,120000000.0,120.0,24.0,22.0,46.0,5368.0,92.0,0.38333333333333336,>40jt
914934,Henrik Meister,23.0,Attack,Centre-Forward,Pisa Sporting Club,Serie A,3800000.0,3.8,3.0,0.0,3.0,1641.0,33.0,0.7894736842105263,<5jt
916014,Isra Domínguez,23.0,Attack,Left Winger,Sevilla Fútbol Club S.A.D.,LaLiga,200000.0,0.2,0.0,0.0,0.0,42.0,2.0,0.0,<5jt
916430,Edoardo Motta,21.0,Goalkeeper,Goalkeeper,Società Sportiva Lazio S.p.A.,Serie A,8000000.0,8.0,0.0,0.0,0.0,1020.0,11.0,0.0,5-10jt
917375,Antoine Hainaut,24.0,Defender,Right-Back,Parma Calcio 1913,Serie A,1700000.0,1.7,2.0,0.0,2.0,1198.0,25.0,1.1764705882352942,<5jt
917778,Rémy Labeau Lascary,23.0,Attack,Centre-Forward,Stade brestois 29,Ligue 1,4000000.0,4.0,7.0,2.0,9.0,1875.0,43.0,2.25,<5jt
918414,Paris Brunner,20.0,Attack,Centre-Forward,Association sportive de Monaco Football Club,Ligue 1,1500000.0,1.5,1.0,0.0,1.0,508.0,20.0,0.6666666666666666,<5jt
918969,Lamine Camara,22.0,Midfield,Central Midfield,Association sportive de Monaco Football Club,Ligue 1,40000000.0,40.0,5.0,11.0,16.0,5302.0,76.0,0.4,20-40jt
919515,Jeanuël Belocian,21.0,Defender,Centre-Back,Verein für Leibesübungen Wolfsburg,Bundesliga,12000000.0,12.0,0.0,1.0,1.0,1988.0,34.0,0.08333333333333333,10-20jt
920470,Tochukwu Nnadi,23.0,Midfield,Defensive Midfield,Olympique de Marseille,Ligue 1,4500000.0,4.5,0.0,2.0,2.0,1771.0,26.0,0.4444444444444444,<5jt
921345,Tay Abed,22.0,Attack,Right Winger,Levante Unión Deportiva S.A.D.,LaLiga,1000000.0,1.0,0.0,0.0,0.0,155.0,8.0,0.0,<5jt
921431,Adam Kölle,20.0,Defender,Centre-Back,1. Fußballclub Heidenheim 1846,Bundesliga,1000000.0,1.0,1.0,0.0,1.0,93.0,7.0,1.0,<5jt
921655,Ismaël Koné,24.0,Midfield,Central Midfield,Unione Sportiva Sassuolo Calcio,Serie A,25000000.0,25.0,8.0,1.0,9.0,3666.0,57.0,0.36,20-40jt
922462,Lewis Koumas,21.0,Attack,Left Winger,Hull City,Premier League,4000000.0,4.0,0.0,0.0,0.0,270.0,3.0,0.0,<5jt
922563,Oliver Scarles,21.0,Defender,Left-Back,West Ham United Football Club,Premier League,10000000.0,10.0,0.0,1.0,1.0,1574.0,33.0,0.1,5-10jt
922693,Archie Gray,20.0,Midfield,Central Midfield,Tottenham Hotspur Football Club,Premier League,35000000.0,35.0,2.0,3.0,5.0,5056.0,76.0,0.14285714285714285,20-40jt
922769,Lewis Miley,20.0,Midfield,Central Midfield,Newcastle United Football Club,Premier League,25000000.0,25.0,5.0,4.0,9.0,2695.0,51.0,0.36,20-40jt
923595,Max Moerstedt,20.0,Attack,Centre-Forward,Turn- und Sportgemeinschaft 1899 Hoffenheim Fußball-Spielbetriebs,Bundesliga,7000000.0,7.0,5.0,1.0,6.0,1418.0,44.0,0.8571428571428571,5-10jt
923831,Leny Yoro,21.0,Defender,Centre-Back,Manchester United Football Club,Premier League,50000000.0,50.0,1.0,3.0,4.0,3793.0,65.0,0.08,>40jt
923915,Antal Yaakobishvili,22.0,Defender,Centre-Back,Girona Fútbol Club S. A. D.,LaLiga,500000.0,0.5,0.0,0.0,0.0,210.0,2.0,0.0,<5jt
923945,Noahkai Banks,20.0,Defender,Centre-Back,Fußball-Club Augsburg 1907,Bundesliga,20000000.0,20.0,1.0,1.0,2.0,2001.0,31.0,0.1,10-20jt
924117,Finn Jeltsch,20.0,Defender,Centre-Back,Verein für Bewegungsspiele Stuttgart 1893,Bundesliga,35000000.0,35.0,0.0,1.0,1.0,3533.0,52.0,0.02857142857142857,20-40jt
924800,Axel Camblan,23.0,Attack,Right Winger,Stade brestois 29,Ligue 1,500000.0,0.5,0.0,0.0,0.0,24.0,2.0,0.0,<5jt
924857,Lennon Miller,20.0,Midfield,Central Midfield,Udinese Calcio,Serie A,10000000.0,10.0,3.0,8.0,11.0,3447.0,53.0,1.1,5-10jt
925838,Francesco Coppola,21.0,Defender,Centre-Back,Pisa Sporting Club,Serie A,3500000.0,3.5,0.0,0.0,0.0,456.0,7.0,0.0,<5jt
926301,Tiago Pereira Cardoso,20.0,Goalkeeper,Goalkeeper,Borussia Verein für Leibesübungen 1900 Mönchengladbach,Bundesliga,1500000.0,1.5,0.0,0.0,0.0,379.0,5.0,0.0,<5jt
926694,Arthur Vermeeren,21.0,Midfield,Defensive Midfield,Olympique de Marseille,Ligue 1,20000000.0,20.0,0.0,4.0,4.0,3464.0,65.0,0.2,10-20jt
926763,Chuki,22.0,Midfield,Attacking Midfield,Real Valladolid CF,LaLiga,4000000.0,4.0,2.0,1.0,3.0,785.0,19.0,0.75,<5jt
926849,Adrián Niño,22.0,Attack,Centre-Forward,Club Atlético de Madrid S.A.D.,LaLiga,500000.0,0.5,0.0,0.0,0.0,20.0,1.0,0.0,<5jt
926952,Patrick Dorgu,22.0,Attack,Left Winger,Manchester United Football Club,Premier League,35000000.0,35.0,7.0,6.0,13.0,5192.0,72.0,0.37142857142857144,20-40jt
926978,Lucas Høgsberg,20.0,Defender,Centre-Back,Racing Club de Strasbourg Alsace,Ligue 1,18000000.0,18.0,0.0,1.0,1.0,3619.0,48.0,0.05555555555555555,10-20jt
927353,Johan Manzambi,21.0,Midfield,Central Midfield,Sport-Club Freiburg,Bundesliga,50000000.0,50.0,9.0,11.0,20.0,3864.0,57.0,0.4,>40jt
927768,Lucas Pires,25.0,Defender,Left-Back,Burnley Football Club,Premier League,4000000.0,4.0,0.0,0.0,0.0,1677.0,24.0,0.0,<5jt
928900,Zanos Savva,21.0,Attack,Right Winger,Torino Calcio,Serie A,200000.0,0.2,0.0,0.0,0.0,5.0,1.0,0.0,<5jt
929743,Matteo Zazza,21.0,Defender,Centre-Back,Società Sportiva Lazio S.p.A.,Serie A,400000.0,0.4,0.0,0.0,0.0,2.0,1.0,0.0,<5jt
929899,Rahim Alhassane,24.0,Defender,Left-Back,Real Oviedo S.A.D.,LaLiga,1500000.0,1.5,0.0,0.0,0.0,1774.0,28.0,0.0,<5jt
929943,Francis Onyeka,19.0,Midfield,Attacking Midfield,Bayer 04 Leverkusen Fußball,Bundesliga,6000000.0,6.0,0.0,0.0,0.0,17.0,2.0,0.0,5-10jt
930767,Giacomo De Pieri,20.0,Attack,Right Winger,Football Club Internazionale Milano S.p.A.,Serie A,1500000.0,1.5,0.0,0.0,0.0,14.0,1.0,0.0,<5jt
930780,Thomas Berenbruch,21.0,Midfield,Central Midfield,Football Club Internazionale Milano S.p.A.,Serie A,1200000.0,1.2,0.0,0.0,0.0,7.0,2.0,0.0,<5jt
930781,Pio Esposito,21.0,Attack,Centre-Forward,Football Club Internazionale Milano S.p.A.,Serie A,45000000.0,45.0,11.0,7.0,18.0,2405.0,51.0,0.4,>40jt
930998,Yannick Eduardo,20.0,Attack,Centre-Forward,Turn- und Sportgemeinschaft 1899 Hoffenheim Fußball-Spielbetriebs,Bundesliga,2500000.0,2.5,0.0,0.0,0.0,61.0,2.0,0.0,<5jt
931160,Djaoui Cissé,22.0,Midfield,Central Midfield,Stade Rennais Football Club,Ligue 1,10000000.0,10.0,1.0,0.0,1.0,2112.0,38.0,0.1,5-10jt
931838,Hugo Larsson,22.0,Midfield,Central Midfield,Eintracht Frankfurt Fußball AG,Bundesliga,28000000.0,28.0,8.0,5.0,13.0,5923.0,81.0,0.4642857142857143,20-40jt
932187,Sascha Britschgi,20.0,Defender,Right-Back,Parma Calcio 1913,Serie A,10000000.0,10.0,1.0,2.0,3.0,2277.0,31.0,0.3,5-10jt
932349,Diego Méndez,23.0,Midfield,Central Midfield,Rayo Vallecano de Madrid S. A. D.,LaLiga,50000.0,0.05,0.0,0.0,0.0,27.0,1.0,0.0,<5jt
933017,Zach Abbott,20.0,Defender,Centre-Back,Nottingham Forest Football Club,Premier League,4000000.0,4.0,0.0,0.0,0.0,814.0,12.0,0.0,<5jt
933018,Tom Watson,20.0,Attack,Left Winger,Brighton and Hove Albion Football Club,Premier League,7000000.0,7.0,1.0,3.0,4.0,193.0,10.0,0.5714285714285714,5-10jt
933900,Samuel Amo-Ameyaw,20.0,Attack,Right Winger,Racing Club de Strasbourg Alsace,Ligue 1,8000000.0,8.0,5.0,2.0,7.0,1609.0,39.0,0.875,5-10jt
933908,Ángel Ortiz,22.0,Defender,Right-Back,Real Betis Balompié S.A.D.,LaLiga,4000000.0,4.0,1.0,3.0,4.0,1732.0,28.0,1.0,<5jt
934159,Tommaso Martinelli,20.0,Goalkeeper,Goalkeeper,Associazione Calcio Fiorentina,Serie A,2000000.0,2.0,0.0,0.0,0.0,90.0,1.0,0.0,<5jt
934514,Riccardo Braschi,20.0,Attack,Centre-Forward,Associazione Calcio Fiorentina,Serie A,2000000.0,2.0,0.0,0.0,0.0,106.0,2.0,0.0,<5jt
934527,Alieu Njie,21.0,Attack,Left Winger,Torino Calcio,Serie A,3000000.0,3.0,2.0,1.0,3.0,857.0,35.0,1.0,<5jt
934878,Jeff Ekhator,20.0,Attack,Centre-Forward,Genoa Cricket and Football Club,Serie A,18000000.0,18.0,5.0,1.0,6.0,1809.0,57.0,0.3333333333333333,10-20jt
935230,Gonzalo García,22.0,Attack,Centre-Forward,Real Madrid Club de Fútbol,LaLiga,30000000.0,30.0,13.0,5.0,18.0,1982.0,49.0,0.6,20-40jt
935231,Víctor Muñoz,23.0,Attack,Left Winger,Club Atlético Osasuna,LaLiga,30000000.0,30.0,7.0,5.0,12.0,2813.0,40.0,0.4,20-40jt
935232,Aitor Mañas,23.0,Attack,Centre-Forward,Deportivo Alavés S. A. D.,LaLiga,600000.0,0.6,0.0,1.0,1.0,364.0,13.0,1.6666666666666667,<5jt
935245,Raúl Asencio,23.0,Defender,Centre-Back,Real Madrid Club de Fútbol,LaLiga,20000000.0,20.0,2.0,3.0,5.0,5701.0,79.0,0.25,10-20jt
935342,Alberto Collado,21.0,Midfield,Central Midfield,Sevilla Fútbol Club S.A.D.,LaLiga,300000.0,0.3,0.0,0.0,0.0,14.0,1.0,0.0,<5jt
935760,Rafiu Durosinmi,23.0,Attack,Centre-Forward,Pisa Sporting Club,Serie A,7000000.0,7.0,7.0,3.0,10.0,1417.0,26.0,1.4285714285714286,5-10jt
935777,Jacopo Seghetti,21.0,Goalkeeper,Goalkeeper,FC Empoli,Serie A,150000.0,0.15,0.0,0.0,0.0,450.0,5.0,0.0,<5jt
936237,Yu Hirakawa,25.0,Attack,Right Winger,Hull City,Premier League,1000000.0,1.0,1.0,0.0,1.0,215.0,4.0,1.0,<5jt
936684,Saad El Haddad,21.0,Midfield,Attacking Midfield,Venezia FC,Serie A,400000.0,0.4,0.0,1.0,1.0,72.0,4.0,2.5,<5jt
936755,Alberto Manzoni,21.0,Midfield,Central Midfield,Atalanta Bergamasca Calcio S.p.a.,Serie A,900000.0,0.9,0.0,0.0,0.0,6.0,2.0,0.0,<5jt
936842,Michael Golding,20.0,Midfield,Central Midfield,Leicester City,Premier League,2000000.0,2.0,0.0,0.0,0.0,1.0,1.0,0.0,<5jt
936874,Tyrique George,20.0,Attack,Left Winger,Everton Football Club,Premier League,20000000.0,20.0,5.0,4.0,9.0,1063.0,35.0,0.45,10-20jt
937840,Harrison Jones,22.0,Midfield,Attacking Midfield,Sunderland Association Football Club,Premier League,150000.0,0.15,0.0,0.0,0.0,90.0,1.0,0.0,<5jt
937941,Thierno Barry,24.0,Attack,Centre-Forward,Everton Football Club,Premier League,30000000.0,30.0,19.0,4.0,23.0,4507.0,78.0,0.7666666666666667,20-40jt
937945,Dani Díaz,20.0,Attack,Right Winger,Real Sociedad de Fútbol S.A.D.,LaLiga,400000.0,0.4,0.0,0.0,0.0,9.0,1.0,0.0,<5jt
937955,Héctor Fort,20.0,Defender,Right-Back,Elche Club de Fútbol S.A.D.,LaLiga,12000000.0,12.0,3.0,2.0,5.0,1267.0,38.0,0.4166666666666667,10-20jt
937958,Lamine Yamal,19.0,Attack,Right Winger,Futbol Club Barcelona,LaLiga,200000000.0,200.0,42.0,43.0,85.0,8317.0,101.0,0.425,>40jt
938146,Adam Aznou,20.0,Defender,Left-Back,Everton Football Club,Premier League,6000000.0,6.0,0.0,1.0,1.0,933.0,18.0,0.16666666666666666,5-10jt
938158,Marc Guiu,20.0,Attack,Centre-Forward,Chelsea Football Club,Premier League,12000000.0,12.0,3.0,2.0,5.0,949.0,24.0,0.4166666666666667,10-20jt
938729,Mikel Jauregizar,23.0,Midfield,Central Midfield,Athletic Club Bilbao,LaLiga,30000000.0,30.0,6.0,5.0,11.0,7171.0,98.0,0.36666666666666664,20-40jt
939290,Jayden Danns,20.0,Attack,Centre-Forward,Liverpool Football Club,Premier League,800000.0,0.8,1.0,0.0,1.0,111.0,3.0,1.25,<5jt
939374,Yoel Lago,22.0,Defender,Centre-Back,Real Club Celta de Vigo S. A. D.,LaLiga,4000000.0,4.0,1.0,2.0,3.0,2099.0,30.0,0.75,<5jt
939745,Lorenzo Torriani,21.0,Goalkeeper,Goalkeeper,Associazione Calcio Milan,Serie A,800000.0,0.8,0.0,0.0,0.0,84.0,2.0,0.0,<5jt
939964,Jean-Mattéo Bahoya,21.0,Attack,Left Winger,Eintracht Frankfurt Fußball AG,Bundesliga,25000000.0,25.0,7.0,8.0,15.0,2965.0,70.0,0.6,20-40jt
941883,Martín Tejón,22.0,Attack,Right Winger,Valencia Club de Fútbol S. A. D.,LaLiga,1000000.0,1.0,0.0,0.0,0.0,187.0,7.0,0.0,<5jt
942497,Jahmai Simpson-Pusey,21.0,Defender,Centre-Back,1. Fußball-Club Köln,Bundesliga,9000000.0,9.0,0.0,0.0,0.0,1225.0,17.0,0.0,5-10jt
942738,Milan Aleksic,21.0,Midfield,Attacking Midfield,Sunderland Association Football Club,Premier League,700000.0,0.7,3.0,1.0,4.0,276.0,4.0,5.714285714285714,<5jt
942814,Lorenzo Tosto,20.0,Defender,Centre-Back,FC Empoli,Serie A,1200000.0,1.2,0.0,0.0,0.0,362.0,6.0,0.0,<5jt
943549,Mark O'Mahony,21.0,Attack,Centre-Forward,Brighton and Hove Albion Football Club,Premier League,450000.0,0.45,1.0,0.0,1.0,81.0,1.0,2.2222222222222223,<5jt
943795,Jovan Milosevic,21.0,Attack,Centre-Forward,Sportverein Werder Bremen von 1899,Bundesliga,7000000.0,7.0,7.0,2.0,9.0,1027.0,22.0,1.2857142857142858,5-10jt
944331,Youssoupha Niang,20.0,Attack,Right Winger,1. Fußball-Club Köln,Bundesliga,2000000.0,2.0,0.0,0.0,0.0,187.0,10.0,0.0,<5jt
944355,Mathieu Acapandié,22.0,Defender,Right-Back,Football Club de Nantes,Ligue 1,700000.0,0.7,0.0,0.0,0.0,259.0,6.0,0.0,<5jt
944427,Edhy Zuliani,22.0,Midfield,Attacking Midfield,Toulouse Football Club,Ligue 1,250000.0,0.25,0.0,0.0,0.0,8.0,1.0,0.0,<5jt
944570,Vasilije Adžić,20.0,Midfield,Attacking Midfield,Juventus Football Club,Serie A,8000000.0,8.0,1.0,0.0,1.0,426.0,26.0,0.125,5-10jt
944724,Ali Youssif,25.0,Defender,Centre-Back,Football Club de Nantes,Ligue 1,2500000.0,2.5,0.0,0.0,0.0,968.0,13.0,0.0,<5jt
945709,Dani Requena,22.0,Midfield,Central Midfield,Villarreal Club de Fútbol S.A.D.,LaLiga,400000.0,0.4,0.0,0.0,0.0,9.0,1.0,0.0,<5jt
946269,Alex Almansa,23.0,Attack,Left Winger,Reial Club Deportiu Espanyol de Barcelona S.A.D.,LaLiga,150000.0,0.15,0.0,0.0,0.0,34.0,1.0,0.0,<5jt
947360,Kassoum Ouattara,22.0,Defender,Left-Back,Association sportive de Monaco Football Club,Ligue 1,12000000.0,12.0,0.0,4.0,4.0,1658.0,36.0,0.3333333333333333,10-20jt
947411,Chris Rigg,19.0,Midfield,Attacking Midfield,Sunderland Association Football Club,Premier League,25000000.0,25.0,1.0,1.0,2.0,939.0,20.0,0.08,20-40jt
947431,David López,23.0,Defender,Centre-Back,Real Club Deportivo Mallorca S.A.D.,LaLiga,1200000.0,1.2,0.0,0.0,0.0,1320.0,21.0,0.0,<5jt
948254,Marco de las Sías,21.0,Defender,Right-Back,Rayo Vallecano de Madrid S. A. D.,LaLiga,100000.0,0.1,0.0,0.0,0.0,45.0,1.0,0.0,<5jt
948272,César Palacios,22.0,Midfield,Attacking Midfield,Real Madrid Club de Fútbol,LaLiga,7500000.0,7.5,0.0,0.0,0.0,100.0,7.0,0.0,5-10jt
948273,Mario Martín,22.0,Midfield,Defensive Midfield,Getafe Club de Fútbol S. A. D. Team Dubai,LaLiga,10000000.0,10.0,4.0,3.0,7.0,4097.0,69.0,0.7,5-10jt
948275,Álvaro Rodríguez,22.0,Attack,Centre-Forward,Elche Club de Fútbol S.A.D.,LaLiga,10000000.0,10.0,10.0,6.0,16.0,3402.0,62.0,1.6,5-10jt
948278,Jacobo Ramón,21.0,Defender,Centre-Back,Calcio Como,Serie A,30000000.0,30.0,3.0,0.0,3.0,3485.0,43.0,0.1,20-40jt
948279,Chema Andrés,21.0,Midfield,Defensive Midfield,Verein für Bewegungsspiele Stuttgart 1893,Bundesliga,20000000.0,20.0,4.0,2.0,6.0,1892.0,41.0,0.3,10-20jt
948294,Nico Paz,22.0,Midfield,Attacking Midfield,Calcio Como,Serie A,80000000.0,80.0,19.0,17.0,36.0,5986.0,75.0,0.45,>40jt
949113,Pape Demba Diop,23.0,Midfield,Central Midfield,Toulouse Football Club,Ligue 1,9000000.0,9.0,1.0,2.0,3.0,1187.0,15.0,0.3333333333333333,5-10jt
949116,Ro Abajas,23.0,Defender,Left-Back,Valencia Club de Fútbol S. A. D.,LaLiga,200000.0,0.2,0.0,0.0,0.0,66.0,1.0,0.0,<5jt
949489,Abdoulaye Keita,24.0,Attack,Left Winger,Getafe Club de Fútbol S. A. D. Team Dubai,LaLiga,200000.0,0.2,0.0,0.0,0.0,94.0,3.0,0.0,<5jt
950091,Stefanos Tzimas,20.0,Attack,Centre-Forward,Brighton and Hove Albion Football Club,Premier League,18000000.0,18.0,3.0,2.0,5.0,311.0,12.0,0.2777777777777778,10-20jt
951579,Saël Kumbedi,21.0,Defender,Right-Back,Verein für Leibesübungen Wolfsburg,Bundesliga,12000000.0,12.0,0.0,5.0,5.0,3068.0,44.0,0.4166666666666667,10-20jt
952282,Afonso Moreira,21.0,Attack,Left Winger,Olympique Lyonnais,Ligue 1,20000000.0,20.0,6.0,10.0,16.0,2111.0,36.0,0.8,10-20jt
952779,Andrija Maksimovic,19.0,Midfield,Attacking Midfield,RasenBallsport Leipzig,Bundesliga,9000000.0,9.0,0.0,0.0,0.0,526.0,17.0,0.0,5-10jt
953135,Callum Marshall,22.0,Attack,Centre-Forward,VfL Bochum,Bundesliga,2000000.0,2.0,0.0,0.0,0.0,58.0,2.0,0.0,<5jt
953901,Santiago Mouriño,24.0,Defender,Right-Back,Villarreal Club de Fútbol S.A.D.,LaLiga,20000000.0,20.0,1.0,3.0,4.0,4975.0,61.0,0.2,10-20jt
954104,Jayden Meghoma,20.0,Defender,Left-Back,Brentford Football Club,Premier League,2000000.0,2.0,1.0,6.0,7.0,2945.0,43.0,3.5,<5jt
954105,Jamaldeen Jimoh-Aloba,20.0,Midfield,Attacking Midfield,Aston Villa Football Club,Premier League,300000.0,0.3,0.0,0.0,0.0,8.0,1.0,0.0,<5jt
955070,Ernest Nuamah,23.0,Attack,Right Winger,Olympique Lyonnais,Ligue 1,10000000.0,10.0,6.0,2.0,8.0,1624.0,35.0,0.8,5-10jt
955263,Kévin Pedro,20.0,Defender,Right-Back,AS Saint-Étienne,Ligue 1,100000.0,0.1,0.0,0.0,0.0,9.0,1.0,0.0,<5jt
955281,Nhoa Sangui,20.0,Defender,Left-Back,Paris Football Club,Ligue 1,10000000.0,10.0,0.0,2.0,2.0,2882.0,52.0,0.2,5-10jt
955354,Dan Sinaté,20.0,Defender,Left-Back,Angers Sporting Club de l'Ouest,Ligue 1,150000.0,0.15,0.0,0.0,0.0,31.0,3.0,0.0,<5jt
955357,Junior Kroupi,20.0,Attack,Centre-Forward,Association Football Club Bournemouth,Premier League,70000000.0,70.0,13.0,0.0,13.0,1839.0,35.0,0.18571428571428572,>40jt
955359,Fodé Sylla,20.0,Midfield,Defensive Midfield,Racing Club de Lens,Ligue 1,900000.0,0.9,0.0,0.0,0.0,97.0,4.0,0.0,<5jt
955448,Tidiam Gomis,20.0,Attack,Left Winger,RasenBallsport Leipzig,Bundesliga,5000000.0,5.0,1.0,1.0,2.0,547.0,30.0,0.4,<5jt
955449,Alexi Koum,20.0,Defender,Left-Back,Olympique de Marseille,Ligue 1,100000.0,0.1,0.0,0.0,0.0,11.0,1.0,0.0,<5jt
956920,Nestory Irankunda,20.0,Attack,Right Winger,Watford FC,Premier League,8000000.0,8.0,0.0,0.0,0.0,180.0,2.0,0.0,5-10jt
957822,Eddy Kouadio,20.0,Defender,Centre-Back,Associazione Calcio Fiorentina,Serie A,2500000.0,2.5,0.0,0.0,0.0,70.0,3.0,0.0,<5jt
957874,Rômulo,24.0,Attack,Centre-Forward,RasenBallsport Leipzig,Bundesliga,30000000.0,30.0,22.0,13.0,35.0,4847.0,61.0,1.1666666666666667,20-40jt
960571,Jones El-Abdellaoui,20.0,Attack,Right Winger,Real Club Celta de Vigo S. A. D.,LaLiga,8000000.0,8.0,3.0,0.0,3.0,1169.0,31.0,0.375,5-10jt
961022,Benja Domínguez,23.0,Attack,Left Winger,Bologna Football Club 1909,Serie A,9000000.0,9.0,4.0,6.0,10.0,2118.0,48.0,1.1111111111111112,5-10jt
961087,Pablo García,20.0,Attack,Right Winger,Real Betis Balompié S.A.D.,LaLiga,8000000.0,8.0,2.0,1.0,3.0,750.0,28.0,0.375,5-10jt
961297,Rodrigo Mendoza,21.0,Midfield,Central Midfield,Club Atlético de Madrid S.A.D.,LaLiga,20000000.0,20.0,2.0,2.0,4.0,1597.0,30.0,0.2,10-20jt
962110,Pau Cubarsí,19.0,Defender,Centre-Back,Futbol Club Barcelona,LaLiga,80000000.0,80.0,2.0,4.0,6.0,8282.0,105.0,0.075,>40jt
962125,Buba Sangaré,19.0,Defender,Right-Back,Elche Club de Fútbol S.A.D.,LaLiga,4500000.0,4.5,0.0,0.0,0.0,541.0,12.0,0.0,<5jt
962145,Arkaitz Mariezkurrena,21.0,Attack,Left Winger,Real Sociedad de Fútbol S.A.D.,LaLiga,800000.0,0.8,2.0,0.0,2.0,309.0,12.0,2.5,<5jt
962555,Abakar Sylla,24.0,Defender,Centre-Back,Football Club de Nantes,Ligue 1,2500000.0,2.5,1.0,0.0,1.0,1010.0,24.0,0.4,<5jt
964087,Alphadjo Cissè,20.0,Midfield,Attacking Midfield,Verona Hellas Football Club,Serie A,6000000.0,6.0,0.0,0.0,0.0,14.0,3.0,0.0,5-10jt
964190,Luken Beitia,22.0,Defender,Centre-Back,Real Sociedad de Fútbol S.A.D.,LaLiga,300000.0,0.3,0.0,0.0,0.0,91.0,2.0,0.0,<5jt
964580,Wesley,23.0,Defender,Right-Back,Associazione Sportiva Roma,Serie A,40000000.0,40.0,5.0,2.0,7.0,3261.0,41.0,0.175,20-40jt
967319,Romain Esse,21.0,Attack,Right Winger,Crystal Palace Football Club,Premier League,10000000.0,10.0,2.0,1.0,3.0,499.0,17.0,0.3,5-10jt
967346,Eliezer Mayenda,21.0,Attack,Centre-Forward,Sunderland Association Football Club,Premier League,16000000.0,16.0,2.0,1.0,3.0,943.0,23.0,0.1875,10-20jt
969192,Ebenezer Akinsanmiro,22.0,Midfield,Central Midfield,Pisa Sporting Club,Serie A,7000000.0,7.0,0.0,1.0,1.0,1464.0,25.0,0.14285714285714285,5-10jt
969447,Dermane Karim,23.0,Midfield,Attacking Midfield,Football Club Lorient-Bretagne Sud,Ligue 1,2500000.0,2.5,2.0,3.0,5.0,2049.0,39.0,2.0,<5jt
970279,Jacques Ekomié,23.0,Defender,Left-Back,Angers Sporting Club de l'Ouest,Ligue 1,9000000.0,9.0,0.0,0.0,0.0,3205.0,53.0,0.0,5-10jt
971570,Endrick,20.0,Attack,Centre-Forward,Olympique Lyonnais,Ligue 1,40000000.0,40.0,13.0,8.0,21.0,2327.0,58.0,0.525,20-40jt
971663,Jeremy Arévalo,21.0,Attack,Centre-Forward,Verein für Bewegungsspiele Stuttgart 1893,Bundesliga,7000000.0,7.0,0.0,1.0,1.0,32.0,7.0,0.14285714285714285,5-10jt
972465,Tani Oluwaseyi,26.0,Attack,Centre-Forward,Villarreal Club de Fútbol S.A.D.,LaLiga,7000000.0,7.0,7.0,2.0,9.0,1535.0,37.0,1.2857142857142858,5-10jt
973085,Carlos Baleba,22.0,Midfield,Defensive Midfield,Brighton and Hove Albion Football Club,Premier League,55000000.0,55.0,3.0,2.0,5.0,5355.0,79.0,0.09090909090909091,>40jt
973690,Luca Lohr,24.0,Defender,Centre-Back,Getafe Club de Fútbol S. A. D. Team Dubai,LaLiga,150000.0,0.15,0.0,0.0,0.0,17.0,1.0,0.0,<5jt
973949,Adama Camara,30.0,Midfield,Defensive Midfield,Paris Football Club,Ligue 1,3000000.0,3.0,1.0,0.0,1.0,2172.0,29.0,0.3333333333333333,<5jt
974251,Lass Kourouma,22.0,Midfield,Central Midfield,Girona Fútbol Club S. A. D.,LaLiga,500000.0,0.5,0.0,0.0,0.0,249.0,7.0,0.0,<5jt
974894,David Mokwa,22.0,Attack,Centre-Forward,Turn- und Sportgemeinschaft 1899 Hoffenheim Fußball-Spielbetriebs,Bundesliga,1000000.0,1.0,2.0,0.0,2.0,122.0,4.0,2.0,<5jt
974996,Aaron Malouda,21.0,Attack,Right Winger,Lille Olympique Sporting Club,Ligue 1,500000.0,0.5,0.0,0.0,0.0,1.0,1.0,0.0,<5jt
975347,Aladji Bamba,20.0,Midfield,Defensive Midfield,Association sportive de Monaco Football Club,Ligue 1,18000000.0,18.0,0.0,2.0,2.0,971.0,23.0,0.1111111111111111,10-20jt
977464,Arthur,23.0,Defender,Right-Back,Bayer 04 Leverkusen Fußball,Bundesliga,8000000.0,8.0,2.0,4.0,6.0,2725.0,59.0,0.75,5-10jt
977877,Ayanda Sishuba,21.0,Midfield,Attacking Midfield,Stade Rennais Football Club,Ligue 1,1000000.0,1.0,0.0,0.0,0.0,2.0,1.0,0.0,<5jt
979551,Pathé Mboup,23.0,Attack,Left Winger,Stade brestois 29,Ligue 1,2500000.0,2.5,1.0,0.0,1.0,1048.0,28.0,0.4,<5jt
979761,Mathys Silistrie,21.0,Goalkeeper,Goalkeeper,Stade Rennais Football Club,Ligue 1,200000.0,0.2,0.0,0.0,0.0,180.0,2.0,0.0,<5jt
979766,Mathis Lambourde,20.0,Attack,Centre-Forward,Verona Hellas Football Club,Serie A,800000.0,0.8,1.0,0.0,1.0,82.0,7.0,1.25,<5jt
980575,Oumar Ngom,22.0,Midfield,Defensive Midfield,Unione Sportiva Lecce,Serie A,3000000.0,3.0,0.0,1.0,1.0,1672.0,26.0,0.3333333333333333,<5jt
980632,Sergiu Perciun,20.0,Midfield,Attacking Midfield,Torino Calcio,Serie A,1500000.0,1.5,0.0,0.0,0.0,148.0,5.0,0.0,<5jt
981977,Axel Guéguin,21.0,Attack,Right Winger,Montpellier HSC,Ligue 1,150000.0,0.15,0.0,0.0,0.0,22.0,1.0,0.0,<5jt
982097,Shumaira Mheuka,19.0,Attack,Centre-Forward,Chelsea Football Club,Premier League,800000.0,0.8,0.0,0.0,0.0,1.0,1.0,0.0,<5jt
982267,Ibrahim Sulemana,23.0,Midfield,Defensive Midfield,Cagliari Calcio,Serie A,6000000.0,6.0,3.0,0.0,3.0,1273.0,30.0,0.5,5-10jt
982393,Lucas Mincarelli,22.0,Defender,Left-Back,Montpellier HSC,Ligue 1,1000000.0,1.0,1.0,0.0,1.0,714.0,10.0,1.0,<5jt
982855,Reda Belahyane,22.0,Midfield,Defensive Midfield,Società Sportiva Lazio S.p.A.,Serie A,6800000.0,6.8,0.0,4.0,4.0,2537.0,43.0,0.5882352941176471,5-10jt
983989,Facundo Buonanotte,22.0,Midfield,Attacking Midfield,Leeds United Association Football Club,Premier League,12000000.0,12.0,7.0,5.0,12.0,2204.0,45.0,1.0,10-20jt
984096,Jair Cunha,21.0,Defender,Centre-Back,Nottingham Forest Football Club,Premier League,15000000.0,15.0,1.0,0.0,1.0,1312.0,19.0,0.06666666666666667,10-20jt
984699,Yaël Nandjou,21.0,Defender,Left-Back,Olympique Gymnaste Club Nice Côte d'Azur,Ligue 1,100000.0,0.1,0.0,0.0,0.0,430.0,7.0,0.0,<5jt
984964,Niccolò Fortini,20.0,Defender,Left-Back,Associazione Calcio Fiorentina,Serie A,10000000.0,10.0,0.0,0.0,0.0,620.0,17.0,0.0,5-10jt
985383,Valentín Gómez,23.0,Defender,Centre-Back,Real Betis Balompié S.A.D.,LaLiga,12000000.0,12.0,1.0,0.0,1.0,2856.0,41.0,0.08333333333333333,10-20jt
985546,Callum Olusesi,19.0,Midfield,Central Midfield,Tottenham Hotspur Football Club,Premier League,500000.0,0.5,0.0,0.0,0.0,1.0,1.0,0.0,<5jt
985806,Alex Freeman,22.0,Defender,Right-Back,Villarreal Club de Fútbol S.A.D.,LaLiga,3500000.0,3.5,0.0,0.0,0.0,340.0,9.0,0.0,<5jt
986262,Junior Ndiaye,21.0,Attack,Centre-Forward,Montpellier HSC,Ligue 1,50000.0,0.05,0.0,0.0,0.0,433.0,15.0,0.0,<5jt
986285,Nordan Mukiele,20.0,Attack,Right Winger,Stade Rennais Football Club,Ligue 1,1000000.0,1.0,1.0,0.0,1.0,90.0,8.0,1.0,<5jt
986291,Andrija Bulatovic,20.0,Midfield,Central Midfield,Racing Club de Lens,Ligue 1,8000000.0,8.0,0.0,4.0,4.0,753.0,19.0,0.5,5-10jt
986298,Joachim Kayi Sanda,20.0,Defender,Centre-Back,Southampton FC,Premier League,1200000.0,1.2,0.0,0.0,0.0,12.0,2.0,0.0,<5jt
987074,Dylan Lawlor,20.0,Defender,Centre-Back,Cardiff City,Premier League,1800000.0,1.8,0.0,0.0,0.0,270.0,3.0,0.0,<5jt
988275,Paul Argney,20.0,Goalkeeper,Goalkeeper,Le Havre Athletic Club,Ligue 1,200000.0,0.2,0.0,0.0,0.0,90.0,1.0,0.0,<5jt
988987,Matteo Cocchi,19.0,Defender,Left-Back,Football Club Internazionale Milano S.p.A.,Serie A,1500000.0,1.5,0.0,0.0,0.0,6.0,1.0,0.0,<5jt
989112,Veljko Milosavljevic,19.0,Defender,Centre-Back,Association Football Club Bournemouth,Premier League,20000000.0,20.0,0.0,0.0,0.0,714.0,12.0,0.0,10-20jt
989574,Santiago Hidalgo,21.0,Attack,Centre-Forward,Toulouse Football Club,Ligue 1,6000000.0,6.0,4.0,6.0,10.0,1303.0,28.0,1.6666666666666667,5-10jt
989621,İsak Vural,20.0,Midfield,Central Midfield,Pisa Sporting Club,Serie A,5000000.0,5.0,0.0,1.0,1.0,820.0,16.0,0.2,<5jt
990637,Zachary Athekame,22.0,Defender,Right-Back,Associazione Calcio Milan,Serie A,15000000.0,15.0,2.0,2.0,4.0,873.0,29.0,0.26666666666666666,10-20jt
990732,Ousmane Touré,21.0,Defender,Centre-Back,Lille Olympique Sporting Club,Ligue 1,500000.0,0.5,0.0,0.0,0.0,116.0,4.0,0.0,<5jt
990836,Romeo Akachukwu,20.0,Midfield,Attacking Midfield,Southampton FC,Premier League,150000.0,0.15,0.0,0.0,0.0,4.0,1.0,0.0,<5jt
991054,Terry Yegbe,25.0,Defender,Centre-Back,Football Club de Metz,Ligue 1,3000000.0,3.0,0.0,1.0,1.0,3364.0,40.0,0.3333333333333333,<5jt
991487,Abdoul Ouattara,21.0,Defender,Right-Back,Racing Club de Strasbourg Alsace,Ligue 1,15000000.0,15.0,3.0,2.0,5.0,2334.0,47.0,0.3333333333333333,10-20jt
991744,Luka Topalović,20.0,Midfield,Central Midfield,Football Club Internazionale Milano S.p.A.,Serie A,2500000.0,2.5,0.0,0.0,0.0,10.0,1.0,0.0,<5jt
992569,Massimo Pessina,19.0,Goalkeeper,Goalkeeper,Bologna Football Club 1909,Serie A,3500000.0,3.5,0.0,0.0,0.0,352.0,4.0,0.0,<5jt
992686,Martial Godo,23.0,Attack,Left Winger,Racing Club de Strasbourg Alsace,Ligue 1,22000000.0,22.0,10.0,3.0,13.0,1707.0,32.0,0.5909090909090909,20-40jt
994536,Claudio Echeverri,20.0,Midfield,Attacking Midfield,Girona Fútbol Club S. A. D.,LaLiga,15000000.0,15.0,2.0,2.0,4.0,952.0,31.0,0.26666666666666666,10-20jt
995642,Ali Ahmed,26.0,Midfield,Left Midfield,Norwich City,Premier League,5000000.0,5.0,0.0,0.0,0.0,153.0,2.0,0.0,<5jt
996453,Maat Daniel Caprini,20.0,Attack,Left Winger,Associazione Calcio Fiorentina,Serie A,2000000.0,2.0,0.0,0.0,0.0,7.0,2.0,0.0,<5jt
996897,Diego Gómez,23.0,Midfield,Central Midfield,Brighton and Hove Albion Football Club,Premier League,25000000.0,25.0,11.0,2.0,13.0,3111.0,56.0,0.52,20-40jt
997478,Othniël Raterink,20.0,Defender,Right-Back,Cagliari Calcio,Serie A,1000000.0,1.0,0.0,0.0,0.0,51.0,2.0,0.0,<5jt
997861,Kauã Santos,23.0,Goalkeeper,Goalkeeper,Eintracht Frankfurt Fußball AG,Bundesliga,7000000.0,7.0,0.0,0.0,0.0,2570.0,30.0,0.0,5-10jt
998101,Alex Tóth,21.0,Midfield,Central Midfield,Association Football Club Bournemouth,Premier League,12000000.0,12.0,1.0,3.0,4.0,942.0,20.0,0.3333333333333333,10-20jt
999127,Benja Cremaschi,21.0,Midfield,Central Midfield,Parma Calcio 1913,Serie A,4000000.0,4.0,0.0,0.0,0.0,355.0,13.0,0.0,<5jt
999229,Jérémy Sebas,23.0,Attack,Centre-Forward,Racing Club de Strasbourg Alsace,Ligue 1,600000.0,0.6,0.0,0.0,0.0,184.0,13.0,0.0,<5jt
1000136,Gorka Rivera,22.0,Defender,Left-Back,Getafe Club de Fútbol S. A. D. Team Dubai,LaLiga,100000.0,0.1,0.0,0.0,0.0,19.0,1.0,0.0,<5jt
1000630,Pablo López,20.0,Attack,Left Winger,Valencia Club de Fútbol S. A. D.,LaLiga,300000.0,0.3,0.0,0.0,0.0,2.0,1.0,0.0,<5jt
1000675,Alejo Sarco,20.0,Attack,Centre-Forward,Borussia Verein für Leibesübungen 1900 Mönchengladbach,Bundesliga,2000000.0,2.0,0.0,0.0,0.0,121.0,6.0,0.0,<5jt
1004203,Keiber Lamadrid,23.0,Attack,Left Winger,West Ham United Football Club,Premier League,1200000.0,1.2,0.0,0.0,0.0,71.0,1.0,0.0,<5jt
1004301,Jérémy Jacquet,21.0,Defender,Centre-Back,Stade Rennais Football Club,Ligue 1,55000000.0,55.0,0.0,1.0,1.0,2602.0,30.0,0.01818181818181818,>40jt
1004344,Ali Dembélé,22.0,Defender,Right-Back,Torino Calcio,Serie A,300000.0,0.3,1.0,0.0,1.0,410.0,17.0,3.3333333333333335,<5jt
1004486,Mathys de Carvalho,21.0,Midfield,Defensive Midfield,Olympique Lyonnais,Ligue 1,3000000.0,3.0,0.0,1.0,1.0,842.0,19.0,0.3333333333333333,<5jt
1004619,Dehmaine Tabibou,21.0,Midfield,Central Midfield,Football Club de Nantes,Ligue 1,5000000.0,5.0,1.0,0.0,1.0,1339.0,39.0,0.2,<5jt
1004708,Josh Acheampong,20.0,Defender,Right-Back,Chelsea Football Club,Premier League,25000000.0,25.0,2.0,0.0,2.0,1554.0,35.0,0.08,20-40jt
1004723,Fellipe Jack,20.0,Defender,Centre-Back,Calcio Como,Serie A,1800000.0,1.8,0.0,0.0,0.0,166.0,7.0,0.0,<5jt
1005165,Giovane,23.0,Attack,Centre-Forward,Società Sportiva Calcio Napoli,Serie A,12000000.0,12.0,3.0,6.0,9.0,2022.0,36.0,0.75,10-20jt
1005240,Christian Mawissa,21.0,Defender,Centre-Back,Association sportive de Monaco Football Club,Ligue 1,15000000.0,15.0,0.0,0.0,0.0,3102.0,49.0,0.0,10-20jt
1005575,Vitor Reis,20.0,Defender,Centre-Back,Girona Fútbol Club S. A. D.,LaLiga,30000000.0,30.0,1.0,1.0,2.0,3513.0,42.0,0.06666666666666667,20-40jt
1005583,Alysson,20.0,Attack,Right Winger,Aston Villa Football Club,Premier League,10000000.0,10.0,0.0,0.0,0.0,47.0,3.0,0.0,5-10jt
1005649,Murillo,24.0,Defender,Centre-Back,Nottingham Forest Football Club,Premier League,50000000.0,50.0,4.0,0.0,4.0,6365.0,78.0,0.08,>40jt
1005855,Ronan Kpakio,19.0,Defender,Right-Back,Cardiff City,Premier League,1200000.0,1.2,0.0,0.0,0.0,295.0,4.0,0.0,<5jt
1006411,Jaydee Canvot,20.0,Defender,Centre-Back,Crystal Palace Football Club,Premier League,28000000.0,28.0,0.0,0.0,0.0,2889.0,44.0,0.0,20-40jt
1007378,Wesley,21.0,Attack,Left Winger,Real Sociedad de Fútbol S.A.D.,LaLiga,4000000.0,4.0,0.0,0.0,0.0,84.0,5.0,0.0,<5jt
1007720,Tyler Bindon,21.0,Defender,Centre-Back,Sheffield United,Premier League,3500000.0,3.5,1.0,0.0,1.0,273.0,4.0,0.2857142857142857,<5jt
1009030,Lorran,20.0,Midfield,Attacking Midfield,Pisa Sporting Club,Serie A,4500000.0,4.5,1.0,0.0,1.0,158.0,10.0,0.2222222222222222,<5jt
1009440,Jan Bürger,19.0,Defender,Right-Back,Verein für Leibesübungen Wolfsburg,Bundesliga,3000000.0,3.0,0.0,0.0,0.0,246.0,7.0,0.0,<5jt
1009441,Felipe Chávez,19.0,Midfield,Central Midfield,1. Fußball-Club Köln,Bundesliga,4000000.0,4.0,0.0,0.0,0.0,108.0,9.0,0.0,<5jt
1009442,Luca Erlein,19.0,Defender,Right-Back,Turn- und Sportgemeinschaft 1899 Hoffenheim Fußball-Spielbetriebs,Bundesliga,1300000.0,1.3,0.0,0.0,0.0,13.0,1.0,0.0,<5jt
1009596,Junior Diaz,23.0,Defender,Centre-Back,Stade brestois 29,Ligue 1,6000000.0,6.0,0.0,1.0,1.0,1560.0,20.0,0.16666666666666666,5-10jt
1009658,Julio Soler,21.0,Defender,Left-Back,Association Football Club Bournemouth,Premier League,8000000.0,8.0,0.0,0.0,0.0,363.0,10.0,0.0,5-10jt
1009766,David Otorbi,19.0,Attack,Right Winger,Valencia Club de Fútbol S. A. D.,LaLiga,500000.0,0.5,0.0,0.0,0.0,13.0,1.0,0.0,<5jt
1010854,Mathis Amougou,20.0,Midfield,Central Midfield,Racing Club de Strasbourg Alsace,Ligue 1,9000000.0,9.0,0.0,0.0,0.0,1270.0,30.0,0.0,5-10jt
1010856,Ryan Rodin,20.0,Attack,Centre-Forward,Association de la Jeunesse auxerroise,Ligue 1,300000.0,0.3,0.0,0.0,0.0,23.0,3.0,0.0,<5jt
1011131,Josh King,19.0,Midfield,Attacking Midfield,Fulham Football Club,Premier League,25000000.0,25.0,2.0,2.0,4.0,1800.0,49.0,0.16,20-40jt
1011152,Trevan Sanusi,19.0,Attack,Left Winger,Football Club Lorient-Bretagne Sud,Ligue 1,400000.0,0.4,0.0,0.0,0.0,21.0,1.0,0.0,<5jt
1011200,Junior Mwanga,23.0,Midfield,Defensive Midfield,Racing Club de Strasbourg Alsace,Ligue 1,6000000.0,6.0,2.0,3.0,5.0,3067.0,41.0,0.8333333333333334,5-10jt
1011738,Harry Amass,19.0,Defender,Left-Back,Manchester United Football Club,Premier League,5000000.0,5.0,0.0,0.0,0.0,375.0,7.0,0.0,<5jt
1011936,Kaye Furo,19.0,Attack,Centre-Forward,Brentford Football Club,Premier League,8000000.0,8.0,1.0,0.0,1.0,216.0,10.0,0.125,5-10jt
1012534,Yankuba Minteh,22.0,Attack,Right Winger,Brighton and Hove Albion Football Club,Premier League,45000000.0,45.0,10.0,9.0,19.0,4646.0,72.0,0.4222222222222222,>40jt
1012564,Rayan,20.0,Attack,Right Winger,Association Football Club Bournemouth,Premier League,60000000.0,60.0,5.0,2.0,7.0,1120.0,15.0,0.11666666666666667,>40jt
1012731,Luis Balbo,20.0,Defender,Left-Back,Associazione Calcio Fiorentina,Serie A,3000000.0,3.0,0.0,0.0,0.0,274.0,7.0,0.0,<5jt
1015619,Ahmed Abdullahi,22.0,Attack,Centre-Forward,Sunderland Association Football Club,Premier League,800000.0,0.8,0.0,0.0,0.0,1.0,1.0,0.0,<5jt
1016015,Ngal'ayel Mukau,22.0,Midfield,Defensive Midfield,Lille Olympique Sporting Club,Ligue 1,15000000.0,15.0,4.0,1.0,5.0,4324.0,78.0,0.3333333333333333,10-20jt
1018259,Gift Orban,24.0,Attack,Centre-Forward,Verona Hellas Football Club,Serie A,7000000.0,7.0,13.0,3.0,16.0,2987.0,47.0,2.2857142857142856,5-10jt
1018395,Adrian Przyborek,19.0,Midfield,Attacking Midfield,Società Sportiva Lazio S.p.A.,Serie A,6000000.0,6.0,0.0,0.0,0.0,8.0,1.0,0.0,5-10jt
1018912,Xavi Espart,19.0,Defender,Right-Back,Futbol Club Barcelona,LaLiga,5000000.0,5.0,0.0,0.0,0.0,190.0,6.0,0.0,<5jt
1018920,Marc Bernal,19.0,Midfield,Defensive Midfield,Futbol Club Barcelona,LaLiga,30000000.0,30.0,5.0,1.0,6.0,1557.0,36.0,0.2,20-40jt
1018938,Jon Martín,20.0,Defender,Centre-Back,Real Sociedad de Fútbol S.A.D.,LaLiga,25000000.0,25.0,2.0,1.0,3.0,4095.0,49.0,0.12,20-40jt
1020191,Ismaëlo Ganiou,21.0,Defender,Centre-Back,Racing Club de Lens,Ligue 1,20000000.0,20.0,3.0,0.0,3.0,2014.0,23.0,0.15,10-20jt
1030153,Justin Bourgault,21.0,Defender,Left-Back,Stade brestois 29,Ligue 1,600000.0,0.6,1.0,0.0,1.0,123.0,2.0,1.6666666666666667,<5jt
1031774,Jarzinho Malanga,20.0,Attack,Left Winger,Verein für Bewegungsspiele Stuttgart 1893,Bundesliga,1700000.0,1.7,0.0,0.0,0.0,47.0,5.0,0.0,<5jt
1032280,Oso,23.0,Defender,Left-Back,Sevilla Fútbol Club S.A.D.,LaLiga,10000000.0,10.0,2.0,3.0,5.0,1648.0,24.0,0.5,5-10jt
1034853,Nobel Mendy,22.0,Defender,Centre-Back,Rayo Vallecano de Madrid S. A. D.,LaLiga,7500000.0,7.5,2.0,0.0,2.0,2091.0,28.0,0.26666666666666666,5-10jt
1035659,Younes Lachaab,21.0,Attack,Left Winger,Lille Olympique Sporting Club,Ligue 1,50000.0,0.05,0.0,0.0,0.0,8.0,3.0,0.0,<5jt
1035765,Ilyas Ansah,22.0,Attack,Centre-Forward,1. Fußballclub Union Berlin,Bundesliga,12000000.0,12.0,5.0,3.0,8.0,2138.0,36.0,0.6666666666666666,10-20jt
1038308,Michel Mboula,23.0,Defender,Centre-Back,Football Club de Metz,Ligue 1,900000.0,0.9,0.0,0.0,0.0,746.0,14.0,0.0,<5jt
1038512,Asier Osambela,22.0,Midfield,Central Midfield,Club Atlético Osasuna,LaLiga,1000000.0,1.0,2.0,1.0,3.0,598.0,21.0,3.0,<5jt
1038950,Karl Etta Eyong,23.0,Attack,Centre-Forward,Levante Unión Deportiva S.A.D.,LaLiga,15000000.0,15.0,9.0,4.0,13.0,1832.0,42.0,0.8666666666666667,10-20jt
1041614,Renato Marin,20.0,Goalkeeper,Goalkeeper,Paris Saint-Germain Football Club,Ligue 1,1000000.0,1.0,0.0,0.0,0.0,180.0,2.0,0.0,<5jt
1042472,Salim Musah,20.0,Attack,Centre-Forward,Sportverein Werder Bremen von 1899,Bundesliga,2000000.0,2.0,1.0,0.0,1.0,197.0,8.0,0.5,<5jt
1042886,Chido Obi,19.0,Attack,Centre-Forward,Manchester United Football Club,Premier League,5000000.0,5.0,0.0,0.0,0.0,212.0,8.0,0.0,<5jt
1043646,Christian Ordóñez,22.0,Midfield,Central Midfield,Parma Calcio 1913,Serie A,6500000.0,6.5,1.0,0.0,1.0,1351.0,31.0,0.15384615384615385,5-10jt
1044893,Yaya Fofana,22.0,Midfield,Central Midfield,Stade Reims,Ligue 1,150000.0,0.15,1.0,1.0,2.0,638.0,12.0,13.333333333333334,<5jt
1045123,Trey Nyoni,19.0,Midfield,Central Midfield,Liverpool Football Club,Premier League,8000000.0,8.0,0.0,1.0,1.0,350.0,17.0,0.125,5-10jt
1045124,Jay Robinson,19.0,Attack,Left Winger,Southampton FC,Premier League,8000000.0,8.0,0.0,0.0,0.0,135.0,4.0,0.0,5-10jt
1045446,Dmytro Bogdanov,19.0,Attack,Centre-Forward,1. Fußballclub Union Berlin,Bundesliga,800000.0,0.8,0.0,1.0,1.0,58.0,3.0,1.25,<5jt
1045762,Jordi Paulina,22.0,Attack,Centre-Forward,Borussia Dortmund,Bundesliga,500000.0,0.5,0.0,0.0,0.0,8.0,1.0,0.0,<5jt
1045986,Mick Schmetgens,19.0,Defender,Centre-Back,Sportverein Werder Bremen von 1899,Bundesliga,700000.0,0.7,0.0,0.0,0.0,36.0,2.0,0.0,<5jt
1046867,Jan Ziolkowski,21.0,Defender,Centre-Back,Associazione Sportiva Roma,Serie A,12000000.0,12.0,1.0,1.0,2.0,1339.0,30.0,0.16666666666666666,10-20jt
1047097,Yoram Zague,20.0,Defender,Right-Back,Paris Saint-Germain Football Club,Ligue 1,2500000.0,2.5,0.0,0.0,0.0,183.0,4.0,0.0,<5jt
1047104,Yanis Issoufou,20.0,Attack,Left Winger,Montpellier HSC,Ligue 1,100000.0,0.1,0.0,0.0,0.0,75.0,4.0,0.0,<5jt
1047256,Asher Agbinone,21.0,Attack,Left Winger,Crystal Palace Football Club,Premier League,75000.0,0.075,0.0,0.0,0.0,4.0,2.0,0.0,<5jt
1047257,Rio Cardines,20.0,Defender,Left-Back,Crystal Palace Football Club,Premier League,300000.0,0.3,0.0,0.0,0.0,106.0,2.0,0.0,<5jt
1047261,Caleb Kporha,20.0,Defender,Right-Back,Crystal Palace Football Club,Premier League,1000000.0,1.0,0.0,0.0,0.0,12.0,3.0,0.0,<5jt
1048147,Federico Cassa,20.0,Midfield,Attacking Midfield,Atalanta Bergamasca Calcio S.p.a.,Serie A,700000.0,0.7,0.0,0.0,0.0,12.0,2.0,0.0,<5jt
1052287,Marwann Nzuzi,22.0,Defender,Right-Back,AS Saint-Étienne,Ligue 1,300000.0,0.3,0.0,0.0,0.0,126.0,2.0,0.0,<5jt
1053208,Quentin Ndjantou,19.0,Attack,Left Winger,Paris Saint-Germain Football Club,Ligue 1,8000000.0,8.0,1.0,2.0,3.0,457.0,13.0,0.375,5-10jt
1054429,Carlos Guirao,23.0,Midfield,Defensive Midfield,Real Betis Balompié S.A.D.,LaLiga,300000.0,0.3,0.0,0.0,0.0,121.0,3.0,0.0,<5jt
1054934,Maroan Sannadi,25.0,Attack,Centre-Forward,Athletic Club Bilbao,LaLiga,3000000.0,3.0,2.0,3.0,5.0,1605.0,35.0,1.6666666666666667,<5jt
1055220,Fran González,21.0,Goalkeeper,Goalkeeper,Real Madrid Club de Fútbol,LaLiga,3000000.0,3.0,0.0,0.0,0.0,90.0,1.0,0.0,<5jt
1055860,Iñaki Rupérez,23.0,Defender,Right-Back,Real Sociedad de Fútbol S.A.D.,LaLiga,300000.0,0.3,0.0,0.0,0.0,6.0,1.0,0.0,<5jt
1056971,Aingeru Olabarrieta,21.0,Attack,Right Winger,Athletic Club Bilbao,LaLiga,500000.0,0.5,0.0,0.0,0.0,83.0,2.0,0.0,<5jt
1056993,Estêvão,19.0,Attack,Right Winger,Chelsea Football Club,Premier League,80000000.0,80.0,9.0,4.0,13.0,2061.0,41.0,0.1625,>40jt
1057316,Franco Mastantuono,19.0,Attack,Right Winger,Real Madrid Club de Fútbol,LaLiga,45000000.0,45.0,3.0,1.0,4.0,1748.0,38.0,0.08888888888888889,>40jt
1058354,Matteo Palma,18.0,Defender,Centre-Back,Udinese Calcio,Serie A,5000000.0,5.0,0.0,0.0,0.0,9.0,2.0,0.0,<5jt
1058359,Samuele Inácio,18.0,Attack,Second Striker,Borussia Dortmund,Bundesliga,15000000.0,15.0,1.0,0.0,1.0,383.0,7.0,0.06666666666666667,10-20jt
1058368,Francesco Camarda,18.0,Attack,Centre-Forward,Unione Sportiva Lecce,Serie A,15000000.0,15.0,1.0,1.0,2.0,1021.0,37.0,0.13333333333333333,10-20jt
1058514,Montrell Culbreath,19.0,Attack,Right Winger,Bayer 04 Leverkusen Fußball,Bundesliga,15000000.0,15.0,1.0,0.0,1.0,809.0,16.0,0.06666666666666667,10-20jt
1058515,Kacper Koscierski,19.0,Defender,Right-Back,VfL Bochum,Bundesliga,700000.0,0.7,0.0,0.0,0.0,6.0,1.0,0.0,<5jt
1058520,Otto Stange,19.0,Attack,Centre-Forward,Hamburger Sport Verein,Bundesliga,4000000.0,4.0,0.0,0.0,0.0,416.0,12.0,0.0,<5jt
1060087,Charalampos Kostoulas,19.0,Attack,Centre-Forward,Brighton and Hove Albion Football Club,Premier League,25000000.0,25.0,8.0,3.0,11.0,2398.0,60.0,0.44,20-40jt
1061122,Adrián Liso,21.0,Attack,Left Winger,Getafe Club de Fútbol S. A. D. Team Dubai,LaLiga,3000000.0,3.0,3.0,3.0,6.0,1801.0,31.0,2.0,<5jt
1061260,Iago Parente,20.0,Defender,Centre-Back,Real Valladolid CF,LaLiga,150000.0,0.15,0.0,0.0,0.0,72.0,1.0,0.0,<5jt
1061282,Assane Diao,21.0,Attack,Left Winger,Calcio Como,Serie A,30000000.0,30.0,12.0,4.0,16.0,2808.0,48.0,0.5333333333333333,20-40jt
1061336,Pau Navarro,21.0,Defender,Centre-Back,Villarreal Club de Fútbol S.A.D.,LaLiga,15000000.0,15.0,0.0,0.0,0.0,3298.0,46.0,0.0,10-20jt
1061660,Selvi Clua,21.0,Midfield,Defensive Midfield,Girona Fútbol Club S. A. D.,LaLiga,300000.0,0.3,0.0,0.0,0.0,402.0,7.0,0.0,<5jt
1061665,Jastin Garcia,22.0,Attack,Left Winger,Girona Fútbol Club S. A. D.,LaLiga,200000.0,0.2,0.0,0.0,0.0,41.0,2.0,0.0,<5jt
1061820,Lorenzo Venturino,20.0,Attack,Right Winger,Associazione Sportiva Roma,Serie A,5000000.0,5.0,2.0,1.0,3.0,466.0,21.0,0.6,<5jt
1063329,Andrés García,23.0,Defender,Right-Back,Aston Villa Football Club,Premier League,6000000.0,6.0,0.0,0.0,0.0,638.0,19.0,0.0,5-10jt
1063338,Carlos Espí,21.0,Attack,Centre-Forward,Levante Unión Deportiva S.A.D.,LaLiga,20000000.0,20.0,13.0,0.0,13.0,1438.0,27.0,0.65,10-20jt
1063340,Kareem Tunde,21.0,Attack,Right Winger,Levante Unión Deportiva S.A.D.,LaLiga,2000000.0,2.0,0.0,1.0,1.0,1143.0,21.0,0.5,<5jt
1063553,Pau Cabanes,21.0,Attack,Centre-Forward,Villarreal Club de Fútbol S.A.D.,LaLiga,800000.0,0.8,2.0,1.0,3.0,536.0,19.0,3.75,<5jt
1063574,Jan Salas,21.0,Midfield,Central Midfield,Real Club Deportivo Mallorca S.A.D.,LaLiga,500000.0,0.5,0.0,0.0,0.0,136.0,7.0,0.0,<5jt
1064105,Miguel Sierra,22.0,Attack,Right Winger,Sevilla Fútbol Club S.A.D.,LaLiga,300000.0,0.3,0.0,0.0,0.0,65.0,5.0,0.0,<5jt
1064391,Egoitz Muñoz,22.0,Defender,Right-Back,Deportivo Alavés S. A. D.,LaLiga,200000.0,0.2,0.0,0.0,0.0,90.0,1.0,0.0,<5jt
1064471,Fer López,22.0,Midfield,Attacking Midfield,Real Club Celta de Vigo S. A. D.,LaLiga,16000000.0,16.0,4.0,2.0,6.0,2466.0,52.0,0.375,10-20jt
1064506,Adam Boayar,21.0,Attack,Second Striker,Elche Club de Fútbol S.A.D.,LaLiga,800000.0,0.8,3.0,1.0,4.0,441.0,11.0,5.0,<5jt
1064871,Joaquín Panichelli,24.0,Attack,Centre-Forward,Racing Club de Strasbourg Alsace,Ligue 1,35000000.0,35.0,16.0,1.0,17.0,2368.0,30.0,0.4857142857142857,20-40jt
1065442,Iñigo Arguibide,21.0,Defender,Right-Back,Club Atlético Osasuna,LaLiga,800000.0,0.8,0.0,0.0,0.0,403.0,9.0,0.0,<5jt
1067168,Harry Howell,18.0,Midfield,Attacking Midfield,Brighton and Hove Albion Football Club,Premier League,300000.0,0.3,0.0,0.0,0.0,6.0,1.0,0.0,<5jt
1067904,Bazoumana Touré,20.0,Attack,Left Winger,Turn- und Sportgemeinschaft 1899 Hoffenheim Fußball-Spielbetriebs,Bundesliga,40000000.0,40.0,7.0,15.0,22.0,3172.0,48.0,0.55,20-40jt
1068110,Rabby Nzingoula,21.0,Midfield,Defensive Midfield,Montpellier HSC,Ligue 1,2000000.0,2.0,1.0,0.0,1.0,1695.0,27.0,0.5,<5jt
1069512,Jonah Kusi-Asare,19.0,Attack,Centre-Forward,Fulham Football Club,Premier League,3000000.0,3.0,0.0,0.0,0.0,128.0,12.0,0.0,<5jt
1070979,Wael Mohya,17.0,Midfield,Attacking Midfield,Borussia Verein für Leibesübungen 1900 Mönchengladbach,Bundesliga,17000000.0,17.0,2.0,1.0,3.0,554.0,17.0,0.17647058823529413,10-20jt
1071596,Dro Fernández,18.0,Midfield,Attacking Midfield,Paris Saint-Germain Football Club,Ligue 1,10000000.0,10.0,1.0,1.0,2.0,833.0,18.0,0.2,5-10jt
1071956,Emmanuel Biumla,21.0,Defender,Centre-Back,Angers Sporting Club de l'Ouest,Ligue 1,2500000.0,2.5,1.0,0.0,1.0,1717.0,26.0,0.4,<5jt
1073032,Ike Orazi,19.0,Attack,Left Winger,Stade Reims,Ligue 1,75000.0,0.075,0.0,0.0,0.0,1.0,1.0,0.0,<5jt
1073176,Oumar Pona,20.0,Goalkeeper,Goalkeeper,Angers Sporting Club de l'Ouest,Ligue 1,200000.0,0.2,0.0,0.0,0.0,180.0,2.0,0.0,<5jt
1073748,Kacper Potulski,19.0,Defender,Centre-Back,1. Fußball- und Sportverein Mainz 05,Bundesliga,18000000.0,18.0,1.0,1.0,2.0,1060.0,15.0,0.1111111111111111,10-20jt
1073997,Shio Fukuda,22.0,Attack,Centre-Forward,Borussia Verein für Leibesübungen 1900 Mönchengladbach,Bundesliga,800000.0,0.8,1.0,0.0,1.0,55.0,6.0,1.25,<5jt
1074526,Viggo Gebel,19.0,Midfield,Attacking Midfield,RasenBallsport Leipzig,Bundesliga,350000.0,0.35,0.0,0.0,0.0,20.0,4.0,0.0,<5jt
1074628,Arthur Avom,22.0,Midfield,Central Midfield,Football Club Lorient-Bretagne Sud,Ligue 1,20000000.0,20.0,2.0,1.0,3.0,2115.0,31.0,0.15,10-20jt
1074990,Luca Reggiani,18.0,Defender,Centre-Back,Borussia Dortmund,Bundesliga,10000000.0,10.0,1.0,0.0,1.0,603.0,9.0,0.1,5-10jt
1075147,Lennart Karl,18.0,Midfield,Attacking Midfield,FC Bayern München,Bundesliga,60000000.0,60.0,9.0,8.0,17.0,1949.0,39.0,0.2833333333333333,>40jt
1075574,Amidou Doumbouya,19.0,Defender,Centre-Back,Olympique Gymnaste Club Nice Côte d'Azur,Ligue 1,200000.0,0.2,0.0,0.0,0.0,44.0,2.0,0.0,<5jt
1075575,Marius Courcoul,19.0,Midfield,Defensive Midfield,Angers Sporting Club de l'Ouest,Ligue 1,2500000.0,2.5,0.0,0.0,0.0,668.0,26.0,0.0,<5jt
1075583,Seny Koumbassa,19.0,Defender,Centre-Back,Toulouse Football Club,Ligue 1,5000000.0,5.0,1.0,0.0,1.0,441.0,9.0,0.2,<5jt
1075589,Enzo Sternal,19.0,Midfield,Attacking Midfield,Olympique de Marseille,Ligue 1,1000000.0,1.0,0.0,0.0,0.0,22.0,2.0,0.0,<5jt
1076815,Javi Rodríguez,23.0,Defender,Centre-Back,Real Club Celta de Vigo S. A. D.,LaLiga,18000000.0,18.0,3.0,5.0,8.0,6416.0,86.0,0.4444444444444444,10-20jt
1077175,Honest Ahanor,18.0,Defender,Centre-Back,Atalanta Bergamasca Calcio S.p.a.,Serie A,30000000.0,30.0,1.0,1.0,2.0,2172.0,41.0,0.06666666666666667,20-40jt
1077670,Axel Tape,19.0,Defender,Centre-Back,Bayer 04 Leverkusen Fußball,Bundesliga,8000000.0,8.0,0.0,0.0,0.0,468.0,10.0,0.0,5-10jt
1078163,Ayden Heaven,20.0,Defender,Centre-Back,Manchester United Football Club,Premier League,30000000.0,30.0,0.0,1.0,1.0,1278.0,24.0,0.03333333333333333,20-40jt
1078326,Noah Edjouma,21.0,Attack,Right Winger,Lille Olympique Sporting Club,Ligue 1,5000000.0,5.0,2.0,0.0,2.0,538.0,27.0,0.4,<5jt
1081219,Othmane Maamma,21.0,Attack,Right Winger,Montpellier HSC,Ligue 1,300000.0,0.3,1.0,1.0,2.0,327.0,12.0,6.666666666666667,<5jt
1081496,Pablo Agudín,19.0,Midfield,Attacking Midfield,Real Oviedo S.A.D.,LaLiga,1000000.0,1.0,0.0,0.0,0.0,148.0,8.0,0.0,<5jt
1081995,Mohamadou Kanté,21.0,Midfield,Defensive Midfield,West Ham United Football Club,Premier League,1000000.0,1.0,0.0,0.0,0.0,262.0,14.0,0.0,<5jt
1082581,Pedro Felipe,22.0,Defender,Centre-Back,Unione Sportiva Sassuolo Calcio,Serie A,1500000.0,1.5,0.0,1.0,1.0,127.0,3.0,0.6666666666666666,<5jt
1082774,Amorim,21.0,Midfield,Central Midfield,Genoa Cricket and Football Club,Serie A,8000000.0,8.0,2.0,0.0,2.0,2219.0,31.0,0.25,5-10jt
1083069,Isaac,22.0,Attack,Centre-Forward,Verona Hellas Football Club,Serie A,700000.0,0.7,3.0,1.0,4.0,1336.0,31.0,5.714285714285714,<5jt
1084638,Karim Coulibaly,19.0,Defender,Centre-Back,Sportverein Werder Bremen von 1899,Bundesliga,28000000.0,28.0,1.0,0.0,1.0,2122.0,27.0,0.03571428571428571,20-40jt
1086258,Souza,20.0,Defender,Left-Back,Tottenham Hotspur Football Club,Premier League,12000000.0,12.0,0.0,0.0,0.0,144.0,4.0,0.0,10-20jt
1086619,Giovanni Leoni,20.0,Defender,Centre-Back,Liverpool Football Club,Premier League,25000000.0,25.0,1.0,0.0,1.0,1286.0,18.0,0.04,20-40jt
1088110,Anthony Bermont,21.0,Attack,Left Winger,Racing Club de Lens,Ligue 1,1000000.0,1.0,0.0,0.0,0.0,95.0,10.0,0.0,<5jt
1088199,Arsène Kouassi,22.0,Defender,Left-Back,Football Club Lorient-Bretagne Sud,Ligue 1,15000000.0,15.0,2.0,8.0,10.0,2612.0,31.0,0.6666666666666666,10-20jt
1089202,Moïse Bombito,26.0,Defender,Centre-Back,Olympique Gymnaste Club Nice Côte d'Azur,Ligue 1,7000000.0,7.0,0.0,0.0,0.0,2881.0,35.0,0.0,5-10jt
1089802,Remy Rees-Dottin,20.0,Attack,Centre-Forward,Association Football Club Bournemouth,Premier League,300000.0,0.3,0.0,0.0,0.0,2.0,2.0,0.0,<5jt
1091353,Telli Siwe,22.0,Defender,Centre-Back,Association de la Jeunesse auxerroise,Ligue 1,1000000.0,1.0,0.0,0.0,0.0,315.0,4.0,0.0,<5jt
1091562,Romelle Donovan,20.0,Attack,Right Winger,Brentford Football Club,Premier League,3500000.0,3.5,0.0,2.0,2.0,282.0,9.0,0.5714285714285714,<5jt
1093482,Nicolas Pays,23.0,Attack,Right Winger,Montpellier HSC,Ligue 1,700000.0,0.7,0.0,0.0,0.0,445.0,9.0,0.0,<5jt
1096744,Lanroy Machine,21.0,Attack,Centre-Forward,Angers Sporting Club de l'Ouest,Ligue 1,1500000.0,1.5,1.0,0.0,1.0,512.0,24.0,0.6666666666666666,<5jt
1097113,Kaïl Boudache,20.0,Attack,Right Winger,Olympique Gymnaste Club Nice Côte d'Azur,Ligue 1,5000000.0,5.0,1.0,0.0,1.0,587.0,15.0,0.2,<5jt
1097139,Ayyoub Bouaddi,19.0,Midfield,Central Midfield,Lille Olympique Sporting Club,Ligue 1,50000000.0,50.0,0.0,3.0,3.0,4765.0,73.0,0.06,>40jt
1099860,Cléo Mélières,21.0,Defender,Right-Back,Football Club de Metz,Ligue 1,200000.0,0.2,0.0,0.0,0.0,30.0,2.0,0.0,<5jt
1099924,Yael Trepy,20.0,Attack,Centre-Forward,Cagliari Calcio,Serie A,2000000.0,2.0,1.0,0.0,1.0,83.0,8.0,0.5,<5jt
1101641,Justin Kalumba,22.0,Attack,Right Winger,Real Club Deportivo Mallorca S.A.D.,LaLiga,800000.0,0.8,0.0,0.0,0.0,333.0,9.0,0.0,<5jt
1103652,Marius Louër,19.0,Defender,Right-Back,Angers Sporting Club de l'Ouest,Ligue 1,2000000.0,2.0,0.0,0.0,0.0,541.0,9.0,0.0,<5jt
1103958,Prosper Peter,19.0,Attack,Centre-Forward,Angers Sporting Club de l'Ouest,Ligue 1,15000000.0,15.0,5.0,0.0,5.0,1291.0,31.0,0.3333333333333333,10-20jt
1104206,Agustín Albarracín,21.0,Attack,Left Winger,Cagliari Calcio,Serie A,2300000.0,2.3,0.0,0.0,0.0,31.0,2.0,0.0,<5jt
1106860,Enzo Molebe,19.0,Attack,Centre-Forward,Olympique Lyonnais,Ligue 1,200000.0,0.2,0.0,0.0,0.0,8.0,1.0,0.0,<5jt
1107265,Ime Okon,22.0,Defender,Centre-Back,Hannover 96,Bundesliga,2000000.0,2.0,0.0,0.0,0.0,90.0,1.0,0.0,<5jt
1107726,Ezra Mayers,19.0,Defender,Centre-Back,West Ham United Football Club,Premier League,2000000.0,2.0,0.0,1.0,1.0,398.0,10.0,0.5,<5jt
1107733,Harrison Armstrong,19.0,Midfield,Central Midfield,Everton Football Club,Premier League,12000000.0,12.0,0.0,3.0,3.0,858.0,20.0,0.25,10-20jt
1108049,Amara Nallo,20.0,Defender,Centre-Back,Liverpool Football Club,Premier League,1000000.0,1.0,0.0,0.0,0.0,4.0,1.0,0.0,<5jt
1108203,Min-su Kim,20.0,Attack,Left Winger,Girona Fútbol Club S. A. D.,LaLiga,2000000.0,2.0,0.0,0.0,0.0,187.0,6.0,0.0,<5jt
1108466,Rio Ngumoha,18.0,Attack,Left Winger,Liverpool Football Club,Premier League,30000000.0,30.0,2.0,1.0,3.0,1024.0,30.0,0.1,20-40jt
1108478,Alejandro Gomes Rodríguez,18.0,Attack,Centre-Forward,Olympique Lyonnais,Ligue 1,150000.0,0.15,0.0,0.0,0.0,19.0,1.0,0.0,<5jt
1110406,Ibrahim Osman,22.0,Attack,Left Winger,Brighton and Hove Albion Football Club,Premier League,7000000.0,7.0,4.0,5.0,9.0,2007.0,47.0,1.2857142857142858,5-10jt
1111589,El Hadji Malick Diouf,22.0,Defender,Left-Back,West Ham United Football Club,Premier League,28000000.0,28.0,0.0,6.0,6.0,4261.0,51.0,0.21428571428571427,20-40jt
1111777,Sadibou Sané,22.0,Defender,Centre-Back,Football Club de Metz,Ligue 1,7000000.0,7.0,2.0,1.0,3.0,1941.0,23.0,0.42857142857142855,5-10jt
1111820,Junior Ajayi,22.0,Attack,Centre-Forward,Verona Hellas Football Club,Serie A,300000.0,0.3,0.0,0.0,0.0,81.0,4.0,0.0,<5jt
1112449,Tiago Gabriel,22.0,Defender,Centre-Back,Unione Sportiva Lecce,Serie A,15000000.0,15.0,3.0,0.0,3.0,4475.0,52.0,0.2,10-20jt
1113451,Kojo Peprah Oppong,22.0,Defender,Centre-Back,Olympique Gymnaste Club Nice Côte d'Azur,Ligue 1,10000000.0,10.0,1.0,0.0,1.0,2925.0,36.0,0.1,5-10jt
1114155,Patrice Covic,19.0,Midfield,Attacking Midfield,Sportverein Werder Bremen von 1899,Bundesliga,4000000.0,4.0,1.0,0.0,1.0,413.0,16.0,0.25,<5jt
1116191,Luis Engelns,19.0,Midfield,Defensive Midfield,Turn- und Sportgemeinschaft 1899 Hoffenheim Fußball-Spielbetriebs,Bundesliga,4000000.0,4.0,0.0,0.0,0.0,169.0,2.0,0.0,<5jt
1117771,Ange Lago,22.0,Attack,Centre-Forward,Olympique de Marseille,Ligue 1,100000.0,0.1,0.0,0.0,0.0,48.0,2.0,0.0,<5jt
1118293,Fynn Schenten,19.0,Attack,Centre-Forward,1. Fußball-Club Köln,Bundesliga,1000000.0,1.0,0.0,0.0,0.0,97.0,7.0,0.0,<5jt
1118347,Juan Arizala,21.0,Midfield,Left Midfield,Udinese Calcio,Serie A,3500000.0,3.5,0.0,0.0,0.0,183.0,10.0,0.0,<5jt
1118495,David Santos Daiber,19.0,Midfield,Defensive Midfield,FC Bayern München,Bundesliga,3000000.0,3.0,0.0,0.0,0.0,27.0,2.0,0.0,<5jt
1119391,Steeve Kango,20.0,Defender,Right-Back,Olympique Lyonnais,Ligue 1,1000000.0,1.0,0.0,0.0,0.0,252.0,6.0,0.0,<5jt
1119453,Herba Guirassy,20.0,Attack,Left Winger,Football Club de Nantes,Ligue 1,7000000.0,7.0,4.0,1.0,5.0,1156.0,39.0,0.7142857142857143,5-10jt
1119456,Louis Leroux,20.0,Midfield,Attacking Midfield,Football Club de Nantes,Ligue 1,10000000.0,10.0,3.0,2.0,5.0,2257.0,39.0,0.5,5-10jt
1119880,Daren Mosengo,20.0,Midfield,Defensive Midfield,Le Havre Athletic Club,Ligue 1,300000.0,0.3,0.0,0.0,0.0,103.0,7.0,0.0,<5jt
1119881,Enzo Koffi,20.0,Defender,Left-Back,Le Havre Athletic Club,Ligue 1,1800000.0,1.8,0.0,0.0,0.0,380.0,14.0,0.0,<5jt
1121298,Juma Bah,20.0,Defender,Centre-Back,Olympique Gymnaste Club Nice Côte d'Azur,Ligue 1,10000000.0,10.0,0.0,0.0,0.0,4299.0,57.0,0.0,5-10jt
1124005,Christantus Uche,23.0,Attack,Centre-Forward,Crystal Palace Football Club,Premier League,12000000.0,12.0,5.0,9.0,14.0,3419.0,59.0,1.1666666666666667,10-20jt
1124136,Ángel Pérez,24.0,Attack,Right Winger,Deportivo Alavés S. A. D.,LaLiga,3000000.0,3.0,3.0,4.0,7.0,1415.0,20.0,2.3333333333333335,<5jt
1125079,Shafiq Nandja,19.0,Defender,Centre-Back,Hamburger Sport Verein,Bundesliga,500000.0,0.5,0.0,0.0,0.0,14.0,2.0,0.0,<5jt
1127730,Thiago Fernández,22.0,Attack,Left Winger,Real Oviedo S.A.D.,LaLiga,4500000.0,4.5,0.0,4.0,4.0,822.0,16.0,0.8888888888888888,<5jt
1129175,Raúl Martínez,24.0,Midfield,Central Midfield,Girona Fútbol Club S. A. D.,LaLiga,25000.0,0.025,0.0,0.0,0.0,20.0,1.0,0.0,<5jt
1129198,Eivind Helland,21.0,Defender,Centre-Back,Bologna Football Club 1909,Serie A,8000000.0,8.0,0.0,1.0,1.0,1506.0,19.0,0.125,5-10jt
1130445,Abdoul Koné,21.0,Defender,Centre-Back,Stade Reims,Ligue 1,5000000.0,5.0,0.0,0.0,0.0,131.0,4.0,0.0,<5jt
1130514,Samir El Mourabet,21.0,Midfield,Central Midfield,Racing Club de Strasbourg Alsace,Ligue 1,22000000.0,22.0,1.0,3.0,4.0,2137.0,33.0,0.18181818181818182,20-40jt
1131161,Robinio Vaz,19.0,Attack,Centre-Forward,Associazione Sportiva Roma,Serie A,18000000.0,18.0,5.0,5.0,10.0,790.0,34.0,0.5555555555555556,10-20jt
1133733,Yaya Diémé,19.0,Attack,Right Winger,Racing Club de Strasbourg Alsace,Ligue 1,300000.0,0.3,0.0,1.0,1.0,155.0,3.0,3.3333333333333335,<5jt
1133929,Harouna Djibirin,20.0,Attack,Right Winger,Angers Sporting Club de l'Ouest,Ligue 1,1500000.0,1.5,2.0,1.0,3.0,323.0,15.0,2.0,<5jt
1134251,Abdelhamid Ait Boudlal,20.0,Defender,Centre-Back,Stade Rennais Football Club,Ligue 1,12000000.0,12.0,2.0,1.0,3.0,1402.0,20.0,0.25,10-20jt
1134304,Joseph Liteta,20.0,Midfield,Central Midfield,Cagliari Calcio,Serie A,3500000.0,3.5,0.0,0.0,0.0,266.0,4.0,0.0,<5jt
1134878,Diego Martín,23.0,Defender,Left-Back,UD Las Palmas,LaLiga,25000.0,0.025,0.0,0.0,0.0,38.0,2.0,0.0,<5jt
1137808,Hiroki Sekine,24.0,Defender,Right-Back,Stade Reims,Ligue 1,1200000.0,1.2,0.0,0.0,0.0,884.0,15.0,0.0,<5jt
1141628,Yunus Konak,20.0,Midfield,Defensive Midfield,Brentford Football Club,Premier League,3500000.0,3.5,0.0,0.0,0.0,41.0,13.0,0.0,<5jt
1144627,Kento Shiogai,21.0,Attack,Centre-Forward,Verein für Leibesübungen Wolfsburg,Bundesliga,8000000.0,8.0,15.0,1.0,16.0,1509.0,53.0,2.0,5-10jt
1144700,Matías Moreno,23.0,Defender,Centre-Back,Levante Unión Deportiva S.A.D.,LaLiga,6000000.0,6.0,0.0,0.0,0.0,2425.0,33.0,0.0,5-10jt
1144999,Luck Zogbé,21.0,Defender,Right-Back,Stade brestois 29,Ligue 1,1200000.0,1.2,0.0,0.0,0.0,1011.0,23.0,0.0,<5jt
1145064,Cyriaque Irié,21.0,Attack,Right Winger,Sport-Club Freiburg,Bundesliga,8000000.0,8.0,0.0,0.0,0.0,410.0,15.0,0.0,5-10jt
1145504,Aarón Anselmino,21.0,Defender,Centre-Back,Racing Club de Strasbourg Alsace,Ligue 1,10000000.0,10.0,1.0,1.0,2.0,603.0,14.0,0.2,5-10jt
1145570,Husseyn Chakroun,22.0,Attack,Left Winger,Hannover 96,Bundesliga,1800000.0,1.8,0.0,0.0,0.0,90.0,1.0,0.0,<5jt
1146029,Juanma Herzog,22.0,Defender,Centre-Back,UD Las Palmas,LaLiga,1000000.0,1.0,1.0,0.0,1.0,1584.0,22.0,1.0,<5jt
1150105,Pharell Hensel,19.0,Midfield,Central Midfield,Verein für Leibesübungen Wolfsburg,Bundesliga,3000000.0,3.0,0.0,0.0,0.0,69.0,5.0,0.0,<5jt
1151929,Gessime Yassine,21.0,Attack,Right Winger,Racing Club de Strasbourg Alsace,Ligue 1,12000000.0,12.0,0.0,2.0,2.0,510.0,12.0,0.16666666666666666,10-20jt
1153105,Yassir Zabiri,21.0,Attack,Centre-Forward,Stade Rennais Football Club,Ligue 1,9000000.0,9.0,5.0,0.0,5.0,756.0,23.0,0.5555555555555556,5-10jt
1153628,Yannik Wagner,19.0,Attack,Left Winger,1. Fußballclub Heidenheim 1846,Bundesliga,800000.0,0.8,0.0,0.0,0.0,53.0,5.0,0.0,<5jt
1154106,Eba Bekir Is,18.0,Midfield,Defensive Midfield,Eintracht Frankfurt Fußball AG,Bundesliga,500000.0,0.5,0.0,0.0,0.0,6.0,1.0,0.0,<5jt
1155608,Amady Camara,21.0,Attack,Centre-Forward,Football Club de Nantes,Ligue 1,900000.0,0.9,0.0,0.0,0.0,293.0,14.0,0.0,<5jt
1159439,Rouven Tarnutzer,19.0,Midfield,Central Midfield,Sport-Club Freiburg,Bundesliga,400000.0,0.4,0.0,0.0,0.0,6.0,1.0,0.0,<5jt
1159864,Mariano Troilo,23.0,Defender,Centre-Back,Parma Calcio 1913,Serie A,10000000.0,10.0,1.0,0.0,1.0,1808.0,23.0,0.1,5-10jt
1160813,Kembo Diliwidi,20.0,Attack,Left Winger,Racing Club de Lens,Ligue 1,300000.0,0.3,0.0,0.0,0.0,3.0,1.0,0.0,<5jt
1160814,Rayan Fofana,20.0,Attack,Centre-Forward,Racing Club de Lens,Ligue 1,8000000.0,8.0,5.0,1.0,6.0,809.0,27.0,0.75,5-10jt
1162654,Noam Obougou,20.0,Attack,Centre-Forward,Le Havre Athletic Club,Ligue 1,1000000.0,1.0,1.0,0.0,1.0,99.0,5.0,1.0,<5jt
1164331,Ismael Bekhoucha,22.0,Defender,Right-Back,Getafe Club de Fútbol S. A. D. Team Dubai,LaLiga,300000.0,0.3,0.0,2.0,2.0,264.0,11.0,6.666666666666667,<5jt
1166473,Raphaël Le Guen,20.0,Defender,Centre-Back,Stade brestois 29,Ligue 1,800000.0,0.8,0.0,0.0,0.0,373.0,6.0,0.0,<5jt
1168219,Said El Mala,20.0,Attack,Left Winger,1. Fußball-Club Köln,Bundesliga,45000000.0,45.0,13.0,5.0,18.0,2038.0,36.0,0.4,>40jt
1169436,Vladyslav Krapyvtsov,21.0,Goalkeeper,Goalkeeper,Girona Fútbol Club S. A. D.,LaLiga,300000.0,0.3,0.0,0.0,0.0,437.0,5.0,0.0,<5jt
1170286,Darryl Bakola,19.0,Midfield,Attacking Midfield,Unione Sportiva Sassuolo Calcio,Serie A,8000000.0,8.0,0.0,2.0,2.0,266.0,17.0,0.25,5-10jt
1174032,Tidiane Devernois,19.0,Midfield,Central Midfield,Association de la Jeunesse auxerroise,Ligue 1,300000.0,0.3,0.0,0.0,0.0,8.0,2.0,0.0,<5jt
1175410,Matías Pérez,21.0,Defender,Centre-Back,Unione Sportiva Lecce,Serie A,500000.0,0.5,0.0,0.0,0.0,32.0,1.0,0.0,<5jt
1176215,Bahmed Deuff,20.0,Midfield,Defensive Midfield,Football Club de Nantes,Ligue 1,1200000.0,1.2,0.0,0.0,0.0,241.0,11.0,0.0,<5jt
1176271,Erawan Garnier,20.0,Attack,Right Winger,Racing Club de Lens,Ligue 1,200000.0,0.2,0.0,0.0,0.0,6.0,1.0,0.0,<5jt
1176345,Mahamadou Nagida,21.0,Defender,Left-Back,Stade Rennais Football Club,Ligue 1,7000000.0,7.0,2.0,1.0,3.0,1466.0,35.0,0.42857142857142855,5-10jt
1178488,Idrissa Gueye,20.0,Attack,Centre-Forward,Udinese Calcio,Serie A,8000000.0,8.0,1.0,0.0,1.0,575.0,24.0,0.125,5-10jt
1178489,Alpha Touré,20.0,Midfield,Defensive Midfield,Football Club de Metz,Ligue 1,5000000.0,5.0,0.0,1.0,1.0,1602.0,30.0,0.2,<5jt
1178695,Kenny Quetant,20.0,Attack,Centre-Forward,Le Havre Athletic Club,Ligue 1,3000000.0,3.0,1.0,0.0,1.0,373.0,9.0,0.3333333333333333,<5jt
1178758,Malick Yalcouyé,21.0,Midfield,Central Midfield,Brighton and Hove Albion Football Club,Premier League,12000000.0,12.0,0.0,0.0,0.0,773.0,11.0,0.0,10-20jt
1180809,Iliesse Salhi,19.0,Defender,Left-Back,Olympique Gymnaste Club Nice Côte d'Azur,Ligue 1,50000.0,0.05,0.0,0.0,0.0,21.0,1.0,0.0,<5jt
1182738,Abdoulaye Faye,22.0,Defender,Centre-Back,Football Club Lorient-Bretagne Sud,Ligue 1,4500000.0,4.5,0.0,0.0,0.0,1446.0,17.0,0.0,<5jt
1183575,Pape Diong,20.0,Midfield,Defensive Midfield,Racing Club de Strasbourg Alsace,Ligue 1,1000000.0,1.0,1.0,0.0,1.0,75.0,9.0,1.0,<5jt
1184007,Soriba Diaoune,19.0,Attack,Left Winger,Lille Olympique Sporting Club,Ligue 1,4000000.0,4.0,1.0,2.0,3.0,239.0,15.0,0.75,<5jt
1184986,Love Arrhov,18.0,Midfield,Attacking Midfield,Eintracht Frankfurt Fußball AG,Bundesliga,5000000.0,5.0,0.0,0.0,0.0,62.0,5.0,0.0,<5jt
1185888,Ibrahim Mbaye,18.0,Attack,Right Winger,Paris Saint-Germain Football Club,Ligue 1,30000000.0,30.0,5.0,6.0,11.0,1643.0,46.0,0.36666666666666664,20-40jt
1186235,Jorge Cestero,20.0,Midfield,Central Midfield,Real Madrid Club de Fútbol,LaLiga,7500000.0,7.5,0.0,0.0,0.0,114.0,5.0,0.0,5-10jt
1186789,Kyllian Antonio,18.0,Defender,Centre-Back,Racing Club de Lens,Ligue 1,3000000.0,3.0,0.0,1.0,1.0,328.0,7.0,0.3333333333333333,<5jt
1187629,Max Dowman,16.0,Attack,Right Winger,Arsenal Football Club,Premier League,30000000.0,30.0,1.0,1.0,2.0,477.0,13.0,0.06666666666666667,20-40jt
1187942,Khalis Merah,19.0,Midfield,Central Midfield,Olympique Lyonnais,Ligue 1,15000000.0,15.0,1.0,2.0,3.0,1541.0,30.0,0.2,10-20jt
1190411,Jesús Rodríguez,21.0,Attack,Left Winger,Calcio Como,Serie A,30000000.0,30.0,6.0,12.0,18.0,3268.0,60.0,0.6,20-40jt
1191444,Dayann Methalie,20.0,Defender,Left-Back,Toulouse Football Club,Ligue 1,18000000.0,18.0,2.0,2.0,4.0,1884.0,27.0,0.2222222222222222,10-20jt
1191473,Everton,19.0,Midfield,Defensive Midfield,Olympique Gymnaste Club Nice Côte d'Azur,Ligue 1,2000000.0,2.0,0.0,0.0,0.0,235.0,5.0,0.0,<5jt
1191520,Nils Zätterström,21.0,Defender,Centre-Back,Genoa Cricket and Football Club,Serie A,3500000.0,3.5,1.0,1.0,2.0,1168.0,15.0,0.5714285714285714,<5jt
1193867,Pedro Lima,20.0,Defender,Right-Back,Wolverhampton Wanderers Football Club,Premier League,4000000.0,4.0,0.0,1.0,1.0,426.0,15.0,0.25,<5jt
1200289,Hamidou Makalou,20.0,Midfield,Defensive Midfield,Stade brestois 29,Ligue 1,1000000.0,1.0,0.0,0.0,0.0,357.0,21.0,0.0,<5jt
1200419,Djylian N'Guessan,18.0,Attack,Centre-Forward,AS Saint-Étienne,Ligue 1,2000000.0,2.0,0.0,0.0,0.0,178.0,8.0,0.0,<5jt
1200423,Rémi Himbert,18.0,Attack,Left Winger,Olympique Lyonnais,Ligue 1,10000000.0,10.0,2.0,0.0,2.0,235.0,9.0,0.2,5-10jt
1200427,Alexis Vossah,18.0,Midfield,Central Midfield,Toulouse Football Club,Ligue 1,15000000.0,15.0,1.0,1.0,2.0,1093.0,23.0,0.13333333333333333,10-20jt
1208968,Djibril Coulibaly,18.0,Midfield,Central Midfield,Olympique Gymnaste Club Nice Côte d'Azur,Ligue 1,1000000.0,1.0,0.0,0.0,0.0,117.0,4.0,0.0,<5jt
1210116,Abdoulaye Camara,18.0,Midfield,Defensive Midfield,Udinese Calcio,Serie A,1500000.0,1.5,0.0,0.0,0.0,11.0,1.0,0.0,<5jt
1210422,Aboubacar Bassinga,21.0,Midfield,Central Midfield,UD Las Palmas,LaLiga,200000.0,0.2,0.0,0.0,0.0,93.0,2.0,0.0,<5jt
1213681,Alexander Røssing-Lelesiit,19.0,Attack,Left Winger,Hamburger Sport Verein,Bundesliga,5000000.0,5.0,0.0,1.0,1.0,491.0,14.0,0.2,<5jt
1227106,Elías Legendre Quiñónez,18.0,Attack,Right Winger,Stade Rennais Football Club,Ligue 1,1500000.0,1.5,0.0,0.0,0.0,41.0,6.0,0.0,<5jt
1228231,Juan Rodríguez,21.0,Defender,Centre-Back,Cagliari Calcio,Serie A,10000000.0,10.0,1.0,0.0,1.0,1375.0,18.0,0.1,5-10jt
1228317,Stephan Zagadou,18.0,Defender,Centre-Back,Le Havre Athletic Club,Ligue 1,4000000.0,4.0,1.0,0.0,1.0,498.0,8.0,0.25,<5jt
1228320,Pape Sissoko,21.0,Attack,Centre-Forward,Stade Reims,Ligue 1,100000.0,0.1,0.0,0.0,0.0,44.0,4.0,0.0,<5jt
1230201,Sixtus Ogbuehi,23.0,Attack,Centre-Forward,Club Atlético Osasuna,LaLiga,200000.0,0.2,0.0,0.0,0.0,84.0,1.0,0.0,<5jt
1230661,Mateus Mané,19.0,Midfield,Attacking Midfield,Wolverhampton Wanderers Football Club,Premier League,20000000.0,20.0,3.0,2.0,5.0,2000.0,31.0,0.25,10-20jt
1231993,Adrian Lahdo,19.0,Midfield,Central Midfield,Calcio Como,Serie A,10000000.0,10.0,0.0,0.0,0.0,68.0,2.0,0.0,5-10jt
1232057,Paco Cortés,19.0,Attack,Left Winger,Levante Unión Deportiva S.A.D.,LaLiga,1500000.0,1.5,1.0,0.0,1.0,714.0,15.0,0.6666666666666666,<5jt
1234988,Julián Vignolo,20.0,Attack,Centre-Forward,Toulouse Football Club,Ligue 1,1500000.0,1.5,2.0,0.0,2.0,184.0,13.0,1.3333333333333333,<5jt
1237306,Hafiz Umar Ibrahim,21.0,Attack,Centre-Forward,Stade Reims,Ligue 1,800000.0,0.8,0.0,1.0,1.0,386.0,11.0,1.25,<5jt
1237907,Saliou Diop,21.0,Attack,Centre-Forward,Stade brestois 29,Ligue 1,50000.0,0.05,0.0,0.0,0.0,13.0,4.0,0.0,<5jt
1241207,Tylel Tati,18.0,Defender,Centre-Back,Football Club de Nantes,Ligue 1,25000000.0,25.0,0.0,0.0,0.0,1724.0,20.0,0.0,20-40jt
1241211,Rudy Matondo,18.0,Midfield,Central Midfield,Paris Football Club,Ligue 1,20000000.0,20.0,2.0,0.0,2.0,1414.0,32.0,0.1,10-20jt
1254786,Gabin Bernardeau,20.0,Midfield,Attacking Midfield,Olympique Gymnaste Club Nice Côte d'Azur,Ligue 1,1200000.0,1.2,0.0,0.0,0.0,110.0,5.0,0.0,<5jt
1255616,Alberto Risco,21.0,Midfield,Attacking Midfield,Getafe Club de Fútbol S. A. D. Team Dubai,LaLiga,200000.0,0.2,0.0,0.0,0.0,135.0,6.0,0.0,<5jt
1268764,Davinchi,19.0,Defender,Left-Back,Getafe Club de Fútbol S. A. D. Team Dubai,LaLiga,1000000.0,1.0,0.0,0.0,0.0,698.0,14.0,0.0,<5jt
1271065,Valentín Pezzolesi,19.0,Defender,Right-Back,UD Las Palmas,LaLiga,100000.0,0.1,0.0,1.0,1.0,95.0,2.0,10.0,<5jt
1275040,Noham Kamara,19.0,Defender,Centre-Back,Olympique Lyonnais,Ligue 1,3000000.0,3.0,0.0,0.0,0.0,81.0,4.0,0.0,<5jt
1280281,Abdoulie Ceesay,22.0,Attack,Centre-Forward,Fußball-Club St. Pauli von 1910,Bundesliga,1000000.0,1.0,6.0,3.0,9.0,793.0,37.0,9.0,<5jt
1294853,Louis Lemke,17.0,Defender,Left-Back,Hamburger Sport Verein,Bundesliga,300000.0,0.3,0.0,0.0,0.0,1.0,1.0,0.0,<5jt
1296876,Marc Domènech,20.0,Attack,Centre-Forward,Real Club Deportivo Mallorca S.A.D.,LaLiga,1000000.0,1.0,0.0,0.0,0.0,298.0,10.0,0.0,<5jt
1297673,Believe Munongo,17.0,Midfield,Central Midfield,Football Club de Metz,Ligue 1,10000000.0,10.0,0.0,0.0,0.0,428.0,11.0,0.0,5-10jt
1300966,Branimir Mlacic,19.0,Defender,Centre-Back,Udinese Calcio,Serie A,5000000.0,5.0,0.0,0.0,0.0,435.0,10.0,0.0,<5jt
1301775,Jan Virgili,20.0,Attack,Left Winger,Real Club Deportivo Mallorca S.A.D.,LaLiga,15000000.0,15.0,2.0,6.0,8.0,1824.0,34.0,0.5333333333333333,10-20jt
1305564,Jean Ives Valou,21.0,Defender,Centre-Back,Villarreal Club de Fútbol S.A.D.,LaLiga,300000.0,0.3,0.0,0.0,0.0,45.0,1.0,0.0,<5jt
1305792,Álvaro García Pascual,24.0,Attack,Centre-Forward,Sevilla Fútbol Club S.A.D.,LaLiga,1000000.0,1.0,1.0,0.0,1.0,431.0,9.0,1.0,<5jt
1307004,Nathan Mbala,18.0,Attack,Centre-Forward,Football Club de Metz,Ligue 1,4500000.0,4.5,2.0,2.0,4.0,435.0,13.0,0.8888888888888888,<5jt
1309324,Uchenna Ogundu,20.0,Attack,Centre-Forward,Fußball-Club Augsburg 1907,Bundesliga,4000000.0,4.0,2.0,3.0,5.0,1030.0,22.0,1.25,<5jt
1312698,Selton Sánchez,19.0,Midfield,Central Midfield,Athletic Club Bilbao,LaLiga,2800000.0,2.8,0.0,1.0,1.0,403.0,13.0,0.35714285714285715,<5jt
1315458,Fallou Cham,20.0,Defender,Right-Back,Verona Hellas Football Club,Serie A,1000000.0,1.0,0.0,0.0,0.0,407.0,8.0,0.0,<5jt
1322090,Jocelin Ta Bi,21.0,Attack,Right Winger,Sunderland Association Football Club,Premier League,2500000.0,2.5,0.0,0.0,0.0,48.0,2.0,0.0,<5jt
1331450,Hugo López,19.0,Attack,Left Winger,Villarreal Club de Fútbol S.A.D.,LaLiga,1000000.0,1.0,0.0,1.0,1.0,180.0,5.0,1.0,<5jt
1337084,Papa Ba,22.0,Attack,Right Winger,Girona Fútbol Club S. A. D.,LaLiga,50000.0,0.05,0.0,1.0,1.0,92.0,2.0,20.0,<5jt
1338984,Sergio Viera,21.0,Midfield,Attacking Midfield,UD Las Palmas,LaLiga,25000.0,0.025,0.0,0.0,0.0,112.0,3.0,0.0,<5jt
1364454,Christian Kofane,20.0,Attack,Centre-Forward,Bayer 04 Leverkusen Fußball,Bundesliga,40000000.0,40.0,7.0,9.0,16.0,1983.0,44.0,0.4,20-40jt
1365799,Arturo Rodríguez,20.0,Attack,Right Winger,UD Las Palmas,LaLiga,25000.0,0.025,0.0,0.0,0.0,20.0,1.0,0.0,<5jt
1367276,Ibrahim Alani,20.0,Midfield,Central Midfield,Real Valladolid CF,LaLiga,500000.0,0.5,0.0,0.0,0.0,159.0,3.0,0.0,<5jt
1371793,Paul Mendy,19.0,Attack,Centre-Forward,Cagliari Calcio,Serie A,7000000.0,7.0,2.0,0.0,2.0,330.0,9.0,0.2857142857142857,5-10jt
1371830,Nacho Pérez,18.0,Defender,Right-Back,Levante Unión Deportiva S.A.D.,LaLiga,300000.0,0.3,0.0,0.0,0.0,218.0,5.0,0.0,<5jt
1375227,Thiago Pitarch,19.0,Midfield,Central Midfield,Real Madrid Club de Fútbol,LaLiga,20000000.0,20.0,0.0,2.0,2.0,817.0,16.0,0.1,10-20jt
1378338,Linus Güther,16.0,Attack,Left Winger,1. Fußballclub Union Berlin,Bundesliga,1000000.0,1.0,0.0,0.0,0.0,6.0,1.0,0.0,<5jt
1380977,Samba Konaté,17.0,Attack,Centre-Forward,RasenBallsport Leipzig,Bundesliga,1000000.0,1.0,0.0,0.0,0.0,3.0,1.0,0.0,<5jt
1384911,Samu Becerra,20.0,Midfield,Central Midfield,Rayo Vallecano de Madrid S. A. D.,LaLiga,300000.0,0.3,0.0,0.0,0.0,99.0,5.0,0.0,<5jt
1390649,Yan Diomande,20.0,Attack,Left Winger,RasenBallsport Leipzig,Bundesliga,90000000.0,90.0,16.0,11.0,27.0,3618.0,51.0,0.3,>40jt
1411351,Josito González,20.0,Midfield,Attacking Midfield,UD Las Palmas,LaLiga,25000.0,0.025,0.0,0.0,0.0,10.0,1.0,0.0,<5jt
1453066,Carlos Macià,18.0,Midfield,Central Midfield,Villarreal Club de Fútbol S.A.D.,LaLiga,3000000.0,3.0,0.0,0.0,0.0,134.0,6.0,0.0,<5jt
1497653,Bara Sapoko Ndiaye,18.0,Midfield,Central Midfield,FC Bayern München,Bundesliga,4000000.0,4.0,0.0,0.0,0.0,142.0,4.0,0.0,<5jt
